nPro/build/deps/whisper-build/ggml/src/CMakeFiles/ggml-cpu.dir/ggml-cpu/amx/mmq.cpp.o
[21/546] Building CXX object /Users/runner/work/PTVisionPro/PTVisionPro/build/deps/whisper-build/ggml/src/CMakeFiles/ggml-cpu.dir/ggml-cpu/vec.cpp.o
[22/546] Building CXX object /Users/runner/work/PTVisionPro/PTVisionPro/build/deps/whisper-build/ggml/src/CMakeFiles/ggml-cpu.dir/ggml-cpu/binary-ops.cpp.o
[23/546] Building CXX object /Users/runner/work/PTVisionPro/PTVisionPro/build/deps/whisper-build/ggml/src/CMakeFiles/ggml-cpu.dir/ggml-cpu/unary-ops.cpp.o
[24/546] Building C object /Users/runner/work/PTVisionPro/PTVisionPro/build/deps/whisper-build/ggml/src/CMakeFiles/ggml-cpu.dir/ggml-cpu/arch/arm/quants.c.o
[25/546] Building CXX object /Users/runner/work/PTVisionPro/PTVisionPro/build/deps/whisper-build/ggml/src/CMakeFiles/ggml-cpu.dir/ggml-cpu/arch/arm/repack.cpp.o
[26/546] Building CXX object CMakeFiles/pt_bc7enc.dir/Users/runner/work/PTVisionPro/PTVisionPro/build/deps/bc7enc-src/bc7enc.cpp.o
[27/546] Building C object CMakeFiles/pt_vorbis.dir/Users/runner/work/PTVisionPro/PTVisionPro/build/deps/ogg-src/src/bitwise.c.o
[28/546] Building C object CMakeFiles/pt_vorbis.dir/Users/runner/work/PTVisionPro/PTVisionPro/build/deps/ogg-src/src/framing.c.o
[29/546] Building C object CMakeFiles/pt_vorbis.dir/Users/runner/work/PTVisionPro/PTVisionPro/build/deps/vorbis-src/lib/mdct.c.o
[30/546] Building C object CMakeFiles/pt_vorbis.dir/Users/runner/work/PTVisionPro/PTVisionPro/build/deps/vorbis-src/lib/smallft.c.o
[31/546] Building C object CMakeFiles/pt_vorbis.dir/Users/runner/work/PTVisionPro/PTVisionPro/build/deps/vorbis-src/lib/block.c.o
[32/546] Building C object CMakeFiles/pt_vorbis.dir/Users/runner/work/PTVisionPro/PTVisionPro/build/deps/vorbis-src/lib/envelope.c.o
[33/546] Building C object CMakeFiles/pt_vorbis.dir/Users/runner/work/PTVisionPro/PTVisionPro/build/deps/vorbis-src/lib/window.c.o
[34/546] Building C object CMakeFiles/pt_vorbis.dir/Users/runner/work/PTVisionPro/PTVisionPro/build/deps/vorbis-src/lib/lsp.c.o
[35/546] Building C object CMakeFiles/pt_vorbis.dir/Users/runner/work/PTVisionPro/PTVisionPro/build/deps/vorbis-src/lib/lpc.c.o
[36/546] Building C object CMakeFiles/pt_vorbis.dir/Users/runner/work/PTVisionPro/PTVisionPro/build/deps/vorbis-src/lib/analysis.c.o
[37/546] Building C object CMakeFiles/pt_vorbis.dir/Users/runner/work/PTVisionPro/PTVisionPro/build/deps/vorbis-src/lib/synthesis.c.o
[38/546] Building C object CMakeFiles/pt_vorbis.dir/Users/runner/work/PTVisionPro/PTVisionPro/build/deps/vorbis-src/lib/psy.c.o
[39/546] Building C object CMakeFiles/pt_vorbis.dir/Users/runner/work/PTVisionPro/PTVisionPro/build/deps/vorbis-src/lib/info.c.o
[40/546] Building C object CMakeFiles/pt_vorbis.dir/Users/runner/work/PTVisionPro/PTVisionPro/build/deps/vorbis-src/lib/floor1.c.o
[41/546] Building C object CMakeFiles/pt_vorbis.dir/Users/runner/work/PTVisionPro/PTVisionPro/build/deps/vorbis-src/lib/floor0.c.o
[42/546] Building C object CMakeFiles/pt_vorbis.dir/Users/runner/work/PTVisionPro/PTVisionPro/build/deps/vorbis-src/lib/res0.c.o
[43/546] Building C object CMakeFiles/pt_vorbis.dir/Users/runner/work/PTVisionPro/PTVisionPro/build/deps/vorbis-src/lib/mapping0.c.o
[44/546] Building C object CMakeFiles/pt_vorbis.dir/Users/runner/work/PTVisionPro/PTVisionPro/build/deps/vorbis-src/lib/registry.c.o
[45/546] Building C object CMakeFiles/pt_vorbis.dir/Users/runner/work/PTVisionPro/PTVisionPro/build/deps/vorbis-src/lib/codebook.c.o
[46/546] Building C object CMakeFiles/pt_vorbis.dir/Users/runner/work/PTVisionPro/PTVisionPro/build/deps/vorbis-src/lib/sharedbook.c.o
[47/546] Building C object CMakeFiles/pt_vorbis.dir/Users/runner/work/PTVisionPro/PTVisionPro/build/deps/vorbis-src/lib/lookup.c.o
[48/546] Building C object CMakeFiles/pt_vorbis.dir/Users/runner/work/PTVisionPro/PTVisionPro/build/deps/vorbis-src/lib/bitrate.c.o
[49/546] Building C object CMakeFiles/pt_vorbis.dir/_deps/ww2ogg/wwise_codebooks.c.o
[50/546] Building C object /Users/runner/work/PTVisionPro/PTVisionPro/build/deps/sdl3-build/CMakeFiles/SDL3-static.dir/src/SDL.c.o
[51/546] Building C object /Users/runner/work/PTVisionPro/PTVisionPro/build/deps/sdl3-build/CMakeFiles/SDL3-static.dir/src/SDL_assert.c.o
[52/546] Building C object /Users/runner/work/PTVisionPro/PTVisionPro/build/deps/sdl3-build/CMakeFiles/SDL3-static.dir/src/SDL_error.c.o
[53/546] Building CXX object /Users/runner/work/PTVisionPro/PTVisionPro/build/deps/whisper-build/ggml/src/CMakeFiles/ggml-cpu.dir/ggml-cpu/ops.cpp.o
[54/546] Building C object /Users/runner/work/PTVisionPro/PTVisionPro/build/deps/sdl3-build/CMakeFiles/SDL3-static.dir/src/SDL_guid.c.o
[55/546] Building C object /Users/runner/work/PTVisionPro/PTVisionPro/build/deps/sdl3-build/CMakeFiles/SDL3-static.dir/src/SDL_hints.c.o
[56/546] Building C object /Users/runner/work/PTVisionPro/PTVisionPro/build/deps/sdl3-build/CMakeFiles/SDL3-static.dir/src/SDL_hashtable.c.o
[57/546] Building C object /Users/runner/work/PTVisionPro/PTVisionPro/build/deps/sdl3-build/CMakeFiles/SDL3-static.dir/src/SDL_list.c.o
[58/546] Building C object /Users/runner/work/PTVisionPro/PTVisionPro/build/deps/sdl3-build/CMakeFiles/SDL3-static.dir/src/SDL_log.c.o
[59/546] Building C object /Users/runner/work/PTVisionPro/PTVisionPro/build/deps/sdl3-build/CMakeFiles/SDL3-static.dir/src/SDL_properties.c.o
[60/546] Building C object /Users/runner/work/PTVisionPro/PTVisionPro/build/deps/sdl3-build/CMakeFiles/SDL3-static.dir/src/atomic/SDL_atomic.c.o
[61/546] Building C object /Users/runner/work/PTVisionPro/PTVisionPro/build/deps/sdl3-build/CMakeFiles/SDL3-static.dir/src/SDL_utils.c.o
[62/546] Building C object /Users/runner/work/PTVisionPro/PTVisionPro/build/deps/sdl3-build/CMakeFiles/SDL3-static.dir/src/atomic/SDL_spinlock.c.o
[63/546] Building C object /Users/runner/work/PTVisionPro/PTVisionPro/build/deps/sdl3-build/CMakeFiles/SDL3-static.dir/src/audio/SDL_audio.c.o
[64/546] Building C object /Users/runner/work/PTVisionPro/PTVisionPro/build/deps/sdl3-build/CMakeFiles/SDL3-static.dir/src/audio/SDL_audiodev.c.o
[65/546] Building C object /Users/runner/work/PTVisionPro/PTVisionPro/build/deps/sdl3-build/CMakeFiles/SDL3-static.dir/src/audio/SDL_audioqueue.c.o
[66/546] Building C object /Users/runner/work/PTVisionPro/PTVisionPro/build/deps/sdl3-build/CMakeFiles/SDL3-static.dir/src/audio/SDL_audiocvt.c.o
[67/546] Building C object /Users/runner/work/PTVisionPro/PTVisionPro/build/deps/sdl3-build/CMakeFiles/SDL3-static.dir/src/audio/SDL_audioresample.c.o
[68/546] Building C object /Users/runner/work/PTVisionPro/PTVisionPro/build/deps/sdl3-build/CMakeFiles/SDL3-static.dir/src/audio/SDL_audiotypecvt.c.o
[69/546] Building C object /Users/runner/work/PTVisionPro/PTVisionPro/build/deps/sdl3-build/CMakeFiles/SDL3-static.dir/src/audio/SDL_mixer.c.o
[70/546] Building C object /Users/runner/work/PTVisionPro/PTVisionPro/build/deps/sdl3-build/CMakeFiles/SDL3-static.dir/src/audio/SDL_wave.c.o
[71/546] Building C object /Users/runner/work/PTVisionPro/PTVisionPro/build/deps/sdl3-build/CMakeFiles/SDL3-static.dir/src/camera/SDL_camera.c.o
[72/546] Building C object /Users/runner/work/PTVisionPro/PTVisionPro/build/deps/sdl3-build/CMakeFiles/SDL3-static.dir/src/core/SDL_core_unsupported.c.o
[73/546] Building C object /Users/runner/work/PTVisionPro/PTVisionPro/build/deps/sdl3-build/CMakeFiles/SDL3-static.dir/src/cpuinfo/SDL_cpuinfo.c.o
[74/546] Building C object /Users/runner/work/PTVisionPro/PTVisionPro/build/deps/sdl3-build/CMakeFiles/SDL3-static.dir/src/dynapi/SDL_dynapi.c.o
[75/546] Building C object /Users/runner/work/PTVisionPro/PTVisionPro/build/deps/sdl3-build/CMakeFiles/SDL3-static.dir/src/events/SDL_categories.c.o
[76/546] Building C object /Users/runner/work/PTVisionPro/PTVisionPro/build/deps/sdl3-build/CMakeFiles/SDL3-static.dir/src/events/SDL_clipboardevents.c.o
[77/546] Building C object /Users/runner/work/PTVisionPro/PTVisionPro/build/deps/sdl3-build/CMakeFiles/SDL3-static.dir/src/events/SDL_displayevents.c.o
[78/546] Building C object /Users/runner/work/PTVisionPro/PTVisionPro/build/deps/sdl3-build/CMakeFiles/SDL3-static.dir/src/events/SDL_dropevents.c.o
[79/546] Building C object /Users/runner/work/PTVisionPro/PTVisionPro/build/deps/sdl3-build/CMakeFiles/SDL3-static.dir/src/events/SDL_eventwatch.c.o
[80/546] Building C object /Users/runner/work/PTVisionPro/PTVisionPro/build/deps/sdl3-build/CMakeFiles/SDL3-static.dir/src/events/SDL_keyboard.c.o
[81/546] Building C object /Users/runner/work/PTVisionPro/PTVisionPro/build/deps/sdl3-build/CMakeFiles/SDL3-static.dir/src/events/SDL_events.c.o
[82/546] Building C object /Users/runner/work/PTVisionPro/PTVisionPro/build/deps/sdl3-build/CMakeFiles/SDL3-static.dir/src/events/SDL_keysym_to_keycode.c.o
[83/546] Building C object /Users/runner/work/PTVisionPro/PTVisionPro/build/deps/sdl3-build/CMakeFiles/SDL3-static.dir/src/events/SDL_keysym_to_scancode.c.o
[84/546] Building C object /Users/runner/work/PTVisionPro/PTVisionPro/build/deps/sdl3-build/CMakeFiles/SDL3-static.dir/src/events/SDL_keymap.c.o
[85/546] Building C object /Users/runner/work/PTVisionPro/PTVisionPro/build/deps/sdl3-build/CMakeFiles/SDL3-static.dir/src/events/SDL_pen.c.o
[86/546] Building C object /Users/runner/work/PTVisionPro/PTVisionPro/build/deps/sdl3-build/CMakeFiles/SDL3-static.dir/src/events/SDL_quit.c.o
[87/546] Building C object /Users/runner/work/PTVisionPro/PTVisionPro/build/deps/sdl3-build/CMakeFiles/SDL3-static.dir/src/events/SDL_scancode_tables.c.o
[88/546] Building C object /Users/runner/work/PTVisionPro/PTVisionPro/build/deps/sdl3-build/CMakeFiles/SDL3-static.dir/src/events/SDL_mouse.c.o
[89/546] Building C object /Users/runner/work/PTVisionPro/PTVisionPro/build/deps/sdl3-build/CMakeFiles/SDL3-static.dir/src/events/SDL_windowevents.c.o
[90/546] Building C object /Users/runner/work/PTVisionPro/PTVisionPro/build/deps/sdl3-build/CMakeFiles/SDL3-static.dir/src/events/SDL_touch.c.o
[91/546] Building C object /Users/runner/work/PTVisionPro/PTVisionPro/build/deps/sdl3-build/CMakeFiles/SDL3-static.dir/src/events/imKStoUCS.c.o
[92/546] Building C object /Users/runner/work/PTVisionPro/PTVisionPro/build/deps/sdl3-build/CMakeFiles/SDL3-static.dir/src/filesystem/SDL_filesystem.c.o
[93/546] Building C object /Users/runner/work/PTVisionPro/PTVisionPro/build/deps/sdl3-build/CMakeFiles/SDL3-static.dir/src/haptic/SDL_haptic.c.o
[94/546] Building C object /Users/runner/work/PTVisionPro/PTVisionPro/build/deps/sdl3-build/CMakeFiles/SDL3-static.dir/src/hidapi/SDL_hidapi.c.o
[95/546] Building C object /Users/runner/work/PTVisionPro/PTVisionPro/build/deps/sdl3-build/CMakeFiles/SDL3-static.dir/src/gpu/SDL_gpu.c.o
[96/546] Building C object /Users/runner/work/PTVisionPro/PTVisionPro/build/deps/sdl3-build/CMakeFiles/SDL3-static.dir/src/io/SDL_asyncio.c.o
[97/546] Building C object /Users/runner/work/PTVisionPro/PTVisionPro/build/deps/sdl3-build/CMakeFiles/SDL3-static.dir/src/io/generic/SDL_asyncio_generic.c.o
[98/546] Building C object /Users/runner/work/PTVisionPro/PTVisionPro/build/deps/sdl3-build/CMakeFiles/SDL3-static.dir/src/io/SDL_iostream.c.o
[99/546] Building C object /Users/runner/work/PTVisionPro/PTVisionPro/build/deps/sdl3-build/CMakeFiles/SDL3-static.dir/src/joystick/SDL_gamepad.c.o
[100/546] Building C object /Users/runner/work/PTVisionPro/PTVisionPro/build/deps/sdl3-build/CMakeFiles/SDL3-static.dir/src/joystick/SDL_joystick.c.o
[101/546] Building C object /Users/runner/work/PTVisionPro/PTVisionPro/build/deps/sdl3-build/CMakeFiles/SDL3-static.dir/src/joystick/SDL_steam_virtual_gamepad.c.o
[102/546] Building C object /Users/runner/work/PTVisionPro/PTVisionPro/build/deps/sdl3-build/CMakeFiles/SDL3-static.dir/src/joystick/controller_type.c.o
[103/546] Building C object /Users/runner/work/PTVisionPro/PTVisionPro/build/deps/sdl3-build/CMakeFiles/SDL3-static.dir/src/locale/SDL_locale.c.o
[104/546] Building C object /Users/runner/work/PTVisionPro/PTVisionPro/build/deps/sdl3-build/CMakeFiles/SDL3-static.dir/src/main/SDL_runapp.c.o
[105/546] Building C object /Users/runner/work/PTVisionPro/PTVisionPro/build/deps/sdl3-build/CMakeFiles/SDL3-static.dir/src/main/SDL_main_callbacks.c.o
[106/546] Building C object /Users/runner/work/PTVisionPro/PTVisionPro/build/deps/sdl3-build/CMakeFiles/SDL3-static.dir/src/misc/SDL_libusb.c.o
[107/546] Building C object /Users/runner/work/PTVisionPro/PTVisionPro/build/deps/sdl3-build/CMakeFiles/SDL3-static.dir/src/misc/SDL_url.c.o
[108/546] Building C object /Users/runner/work/PTVisionPro/PTVisionPro/build/deps/sdl3-build/CMakeFiles/SDL3-static.dir/src/power/SDL_power.c.o
[109/546] Building C object /Users/runner/work/PTVisionPro/PTVisionPro/build/deps/sdl3-build/CMakeFiles/SDL3-static.dir/src/render/SDL_render_unsupported.c.o
[110/546] Building C object /Users/runner/work/PTVisionPro/PTVisionPro/build/deps/sdl3-build/CMakeFiles/SDL3-static.dir/src/render/SDL_yuv_sw.c.o
[111/546] Building C object /Users/runner/work/PTVisionPro/PTVisionPro/build/deps/sdl3-build/CMakeFiles/SDL3-static.dir/src/render/direct3d/SDL_render_d3d.c.o
[112/546] Building C object /Users/runner/work/PTVisionPro/PTVisionPro/build/deps/sdl3-build/CMakeFiles/SDL3-static.dir/src/render/direct3d/SDL_shaders_d3d.c.o
[113/546] Building C object /Users/runner/work/PTVisionPro/PTVisionPro/build/deps/sdl3-build/CMakeFiles/SDL3-static.dir/src/render/direct3d11/SDL_render_d3d11.c.o
[114/546] Building C object /Users/runner/work/PTVisionPro/PTVisionPro/build/deps/sdl3-build/CMakeFiles/SDL3-static.dir/src/render/direct3d11/SDL_shaders_d3d11.c.o
[115/546] Building C object /Users/runner/work/PTVisionPro/PTVisionPro/build/deps/sdl3-build/CMakeFiles/SDL3-static.dir/src/render/direct3d12/SDL_render_d3d12.c.o
[116/546] Building C object /Users/runner/work/PTVisionPro/PTVisionPro/build/deps/sdl3-build/CMakeFiles/SDL3-static.dir/src/render/direct3d12/SDL_shaders_d3d12.c.o
[117/546] Building C object /Users/runner/work/PTVisionPro/PTVisionPro/build/deps/sdl3-build/CMakeFiles/SDL3-static.dir/src/render/gpu/SDL_pipeline_gpu.c.o
[118/546] Building C object /Users/runner/work/PTVisionPro/PTVisionPro/build/deps/sdl3-build/CMakeFiles/SDL3-static.dir/src/render/SDL_render.c.o
[119/546] Building C object /Users/runner/work/PTVisionPro/PTVisionPro/build/deps/sdl3-build/CMakeFiles/SDL3-static.dir/src/render/gpu/SDL_render_gpu.c.o
[120/546] Building C object /Users/runner/work/PTVisionPro/PTVisionPro/build/deps/sdl3-build/CMakeFiles/SDL3-static.dir/src/render/ngage/SDL_render_ngage.c.o
[121/546] Building C object /Users/runner/work/PTVisionPro/PTVisionPro/build/deps/sdl3-build/CMakeFiles/SDL3-static.dir/src/render/gpu/SDL_shaders_gpu.c.o
[122/546] Building C object /Users/runner/work/PTVisionPro/PTVisionPro/build/deps/sdl3-build/CMakeFiles/SDL3-static.dir/src/render/opengl/SDL_render_gl.c.o
[123/546] Building C object /Users/runner/work/PTVisionPro/PTVisionPro/build/deps/sdl3-build/CMakeFiles/SDL3-static.dir/src/render/opengl/SDL_shaders_gl.c.o
[124/546] Building C object /Users/runner/work/PTVisionPro/PTVisionPro/build/deps/sdl3-build/CMakeFiles/SDL3-static.dir/src/render/opengles2/SDL_shaders_gles2.c.o
[125/546] Building C object /Users/runner/work/PTVisionPro/PTVisionPro/build/deps/sdl3-build/CMakeFiles/SDL3-static.dir/src/render/opengles2/SDL_render_gles2.c.o
[126/546] Building C object /Users/runner/work/PTVisionPro/PTVisionPro/build/deps/sdl3-build/CMakeFiles/SDL3-static.dir/src/render/ps2/SDL_render_ps2.c.o
[127/546] Building C object /Users/runner/work/PTVisionPro/PTVisionPro/build/deps/sdl3-build/CMakeFiles/SDL3-static.dir/src/render/psp/SDL_render_psp.c.o
[128/546] Building C object /Users/runner/work/PTVisionPro/PTVisionPro/build/deps/sdl3-build/CMakeFiles/SDL3-static.dir/src/render/software/SDL_blendfillrect.c.o
[129/546] Building C object /Users/runner/work/PTVisionPro/PTVisionPro/build/deps/sdl3-build/CMakeFiles/SDL3-static.dir/src/render/software/SDL_blendpoint.c.o
[130/546] Building C object /Users/runner/work/PTVisionPro/PTVisionPro/build/deps/sdl3-build/CMakeFiles/SDL3-static.dir/src/render/software/SDL_drawline.c.o
[131/546] Building C object /Users/runner/work/PTVisionPro/PTVisionPro/build/deps/sdl3-build/CMakeFiles/SDL3-static.dir/src/render/software/SDL_drawpoint.c.o
[132/546] Building C object /Users/runner/work/PTVisionPro/PTVisionPro/build/deps/sdl3-build/CMakeFiles/SDL3-static.dir/src/render/software/SDL_blendline.c.o
[133/546] Building C object /Users/runner/work/PTVisionPro/PTVisionPro/build/deps/sdl3-build/CMakeFiles/SDL3-static.dir/src/render/software/SDL_render_sw.c.o
[134/546] Building C object /Users/runner/work/PTVisionPro/PTVisionPro/build/deps/sdl3-build/CMakeFiles/SDL3-static.dir/src/render/vitagxm/SDL_render_vita_gxm.c.o
[135/546] Building C object /Users/runner/work/PTVisionPro/PTVisionPro/build/deps/sdl3-build/CMakeFiles/SDL3-static.dir/src/render/vitagxm/SDL_render_vita_gxm_memory.c.o
[136/546] Building C object /Users/runner/work/PTVisionPro/PTVisionPro/build/deps/sdl3-build/CMakeFiles/SDL3-static.dir/src/render/vitagxm/SDL_render_vita_gxm_tools.c.o
[137/546] Building C object /Users/runner/work/PTVisionPro/PTVisionPro/build/deps/sdl3-build/CMakeFiles/SDL3-static.dir/src/render/software/SDL_triangle.c.o
[138/546] Building C object /Users/runner/work/PTVisionPro/PTVisionPro/build/deps/sdl3-build/CMakeFiles/SDL3-static.dir/src/render/vulkan/SDL_shaders_vulkan.c.o
[139/546] Building C object /Users/runner/work/PTVisionPro/PTVisionPro/build/deps/sdl3-build/CMakeFiles/SDL3-static.dir/src/sensor/SDL_sensor.c.o
[140/546] Building C object /Users/runner/work/PTVisionPro/PTVisionPro/build/deps/sdl3-build/CMakeFiles/SDL3-static.dir/src/stdlib/SDL_crc16.c.o
[141/546] Building C object /Users/runner/work/PTVisionPro/PTVisionPro/build/deps/sdl3-build/CMakeFiles/SDL3-static.dir/src/stdlib/SDL_crc32.c.o
[142/546] Building C object /Users/runner/work/PTVisionPro/PTVisionPro/build/deps/sdl3-build/CMakeFiles/SDL3-static.dir/src/stdlib/SDL_getenv.c.o
[143/546] Building C object /Users/runner/work/PTVisionPro/PTVisionPro/build/deps/sdl3-build/CMakeFiles/SDL3-static.dir/src/stdlib/SDL_iconv.c.o
[144/546] Building C object /Users/runner/work/PTVisionPro/PTVisionPro/build/deps/sdl3-build/CMakeFiles/SDL3-static.dir/src/render/vulkan/SDL_render_vulkan.c.o
[145/546] Building C object /Users/runner/work/PTVisionPro/PTVisionPro/build/deps/sdl3-build/CMakeFiles/SDL3-static.dir/src/stdlib/SDL_malloc.c.o
[146/546] Building C object /Users/runner/work/PTVisionPro/PTVisionPro/build/deps/sdl3-build/CMakeFiles/SDL3-static.dir/src/stdlib/SDL_memcpy.c.o
[147/546] Building C object /Users/runner/work/PTVisionPro/PTVisionPro/build/deps/sdl3-build/CMakeFiles/SDL3-static.dir/src/stdlib/SDL_memmove.c.o
[148/546] Building C object /Users/runner/work/PTVisionPro/PTVisionPro/build/deps/sdl3-build/CMakeFiles/SDL3-static.dir/src/stdlib/SDL_memset.c.o
[149/546] Building C object /Users/runner/work/PTVisionPro/PTVisionPro/build/deps/sdl3-build/CMakeFiles/SDL3-static.dir/src/stdlib/SDL_mslibc.c.o
[150/546] Building C object /Users/runner/work/PTVisionPro/PTVisionPro/build/deps/sdl3-build/CMakeFiles/SDL3-static.dir/src/stdlib/SDL_murmur3.c.o
[151/546] Building C object /Users/runner/work/PTVisionPro/PTVisionPro/build/deps/sdl3-build/CMakeFiles/SDL3-static.dir/src/stdlib/SDL_random.c.o
[152/546] Building C object /Users/runner/work/PTVisionPro/PTVisionPro/build/deps/sdl3-build/CMakeFiles/SDL3-static.dir/src/stdlib/SDL_stdlib.c.o
[153/546] Building C object /Users/runner/work/PTVisionPro/PTVisionPro/build/deps/sdl3-build/CMakeFiles/SDL3-static.dir/src/stdlib/SDL_qsort.c.o
[154/546] Building C object /Users/runner/work/PTVisionPro/PTVisionPro/build/deps/sdl3-build/CMakeFiles/SDL3-static.dir/src/stdlib/SDL_strtokr.c.o
[155/546] Building C object /Users/runner/work/PTVisionPro/PTVisionPro/build/deps/sdl3-build/CMakeFiles/SDL3-static.dir/src/stdlib/SDL_string.c.o
[156/546] Building C object /Users/runner/work/PTVisionPro/PTVisionPro/build/deps/sdl3-build/CMakeFiles/SDL3-static.dir/src/storage/SDL_storage.c.o
[157/546] Building C object /Users/runner/work/PTVisionPro/PTVisionPro/build/deps/sdl3-build/CMakeFiles/SDL3-static.dir/src/thread/SDL_thread.c.o
[158/546] Building C object /Users/runner/work/PTVisionPro/PTVisionPro/build/deps/sdl3-build/CMakeFiles/SDL3-static.dir/src/time/SDL_time.c.o
[159/546] Building C object /Users/runner/work/PTVisionPro/PTVisionPro/build/deps/sdl3-build/CMakeFiles/SDL3-static.dir/src/timer/SDL_timer.c.o
[160/546] Building C object /Users/runner/work/PTVisionPro/PTVisionPro/build/deps/sdl3-build/CMakeFiles/SDL3-static.dir/src/video/SDL_blit.c.o
[161/546] Building C object /Users/runner/work/PTVisionPro/PTVisionPro/build/deps/sdl3-build/CMakeFiles/SDL3-static.dir/src/video/SDL_RLEaccel.c.o
[162/546] Building C object /Users/runner/work/PTVisionPro/PTVisionPro/build/deps/sdl3-build/CMakeFiles/SDL3-static.dir/src/video/SDL_blit_0.c.o
[163/546] Building C object /Users/runner/work/PTVisionPro/PTVisionPro/build/deps/sdl3-build/CMakeFiles/SDL3-static.dir/src/video/SDL_blit_1.c.o
[164/546] Building C object /Users/runner/work/PTVisionPro/PTVisionPro/build/deps/sdl3-build/CMakeFiles/SDL3-static.dir/src/video/SDL_blit_A.c.o
[165/546] Building C object /Users/runner/work/PTVisionPro/PTVisionPro/build/deps/sdl3-build/CMakeFiles/SDL3-static.dir/src/video/SDL_blit_N.c.o
[166/546] Building C object /Users/runner/work/PTVisionPro/PTVisionPro/build/deps/sdl3-build/CMakeFiles/SDL3-static.dir/src/video/SDL_blit_copy.c.o
[167/546] Building C object /Users/runner/work/PTVisionPro/PTVisionPro/build/deps/sdl3-build/CMakeFiles/SDL3-static.dir/src/video/SDL_blit_slow.c.o
[168/546] Building C object /Users/runner/work/PTVisionPro/PTVisionPro/build/deps/sdl3-build/CMakeFiles/SDL3-static.dir/src/video/SDL_bmp.c.o
[169/546] Building C object /Users/runner/work/PTVisionPro/PTVisionPro/build/deps/sdl3-build/CMakeFiles/SDL3-static.dir/src/video/SDL_clipboard.c.o
[170/546] Building C object /Users/runner/work/PTVisionPro/PTVisionPro/build/deps/sdl3-build/CMakeFiles/SDL3-static.dir/src/video/SDL_egl.c.o
[171/546] Building C object /Users/runner/work/PTVisionPro/PTVisionPro/build/deps/sdl3-build/CMakeFiles/SDL3-static.dir/src/video/SDL_fillrect.c.o
[172/546] Building C object /Users/runner/work/PTVisionPro/PTVisionPro/build/deps/sdl3-build/CMakeFiles/SDL3-static.dir/src/video/SDL_pixels.c.o
[173/546] Building C object /Users/runner/work/PTVisionPro/PTVisionPro/build/deps/sdl3-build/CMakeFiles/SDL3-static.dir/src/video/SDL_rect.c.o
[174/546] Building C object /Users/runner/work/PTVisionPro/PTVisionPro/build/deps/sdl3-build/CMakeFiles/SDL3-static.dir/src/video/SDL_rotate.c.o
[175/546] Building C object /Users/runner/work/PTVisionPro/PTVisionPro/build/deps/sdl3-build/CMakeFiles/SDL3-static.dir/src/video/SDL_blit_auto.c.o
[176/546] Building C object /Users/runner/work/PTVisionPro/PTVisionPro/build/deps/sdl3-build/CMakeFiles/SDL3-static.dir/src/video/SDL_stretch.c.o
[177/546] Building C object /Users/runner/work/PTVisionPro/PTVisionPro/build/deps/sdl3-build/CMakeFiles/SDL3-static.dir/src/video/SDL_surface.c.o
[178/546] Building C object /Users/runner/work/PTVisionPro/PTVisionPro/build/deps/sdl3-build/CMakeFiles/SDL3-static.dir/src/video/SDL_stb.c.o
[179/546] Building C object /Users/runner/work/PTVisionPro/PTVisionPro/build/deps/sdl3-build/CMakeFiles/SDL3-static.dir/src/video/SDL_video_unsupported.c.o
[180/546] Building C object /Users/runner/work/PTVisionPro/PTVisionPro/build/deps/sdl3-build/CMakeFiles/SDL3-static.dir/src/video/SDL_video.c.o
[181/546] Building C object /Users/runner/work/PTVisionPro/PTVisionPro/build/deps/sdl3-build/CMakeFiles/SDL3-static.dir/src/video/SDL_vulkan_utils.c.o
[182/546] Building C object /Users/runner/work/PTVisionPro/PTVisionPro/build/deps/sdl3-build/CMakeFiles/SDL3-static.dir/src/video/yuv2rgb/yuv_rgb_lsx.c.o
[183/546] Building C object /Users/runner/work/PTVisionPro/PTVisionPro/build/deps/sdl3-build/CMakeFiles/SDL3-static.dir/src/video/yuv2rgb/yuv_rgb_sse.c.o
[184/546] Building C object /Users/runner/work/PTVisionPro/PTVisionPro/build/deps/sdl3-build/CMakeFiles/SDL3-static.dir/src/video/SDL_yuv.c.o
[185/546] Building C object /Users/runner/work/PTVisionPro/PTVisionPro/build/deps/sdl3-build/CMakeFiles/SDL3-static.dir/src/libm/e_atan2.c.o
[186/546] Building C object /Users/runner/work/PTVisionPro/PTVisionPro/build/deps/sdl3-build/CMakeFiles/SDL3-static.dir/src/libm/e_exp.c.o
[187/546] Building C object /Users/runner/work/PTVisionPro/PTVisionPro/build/deps/sdl3-build/CMakeFiles/SDL3-static.dir/src/libm/e_fmod.c.o
[188/546] Building C object /Users/runner/work/PTVisionPro/PTVisionPro/build/deps/sdl3-build/CMakeFiles/SDL3-static.dir/src/video/yuv2rgb/yuv_rgb_std.c.o
[189/546] Building C object /Users/runner/work/PTVisionPro/PTVisionPro/build/deps/sdl3-build/CMakeFiles/SDL3-static.dir/src/libm/e_log.c.o
[190/546] Building C object /Users/runner/work/PTVisionPro/PTVisionPro/build/deps/sdl3-build/CMakeFiles/SDL3-static.dir/src/libm/e_log10.c.o
[191/546] Building C object /Users/runner/work/PTVisionPro/PTVisionPro/build/deps/sdl3-build/CMakeFiles/SDL3-static.dir/src/libm/e_pow.c.o
[192/546] Building C object /Users/runner/work/PTVisionPro/PTVisionPro/build/deps/sdl3-build/CMakeFiles/SDL3-static.dir/src/libm/e_rem_pio2.c.o
[193/546] Building C object /Users/runner/work/PTVisionPro/PTVisionPro/build/deps/sdl3-build/CMakeFiles/SDL3-static.dir/src/libm/k_cos.c.o
[194/546] Building C object /Users/runner/work/PTVisionPro/PTVisionPro/build/deps/sdl3-build/CMakeFiles/SDL3-static.dir/src/libm/e_sqrt.c.o
[195/546] Building C object /Users/runner/work/PTVisionPro/PTVisionPro/build/deps/sdl3-build/CMakeFiles/SDL3-static.dir/src/libm/k_sin.c.o
[196/546] Building C object /Users/runner/work/PTVisionPro/PTVisionPro/build/deps/sdl3-build/CMakeFiles/SDL3-static.dir/src/libm/k_rem_pio2.c.o
[197/546] Building C object /Users/runner/work/PTVisionPro/PTVisionPro/build/deps/sdl3-build/CMakeFiles/SDL3-static.dir/src/libm/k_tan.c.o
[198/546] Building C object /Users/runner/work/PTVisionPro/PTVisionPro/build/deps/sdl3-build/CMakeFiles/SDL3-static.dir/src/libm/s_atan.c.o
[199/546] Building C object /Users/runner/work/PTVisionPro/PTVisionPro/build/deps/sdl3-build/CMakeFiles/SDL3-static.dir/src/libm/s_copysign.c.o
[200/546] Building C object /Users/runner/work/PTVisionPro/PTVisionPro/build/deps/sdl3-build/CMakeFiles/SDL3-static.dir/src/libm/s_cos.c.o
[201/546] Building C object /Users/runner/work/PTVisionPro/PTVisionPro/build/deps/sdl3-build/CMakeFiles/SDL3-static.dir/src/libm/s_fabs.c.o
[202/546] Building C object /Users/runner/work/PTVisionPro/PTVisionPro/build/deps/sdl3-build/CMakeFiles/SDL3-static.dir/src/libm/s_floor.c.o
[203/546] Building C object /Users/runner/work/PTVisionPro/PTVisionPro/build/deps/sdl3-build/CMakeFiles/SDL3-static.dir/src/libm/s_isinf.c.o
[204/546] Building C object /Users/runner/work/PTVisionPro/PTVisionPro/build/deps/sdl3-build/CMakeFiles/SDL3-static.dir/src/libm/s_isinff.c.o
[205/546] Building C object /Users/runner/work/PTVisionPro/PTVisionPro/build/deps/sdl3-build/CMakeFiles/SDL3-static.dir/src/libm/s_isnan.c.o
[206/546] Building C object /Users/runner/work/PTVisionPro/PTVisionPro/build/deps/sdl3-build/CMakeFiles/SDL3-static.dir/src/libm/s_isnanf.c.o
[207/546] Building C object /Users/runner/work/PTVisionPro/PTVisionPro/build/deps/sdl3-build/CMakeFiles/SDL3-static.dir/src/libm/s_modf.c.o
[208/546] Building C object /Users/runner/work/PTVisionPro/PTVisionPro/build/deps/sdl3-build/CMakeFiles/SDL3-static.dir/src/libm/s_scalbn.c.o
[209/546] Building C object /Users/runner/work/PTVisionPro/PTVisionPro/build/deps/sdl3-build/CMakeFiles/SDL3-static.dir/src/libm/s_sin.c.o
[210/546] Building C object /Users/runner/work/PTVisionPro/PTVisionPro/build/deps/sdl3-build/CMakeFiles/SDL3-static.dir/src/libm/s_tan.c.o
[211/546] Building C object /Users/runner/work/PTVisionPro/PTVisionPro/build/deps/sdl3-build/CMakeFiles/SDL3-static.dir/src/audio/dummy/SDL_dummyaudio.c.o
[212/546] Building C object /Users/runner/work/PTVisionPro/PTVisionPro/build/deps/sdl3-build/CMakeFiles/SDL3-static.dir/src/audio/disk/SDL_diskaudio.c.o
[213/546] Building C object /Users/runner/work/PTVisionPro/PTVisionPro/build/deps/sdl3-build/CMakeFiles/SDL3-static.dir/src/camera/dummy/SDL_camera_dummy.c.o
[214/546] Building C object /Users/runner/work/PTVisionPro/PTVisionPro/build/deps/sdl3-build/CMakeFiles/SDL3-static.dir/src/loadso/dlopen/SDL_sysloadso.c.o
[215/546] Building C object /Users/runner/work/PTVisionPro/PTVisionPro/build/deps/sdl3-build/CMakeFiles/SDL3-static.dir/src/video/dummy/SDL_nullevents.c.o
[216/546] Building C object /Users/runner/work/PTVisionPro/PTVisionPro/build/deps/sdl3-build/CMakeFiles/SDL3-static.dir/src/video/dummy/SDL_nullframebuffer.c.o
[217/546] Building C object /Users/runner/work/PTVisionPro/PTVisionPro/build/deps/sdl3-build/CMakeFiles/SDL3-static.dir/src/video/dummy/SDL_nullvideo.c.o
[218/546] Building OBJC object /Users/runner/work/PTVisionPro/PTVisionPro/build/deps/sdl3-build/CMakeFiles/SDL3-static.dir/src/misc/ios/SDL_sysurl.m.o
[219/546] Building OBJC object /Users/runner/work/PTVisionPro/PTVisionPro/build/deps/sdl3-build/CMakeFiles/SDL3-static.dir/src/main/ios/SDL_sysmain_callbacks.m.o
[220/546] Building OBJC object /Users/runner/work/PTVisionPro/PTVisionPro/build/deps/sdl3-build/CMakeFiles/SDL3-static.dir/src/audio/coreaudio/SDL_coreaudio.m.o
[221/546] Building OBJC object /Users/runner/work/PTVisionPro/PTVisionPro/build/deps/sdl3-build/CMakeFiles/SDL3-static.dir/src/joystick/apple/SDL_mfijoystick.m.o
[222/546] Building C object /Users/runner/work/PTVisionPro/PTVisionPro/build/deps/sdl3-build/CMakeFiles/SDL3-static.dir/src/haptic/dummy/SDL_syshaptic.c.o
[223/546] Building OBJC object /Users/runner/work/PTVisionPro/PTVisionPro/build/deps/sdl3-build/CMakeFiles/SDL3-static.dir/src/locale/macos/SDL_syslocale.m.o
[224/546] Building C object /Users/runner/work/PTVisionPro/PTVisionPro/build/deps/sdl3-build/CMakeFiles/SDL3-static.dir/src/time/unix/SDL_systime.c.o
[225/546] Building C object /Users/runner/work/PTVisionPro/PTVisionPro/build/deps/sdl3-build/CMakeFiles/SDL3-static.dir/src/timer/unix/SDL_systimer.c.o
[226/546] Building OBJC object /Users/runner/work/PTVisionPro/PTVisionPro/build/deps/sdl3-build/CMakeFiles/SDL3-static.dir/src/power/uikit/SDL_syspower.m.o
[227/546] Building C object /Users/runner/work/PTVisionPro/PTVisionPro/build/deps/sdl3-build/CMakeFiles/SDL3-static.dir/src/storage/generic/SDL_genericstorage.c.o
[228/546] Building OBJC object /Users/runner/work/PTVisionPro/PTVisionPro/build/deps/sdl3-build/CMakeFiles/SDL3-static.dir/src/filesystem/cocoa/SDL_sysfilesystem.m.o
[229/546] Building C object /Users/runner/work/PTVisionPro/PTVisionPro/build/deps/sdl3-build/CMakeFiles/SDL3-static.dir/src/filesystem/posix/SDL_sysfsops.c.o
[230/546] Building OBJC object /Users/runner/work/PTVisionPro/PTVisionPro/build/deps/sdl3-build/CMakeFiles/SDL3-static.dir/src/sensor/coremotion/SDL_coremotionsensor.m.o
[231/546] Building OBJC object /Users/runner/work/PTVisionPro/PTVisionPro/build/deps/sdl3-build/CMakeFiles/SDL3-static.dir/src/video/uikit/SDL_uikitappdelegate.m.o
[232/546] Building OBJC object /Users/runner/work/PTVisionPro/PTVisionPro/build/deps/sdl3-build/CMakeFiles/SDL3-static.dir/src/video/uikit/SDL_uikitclipboard.m.o
[233/546] Building OBJC object /Users/runner/work/PTVisionPro/PTVisionPro/build/deps/sdl3-build/CMakeFiles/SDL3-static.dir/src/video/uikit/SDL_uikitevents.m.o
[234/546] Building OBJC object /Users/runner/work/PTVisionPro/PTVisionPro/build/deps/sdl3-build/CMakeFiles/SDL3-static.dir/src/video/uikit/SDL_uikitmessagebox.m.o
[235/546] Building OBJC object /Users/runner/work/PTVisionPro/PTVisionPro/build/deps/sdl3-build/CMakeFiles/SDL3-static.dir/src/video/uikit/SDL_uikitmetalview.m.o
[236/546] Building OBJC object /Users/runner/work/PTVisionPro/PTVisionPro/build/deps/sdl3-build/CMakeFiles/SDL3-static.dir/src/video/uikit/SDL_uikitopengles.m.o
[237/546] Building OBJC object /Users/runner/work/PTVisionPro/PTVisionPro/build/deps/sdl3-build/CMakeFiles/SDL3-static.dir/src/video/uikit/SDL_uikitmodes.m.o
/Users/runner/work/PTVisionPro/PTVisionPro/build/deps/sdl3-src/src/video/uikit/SDL_uikitmodes.m:436:31: warning: unused variable 'data' [-Wunused-variable]
  436 |         SDL_UIKitDisplayData *data = (__bridge SDL_UIKitDisplayData *)display->internal;
      |                               ^~~~
1 warning generated.
[238/546] Building OBJC object /Users/runner/work/PTVisionPro/PTVisionPro/build/deps/sdl3-build/CMakeFiles/SDL3-static.dir/src/video/uikit/SDL_uikitopenglview.m.o
[239/546] Building OBJC object /Users/runner/work/PTVisionPro/PTVisionPro/build/deps/sdl3-build/CMakeFiles/SDL3-static.dir/src/video/uikit/SDL_uikitpen.m.o
[240/546] Building OBJC object /Users/runner/work/PTVisionPro/PTVisionPro/build/deps/sdl3-build/CMakeFiles/SDL3-static.dir/src/video/uikit/SDL_uikitvideo.m.o
[241/546] Building OBJC object /Users/runner/work/PTVisionPro/PTVisionPro/build/deps/sdl3-build/CMakeFiles/SDL3-static.dir/src/video/uikit/SDL_uikitview.m.o
[242/546] Building OBJC object /Users/runner/work/PTVisionPro/PTVisionPro/build/deps/sdl3-build/CMakeFiles/SDL3-static.dir/src/video/uikit/SDL_uikitviewcontroller.m.o
/Users/runner/work/PTVisionPro/PTVisionPro/build/deps/sdl3-src/src/video/uikit/SDL_uikitviewcontroller.m:612:26: warning: unused variable 'data' [-Wunused-variable]
  612 |     SDL_UIKitWindowData *data = (__bridge SDL_UIKitWindowData *) window->internal;
      |                          ^~~~
1 warning generated.
[243/546] Building OBJC object /Users/runner/work/PTVisionPro/PTVisionPro/build/deps/sdl3-build/CMakeFiles/SDL3-static.dir/src/video/uikit/SDL_uikitvulkan.m.o
[244/546] Building OBJC object /Users/runner/work/PTVisionPro/PTVisionPro/build/deps/sdl3-build/CMakeFiles/SDL3-static.dir/src/video/uikit/SDL_uikitwindow.m.o
/Users/runner/work/PTVisionPro/PTVisionPro/build/deps/sdl3-src/src/video/uikit/SDL_uikitwindow.m:59:27: warning: unused variable 'displaydata' [-Wunused-variable]
   59 |     SDL_UIKitDisplayData *displaydata = (__bridge SDL_UIKitDisplayData *)display->internal;
      |                           ^~~~~~~~~~~
/Users/runner/work/PTVisionPro/PTVisionPro/build/deps/sdl3-src/src/video/uikit/SDL_uikitwindow.m:133:31: warning: unused variable 'data' [-Wunused-variable]
  133 |         SDL_UIKitDisplayData *data = (__bridge SDL_UIKitDisplayData *)display->internal;
      |                               ^~~~
/Users/runner/work/PTVisionPro/PTVisionPro/build/deps/sdl3-src/src/video/uikit/SDL_uikitwindow.m:243:31: warning: unused variable 'displaydata' [-Wunused-variable]
  243 |         SDL_UIKitDisplayData *displaydata = (__bridge SDL_UIKitDisplayData *)display->internal;
      |                               ^~~~~~~~~~~
3 warnings generated.
[245/546] Building C object /Users/runner/work/PTVisionPro/PTVisionPro/build/deps/sdl3-build/CMakeFiles/SDL3-static.dir/src/thread/pthread/SDL_systhread.c.o
[246/546] Building C object /Users/runner/work/PTVisionPro/PTVisionPro/build/deps/sdl3-build/CMakeFiles/SDL3-static.dir/src/thread/pthread/SDL_sysmutex.c.o
[247/546] Building C object /Users/runner/work/PTVisionPro/PTVisionPro/build/deps/sdl3-build/CMakeFiles/SDL3-static.dir/src/thread/pthread/SDL_syscond.c.o
[248/546] Building C object /Users/runner/work/PTVisionPro/PTVisionPro/build/deps/sdl3-build/CMakeFiles/SDL3-static.dir/src/thread/pthread/SDL_sysrwlock.c.o
[249/546] Building C object /Users/runner/work/PTVisionPro/PTVisionPro/build/deps/sdl3-build/CMakeFiles/SDL3-static.dir/src/thread/pthread/SDL_systls.c.o
[250/546] Building C object /Users/runner/work/PTVisionPro/PTVisionPro/build/deps/sdl3-build/CMakeFiles/SDL3-static.dir/src/thread/pthread/SDL_syssem.c.o
[251/546] Building C object /Users/runner/work/PTVisionPro/PTVisionPro/build/deps/sdl3-build/CMakeFiles/SDL3-static.dir/src/dialog/SDL_dialog.c.o
[252/546] Building C object /Users/runner/work/PTVisionPro/PTVisionPro/build/deps/sdl3-build/CMakeFiles/SDL3-static.dir/src/dialog/SDL_dialog_utils.c.o
[253/546] Building C object /Users/runner/work/PTVisionPro/PTVisionPro/build/deps/sdl3-build/CMakeFiles/SDL3-static.dir/src/process/SDL_process.c.o
[254/546] Building C object /Users/runner/work/PTVisionPro/PTVisionPro/build/deps/sdl3-build/CMakeFiles/SDL3-static.dir/src/process/posix/SDL_posixprocess.c.o
[255/546] Building OBJC object /Users/runner/work/PTVisionPro/PTVisionPro/build/deps/sdl3-build/CMakeFiles/SDL3-static.dir/src/render/metal/SDL_render_metal.m.o
[256/546] Building C object /Users/runner/work/PTVisionPro/PTVisionPro/build/deps/sdl3-build/CMakeFiles/SDL3-static.dir/src/video/offscreen/SDL_offscreenevents.c.o
[257/546] Building C object /Users/runner/work/PTVisionPro/PTVisionPro/build/deps/sdl3-build/CMakeFiles/SDL3-static.dir/src/video/offscreen/SDL_offscreenframebuffer.c.o
[258/546] Building C object /Users/runner/work/PTVisionPro/PTVisionPro/build/deps/sdl3-build/CMakeFiles/SDL3-static.dir/src/video/offscreen/SDL_offscreenopengles.c.o
[259/546] Building C object /Users/runner/work/PTVisionPro/PTVisionPro/build/deps/sdl3-build/CMakeFiles/SDL3-static.dir/src/video/offscreen/SDL_offscreenvideo.c.o
[260/546] Building C object /Users/runner/work/PTVisionPro/PTVisionPro/build/deps/sdl3-build/CMakeFiles/SDL3-static.dir/src/video/offscreen/SDL_offscreenwindow.c.o
[261/546] Building C object /Users/runner/work/PTVisionPro/PTVisionPro/build/deps/sdl3-build/CMakeFiles/SDL3-static.dir/src/video/offscreen/SDL_offscreenvulkan.c.o
[262/546] Building C object /Users/runner/work/PTVisionPro/PTVisionPro/build/deps/sdl3-build/CMakeFiles/SDL3-static.dir/src/tray/SDL_tray_utils.c.o
[263/546] Building OBJC object /Users/runner/work/PTVisionPro/PTVisionPro/build/deps/sdl3-build/CMakeFiles/SDL3-static.dir/src/gpu/metal/SDL_gpu_metal.m.o
/Users/runner/work/PTVisionPro/PTVisionPro/build/deps/sdl3-src/src/gpu/metal/SDL_gpu_metal.m:414:25: warning: unused function 'SDLToMetal_DepthClipMode' [-Wunused-function]
  414 | static MTLDepthClipMode SDLToMetal_DepthClipMode(
      |                         ^~~~~~~~~~~~~~~~~~~~~~~~
1 warning generated.
[264/546] Building C object /Users/runner/work/PTVisionPro/PTVisionPro/build/deps/sdl3-build/CMakeFiles/SDL3-static.dir/src/dialog/dummy/SDL_dummydialog.c.o
[265/546] Building C object /Users/runner/work/PTVisionPro/PTVisionPro/build/deps/sdl3-build/CMakeFiles/SDL3-static.dir/src/tray/dummy/SDL_tray.c.o
[266/546] Building C object /Users/runner/work/PTVisionPro/PTVisionPro/build/deps/zlib-build/CMakeFiles/zlibstatic.dir/adler32.c.o
[267/546] Building C object /Users/runner/work/PTVisionPro/PTVisionPro/build/deps/zlib-build/CMakeFiles/zlibstatic.dir/compress.c.o
[268/546] Building CXX object CMakeFiles/pt_harfbuzz.dir/Users/runner/work/PTVisionPro/PTVisionPro/build/deps/harfbuzz-src/src/harfbuzz.cc.o
[269/546] Building C object /Users/runner/work/PTVisionPro/PTVisionPro/build/deps/zlib-build/CMakeFiles/zlibstatic.dir/crc32.c.o
[270/546] Building C object /Users/runner/work/PTVisionPro/PTVisionPro/build/deps/zlib-build/CMakeFiles/zlibstatic.dir/gzclose.c.o
[271/546] Building C object /Users/runner/work/PTVisionPro/PTVisionPro/build/deps/sdl3-build/CMakeFiles/SDL3-static.dir/src/gpu/vulkan/SDL_gpu_vulkan.c.o
[272/546] Building C object /Users/runner/work/PTVisionPro/PTVisionPro/build/deps/zlib-build/CMakeFiles/zlibstatic.dir/gzlib.c.o
[273/546] Building C object /Users/runner/work/PTVisionPro/PTVisionPro/build/deps/zlib-build/CMakeFiles/zlibstatic.dir/deflate.c.o
[274/546] Building C object /Users/runner/work/PTVisionPro/PTVisionPro/build/deps/zlib-build/CMakeFiles/zlibstatic.dir/gzread.c.o
[275/546] Building C object /Users/runner/work/PTVisionPro/PTVisionPro/build/deps/zlib-build/CMakeFiles/zlibstatic.dir/gzwrite.c.o
[276/546] Building C object /Users/runner/work/PTVisionPro/PTVisionPro/build/deps/zlib-build/CMakeFiles/zlibstatic.dir/inftrees.c.o
[277/546] Building C object /Users/runner/work/PTVisionPro/PTVisionPro/build/deps/zlib-build/CMakeFiles/zlibstatic.dir/infback.c.o
[278/546] Building C object /Users/runner/work/PTVisionPro/PTVisionPro/build/deps/zlib-build/CMakeFiles/zlibstatic.dir/inffast.c.o
[279/546] Building C object /Users/runner/work/PTVisionPro/PTVisionPro/build/deps/zlib-build/CMakeFiles/zlibstatic.dir/inflate.c.o
[280/546] Building C object /Users/runner/work/PTVisionPro/PTVisionPro/build/deps/zlib-build/CMakeFiles/zlibstatic.dir/uncompr.c.o
[281/546] Building C object /Users/runner/work/PTVisionPro/PTVisionPro/build/deps/zlib-build/CMakeFiles/zlibstatic.dir/trees.c.o
[282/546] Building C object /Users/runner/work/PTVisionPro/PTVisionPro/build/deps/zlib-build/CMakeFiles/zlibstatic.dir/zutil.c.o
[283/546] Linking CXX static library /Users/runner/work/PTVisionPro/PTVisionPro/build/deps/whisper-build/ggml/src/libggml-cpu.a
[284/546] Linking CXX static library libpt_bc7enc.a
[285/546] Building CXX object /Users/runner/work/PTVisionPro/PTVisionPro/build/deps/whisper-build/ggml/src/CMakeFiles/ggml.dir/ggml-backend-dl.cpp.o
[286/546] Building CXX object CMakeFiles/pt_thirdparty.dir/Users/runner/work/PTVisionPro/PTVisionPro/build/deps/volk-src/volk.c.o
[287/546] Building CXX object /Users/runner/work/PTVisionPro/PTVisionPro/build/deps/whisper-build/ggml/src/CMakeFiles/ggml.dir/ggml-backend-reg.cpp.o
[288/546] Building CXX object CMakeFiles/pt_thirdparty.dir/Users/runner/work/PTVisionPro/PTVisionPro/build/deps/imgui-src/imgui_tables.cpp.o
[289/546] Building CXX object CMakeFiles/pt_thirdparty.dir/Users/runner/work/PTVisionPro/PTVisionPro/build/deps/imgui-src/imgui_draw.cpp.o
[290/546] Building CXX object CMakeFiles/pt_thirdparty.dir/Users/runner/work/PTVisionPro/PTVisionPro/build/deps/imgui-src/imgui_widgets.cpp.o
[291/546] Building CXX object CMakeFiles/pt_thirdparty.dir/Users/runner/work/PTVisionPro/PTVisionPro/build/deps/imgui-src/backends/imgui_impl_sdl3.cpp.o
[292/546] Building CXX object CMakeFiles/pt_thirdparty.dir/Users/runner/work/PTVisionPro/PTVisionPro/build/deps/imgui-src/backends/imgui_impl_vulkan.cpp.o
[293/546] Building C object CMakeFiles/pt_thirdparty.dir/Users/runner/work/PTVisionPro/PTVisionPro/build/deps/lua51-src/src/lapi.c.o
[294/546] Building C object CMakeFiles/pt_thirdparty.dir/Users/runner/work/PTVisionPro/PTVisionPro/build/deps/lua51-src/src/lauxlib.c.o
/Users/runner/work/PTVisionPro/PTVisionPro/build/deps/lua51-src/src/lauxlib.c:577:61: warning: while loop has empty body [-Wempty-body]
  577 |    while ((c = getc(lf.f)) != EOF && c != LUA_SIGNATURE[0]) ;
      |                                                             ^
/Users/runner/work/PTVisionPro/PTVisionPro/build/deps/lua51-src/src/lauxlib.c:577:61: note: put the semicolon on a separate line to silence this warning
1 warning generated.
[295/546] Building C object CMakeFiles/pt_thirdparty.dir/Users/runner/work/PTVisionPro/PTVisionPro/build/deps/lua51-src/src/lbaselib.c.o
[296/546] Building CXX object CMakeFiles/pt_thirdparty.dir/Users/runner/work/PTVisionPro/PTVisionPro/build/deps/imgui-src/imgui_demo.cpp.o
[297/546] Building C object CMakeFiles/pt_thirdparty.dir/Users/runner/work/PTVisionPro/PTVisionPro/build/deps/lua51-src/src/lcode.c.o
[298/546] Building C object CMakeFiles/pt_thirdparty.dir/Users/runner/work/PTVisionPro/PTVisionPro/build/deps/lua51-src/src/ldblib.c.o
[299/546] Building C object CMakeFiles/pt_thirdparty.dir/Users/runner/work/PTVisionPro/PTVisionPro/build/deps/lua51-src/src/ldebug.c.o
[300/546] Building CXX object CMakeFiles/pt_thirdparty.dir/Users/runner/work/PTVisionPro/PTVisionPro/build/deps/imgui-src/imgui.cpp.o
[301/546] Building C object CMakeFiles/pt_thirdparty.dir/Users/runner/work/PTVisionPro/PTVisionPro/build/deps/lua51-src/src/ldo.c.o
[302/546] Building C object CMakeFiles/pt_thirdparty.dir/Users/runner/work/PTVisionPro/PTVisionPro/build/deps/lua51-src/src/ldump.c.o
[303/546] Building C object CMakeFiles/pt_thirdparty.dir/Users/runner/work/PTVisionPro/PTVisionPro/build/deps/lua51-src/src/lfunc.c.o
[304/546] Building C object CMakeFiles/pt_thirdparty.dir/Users/runner/work/PTVisionPro/PTVisionPro/build/deps/lua51-src/src/linit.c.o
[305/546] Building C object CMakeFiles/pt_thirdparty.dir/Users/runner/work/PTVisionPro/PTVisionPro/build/deps/lua51-src/src/lgc.c.o
[306/546] Building C object CMakeFiles/pt_thirdparty.dir/Users/runner/work/PTVisionPro/PTVisionPro/build/deps/lua51-src/src/liolib.c.o
[307/546] Building C object CMakeFiles/pt_thirdparty.dir/Users/runner/work/PTVisionPro/PTVisionPro/build/deps/lua51-src/src/lmathlib.c.o
[308/546] Building C object CMakeFiles/pt_thirdparty.dir/Users/runner/work/PTVisionPro/PTVisionPro/build/deps/lua51-src/src/lmem.c.o
[309/546] Building C object CMakeFiles/pt_thirdparty.dir/Users/runner/work/PTVisionPro/PTVisionPro/build/deps/lua51-src/src/llex.c.o
[310/546] Building C object CMakeFiles/pt_thirdparty.dir/Users/runner/work/PTVisionPro/PTVisionPro/build/deps/lua51-src/src/lopcodes.c.o
[311/546] Building C object CMakeFiles/pt_thirdparty.dir/Users/runner/work/PTVisionPro/PTVisionPro/build/deps/lua51-src/src/loadlib.c.o
[312/546] Building C object CMakeFiles/pt_thirdparty.dir/Users/runner/work/PTVisionPro/PTVisionPro/build/deps/lua51-src/src/lobject.c.o
[313/546] Building C object CMakeFiles/pt_thirdparty.dir/Users/runner/work/PTVisionPro/PTVisionPro/build/deps/lua51-src/src/lstring.c.o
[314/546] Building C object CMakeFiles/pt_thirdparty.dir/Users/runner/work/PTVisionPro/PTVisionPro/build/deps/lua51-src/src/lstate.c.o
[315/546] Building C object CMakeFiles/pt_thirdparty.dir/Users/runner/work/PTVisionPro/PTVisionPro/build/deps/lua51-src/src/ltable.c.o
[316/546] Building C object CMakeFiles/pt_thirdparty.dir/Users/runner/work/PTVisionPro/PTVisionPro/build/deps/lua51-src/src/lparser.c.o
[317/546] Building C object CMakeFiles/pt_thirdparty.dir/Users/runner/work/PTVisionPro/PTVisionPro/build/deps/lua51-src/src/lstrlib.c.o
[318/546] Building C object CMakeFiles/pt_thirdparty.dir/Users/runner/work/PTVisionPro/PTVisionPro/build/deps/lua51-src/src/ltablib.c.o
[319/546] Building C object CMakeFiles/pt_thirdparty.dir/Users/runner/work/PTVisionPro/PTVisionPro/build/deps/lua51-src/src/ltm.c.o
[320/546] Building C object CMakeFiles/pt_thirdparty.dir/Users/runner/work/PTVisionPro/PTVisionPro/build/deps/lua51-src/src/lundump.c.o
[321/546] Building C object CMakeFiles/pt_thirdparty.dir/Users/runner/work/PTVisionPro/PTVisionPro/build/deps/lua51-src/src/lzio.c.o
[322/546] Building C object CMakeFiles/pt_thirdparty.dir/generated/lua-loslib-ios.c.o
/Users/runner/work/PTVisionPro/PTVisionPro/build/visionos/generated/lua-loslib-ios.c:60:3: warning: 'tmpnam' is deprecated: This function is provided for compatibility reasons only.  Due to security concerns inherent in the design of tmpnam(3), it is highly recommended that you use mkstemp(3) instead. [-Wdeprecated-declarations]
   60 |   lua_tmpnam(buff, err);
      |   ^
/Users/runner/work/PTVisionPro/PTVisionPro/build/deps/lua51-src/src/luaconf.h:657:33: note: expanded from macro 'lua_tmpnam'
  657 | #define lua_tmpnam(b,e)         { e = (tmpnam(b) == NULL); }
      |                                        ^
/Applications/Xcode_26.6.app/Contents/Developer/Platforms/XROS.platform/Developer/SDKs/XROS26.5.sdk/usr/include/_stdio.h:287:1: note: 'tmpnam' has been explicitly marked deprecated here
  287 | __deprecated_msg("This function is provided for compatibility reasons only.  Due to security concerns inherent in the design of tmpnam(3), it is highly recommended that you use mkstemp(3) instead.")
      | ^
/Applications/Xcode_26.6.app/Contents/Developer/Platforms/XROS.platform/Developer/SDKs/XROS26.5.sdk/usr/include/sys/cdefs.h:227:48: note: expanded from macro '__deprecated_msg'
  227 |         #define __deprecated_msg(_msg) __attribute__((__deprecated__(_msg)))
      |                                                       ^
1 warning generated.
[323/546] Linking CXX static library libpt_harfbuzz.a
[324/546] cd /Users/runner/work/PTVisionPro/PTVisionPro/build/visionos && /opt/homebrew/bin/cmake -DOUT=/Users/runner/work/PTVisionPro/PTVisionPro/build/visionos/generated/pt_version.h -DPT_VERSION=1.0.1 -DPT_UPDATE_MANIFEST_URL=https://github.com/LoreanXavier/pt-pc/releases/latest/download/latest.json -P /Users/runner/work/PTVisionPro/PTVisionPro/build/port-src/cmake/version.cmake
-- pt-port version 1.0.1
[325/546] Building C object CMakeFiles/pt_thirdparty.dir/Users/runner/work/PTVisionPro/PTVisionPro/build/deps/lua51-src/src/lvm.c.o
[326/546] Linking C static library libpt_vorbis.a
[327/546] Linking C static library /Users/runner/work/PTVisionPro/PTVisionPro/build/deps/zlib-build/libz.a
[328/546] Linking C static library /Users/runner/work/PTVisionPro/PTVisionPro/build/deps/sdl3-build/libSDL3.a
[329/546] Linking CXX static library /Users/runner/work/PTVisionPro/PTVisionPro/build/deps/whisper-build/ggml/src/libggml.a
[330/546] Linking CXX static library libpt_thirdparty.a
[331/546] Building CXX object CMakeFiles/pt_engine.dir/src/engine/anim/anim_codec.cpp.o
[332/546] Building CXX object CMakeFiles/pt_engine.dir/src/engine/anim/demo_file.cpp.o
[333/546] Building CXX object CMakeFiles/pt_engine.dir/src/engine/anim/anim_test.cpp.o
[334/546] Building CXX object CMakeFiles/pt_engine.dir/src/engine/anim/gani.cpp.o
[335/546] Building CXX object CMakeFiles/pt_engine.dir/src/engine/anim/motion_data.cpp.o
[336/546] Building CXX object CMakeFiles/pt_engine.dir/src/engine/anim/help_bones.cpp.o
[337/546] Building CXX object /Users/runner/work/PTVisionPro/PTVisionPro/build/deps/whisper-build/src/CMakeFiles/whisper.dir/whisper.cpp.o
[338/546] Building CXX object CMakeFiles/pt_engine.dir/src/engine/anim/sim_bones.cpp.o
[339/546] Building CXX object CMakeFiles/pt_engine.dir/src/engine/anim/rig.cpp.o
[340/546] Building CXX object CMakeFiles/pt_engine.dir/src/engine/anim/skeleton.cpp.o
[341/546] Building CXX object CMakeFiles/pt_engine.dir/src/engine/anim/sim_physics.cpp.o
[342/546] Building CXX object CMakeFiles/pt_engine.dir/src/engine/assets/fmdl.cpp.o
[343/546] Building CXX object CMakeFiles/pt_engine.dir/src/engine/assets/ftex.cpp.o
[344/546] Building CXX object CMakeFiles/pt_engine.dir/src/engine/assets/geom.cpp.o
[345/546] Building CXX object CMakeFiles/pt_engine.dir/src/engine/assets/enhanced_textures.cpp.o
[346/546] Building CXX object CMakeFiles/pt_engine.dir/src/engine/assets/texture_cache.cpp.o
[347/546] Building CXX object CMakeFiles/pt_engine.dir/src/engine/audio/audio_engine.cpp.o
[348/546] Building CXX object CMakeFiles/pt_engine.dir/src/engine/audio/motion_generator.cpp.o
[349/546] Building CXX object CMakeFiles/pt_engine.dir/src/engine/audio/dsp.cpp.o
[350/546] Building CXX object CMakeFiles/pt_engine.dir/src/engine/audio/sound_package.cpp.o
[351/546] Building CXX object CMakeFiles/pt_engine.dir/src/engine/audio/sound_system.cpp.o
[352/546] Building CXX object CMakeFiles/pt_engine.dir/src/engine/audio/wem.cpp.o
[353/546] Building CXX object CMakeFiles/pt_engine.dir/src/engine/audio/subtitles.cpp.o
[354/546] Building CXX object CMakeFiles/pt_engine.dir/src/engine/audio/sound_engine.cpp.o
[355/546] Building CXX object CMakeFiles/pt_engine.dir/src/engine/audio/wwise_vorbis.cpp.o
[356/546] Building CXX object CMakeFiles/pt_engine.dir/src/engine/core/crash_report.cpp.o
[357/546] Building CXX object CMakeFiles/pt_engine.dir/src/engine/core/log.cpp.o
[358/546] Building CXX object CMakeFiles/pt_engine.dir/src/engine/core/pathcode.cpp.o
[359/546] Building CXX object CMakeFiles/pt_engine.dir/src/engine/audio/wwise_bank.cpp.o
[360/546] Building CXX object CMakeFiles/pt_engine.dir/src/engine/core/strcode.cpp.o
[361/546] Building CXX object CMakeFiles/pt_engine.dir/src/engine/core/resource_path.cpp.o
[362/546] Building CXX object CMakeFiles/pt_engine.dir/src/engine/core/memory_status.cpp.o
[363/546] Building CXX object CMakeFiles/pt_engine.dir/src/engine/fs/fox_crypt.cpp.o
[364/546] Building CXX object CMakeFiles/pt_engine.dir/src/engine/data/fox2.cpp.o
[365/546] Building CXX object CMakeFiles/pt_engine.dir/src/engine/fs/fpk.cpp.o
[366/546] Building CXX object CMakeFiles/pt_engine.dir/src/engine/fs/mods.cpp.o
[367/546] Building CXX object CMakeFiles/pt_engine.dir/src/engine/fs/psarc.cpp.o
[368/546] Building CXX object CMakeFiles/pt_engine.dir/src/engine/fs/qar.cpp.o
[369/546] Building CXX object CMakeFiles/pt_engine.dir/src/engine/platform/apple_vulkan.cpp.o
[370/546] Building CXX object CMakeFiles/pt_engine.dir/src/engine/fs/vfs.cpp.o
[371/546] Building CXX object CMakeFiles/pt_engine.dir/src/engine/platform/asset_install.cpp.o
[372/546] Building CXX object CMakeFiles/pt_engine.dir/src/engine/platform/http.cpp.o
[373/546] Building CXX object CMakeFiles/pt_engine.dir/src/engine/platform/graphics_presets.cpp.o
[374/546] Building CXX object CMakeFiles/pt_engine.dir/src/engine/physics/collision_world.cpp.o
[375/546] Building CXX object CMakeFiles/pt_engine.dir/src/engine/platform/os.cpp.o
[376/546] Building CXX object CMakeFiles/pt_engine.dir/src/engine/platform/livesplit.cpp.o
[377/546] Building CXX object CMakeFiles/pt_engine.dir/src/engine/platform/input.cpp.o
[378/546] Building CXX object CMakeFiles/pt_engine.dir/src/engine/platform/update_check.cpp.o
[379/546] Building CXX object CMakeFiles/pt_engine.dir/src/engine/platform/settings.cpp.o
[380/546] Building CXX object CMakeFiles/pt_engine.dir/src/engine/platform/virtual_pad.cpp.o
[381/546] Building CXX object CMakeFiles/pt_engine.dir/src/engine/render/light_cull.cpp.o
[382/546] Building CXX object CMakeFiles/pt_engine.dir/src/engine/render/mesh.cpp.o
[383/546] Building CXX object CMakeFiles/pt_engine.dir/src/engine/render/render_util.cpp.o
[384/546] Building CXX object CMakeFiles/pt_engine.dir/src/engine/render/raytracing.cpp.o
[385/546] Building CXX object CMakeFiles/pt_engine.dir/src/engine/render/model_cache.cpp.o
[386/546] Building CXX object CMakeFiles/pt_engine.dir/src/engine/render/scene_lighting.cpp.o
[387/546] Building CXX object CMakeFiles/pt_engine.dir/src/engine/render/renderer.cpp.o
In file included from /Users/runner/work/PTVisionPro/PTVisionPro/build/port-src/src/engine/render/renderer.cpp:9:
/Users/runner/work/PTVisionPro/PTVisionPro/build/deps/stb-src/stb_image_write.h:776:13: warning: 'sprintf' is deprecated: This function is provided for compatibility reasons only.  Due to security concerns inherent in the design of sprintf(3), it is highly recommended that you use snprintf(3) instead. [-Wdeprecated-declarations]
  776 |       len = sprintf(buffer, "EXPOSURE=          1.0000000000000\n\n-Y %d +X %d\n", y, x);
      |             ^
/Applications/Xcode_26.6.app/Contents/Developer/Platforms/XROS.platform/Developer/SDKs/XROS26.5.sdk/usr/include/_stdio.h:278:1: note: 'sprintf' has been explicitly marked deprecated here
  278 | __deprecated_msg("This function is provided for compatibility reasons only.  Due to security concerns inherent in the design of sprintf(3), it is highly recommended that you use snprintf(3) instead.")
      | ^
/Applications/Xcode_26.6.app/Contents/Developer/Platforms/XROS.platform/Developer/SDKs/XROS26.5.sdk/usr/include/sys/cdefs.h:227:48: note: expanded from macro '__deprecated_msg'
  227 |         #define __deprecated_msg(_msg) __attribute__((__deprecated__(_msg)))
      |                                                       ^
1 warning generated.
[388/546] Building CXX object CMakeFiles/pt_engine.dir/src/engine/render/scene_post.cpp.o
[389/546] Building CXX object CMakeFiles/pt_engine.dir/src/engine/render/subsurface_pass.cpp.o
[390/546] Building CXX object CMakeFiles/pt_engine.dir/src/engine/render/scene_renderer.cpp.o
[391/546] Building CXX object CMakeFiles/pt_engine.dir/src/engine/render/scene_frame.cpp.o
[392/546] Building CXX object CMakeFiles/pt_engine.dir/src/engine/render/upscale/dlss_backend.cpp.o
[393/546] Building CXX object CMakeFiles/pt_engine.dir/src/engine/render/upscale/frame_generation.cpp.o
[394/546] Building CXX object CMakeFiles/pt_engine.dir/src/engine/render/upscale/fsr_backend.cpp.o
[395/546] Building CXX object CMakeFiles/pt_engine.dir/src/engine/render/upscale/streamline.cpp.o
[396/546] Building CXX object CMakeFiles/pt_engine.dir/src/engine/render/texture_manager.cpp.o
[397/546] Building CXX object CMakeFiles/pt_engine.dir/src/engine/render/upscale/upscale_platform.cpp.o
[398/546] Building CXX object CMakeFiles/pt_engine.dir/src/engine/render/upscale/scene_upscale.cpp.o
[399/546] Building CXX object CMakeFiles/pt_engine.dir/src/engine/render/upscale/xess_backend.cpp.o
[400/546] Building CXX object CMakeFiles/pt_engine.dir/src/engine/render/upscale/upscale.cpp.o
[401/546] Building CXX object CMakeFiles/pt_engine.dir/src/engine/render/vfx_pass.cpp.o
[402/546] Building CXX object CMakeFiles/pt_engine.dir/src/engine/render/vk.cpp.o
In file included from /Users/runner/work/PTVisionPro/PTVisionPro/build/port-src/src/engine/render/vk.cpp:4:
In file included from /Users/runner/work/PTVisionPro/PTVisionPro/build/port-src/src/engine/render/vk.h:4:
/Users/runner/work/PTVisionPro/PTVisionPro/build/deps/vma-src/include/vk_mem_alloc.h:3214:5: warning: pointer is missing a nullability type specifier (_Nonnull, _Nullable, or _Null_unspecified) [-Wnullability-completeness]
 3214 | void* vma_aligned_alloc(size_t alignment, size_t size)
      |     ^
/Users/runner/work/PTVisionPro/PTVisionPro/build/deps/vma-src/include/vk_mem_alloc.h:3214:5: note: insert '_Nullable' if the pointer may be null
 3214 | void* vma_aligned_alloc(size_t alignment, size_t size)
      |     ^
      |       _Nullable
/Users/runner/work/PTVisionPro/PTVisionPro/build/deps/vma-src/include/vk_mem_alloc.h:3214:5: note: insert '_Nonnull' if the pointer should never be null
 3214 | void* vma_aligned_alloc(size_t alignment, size_t size)
      |     ^
      |       _Nonnull
/Users/runner/work/PTVisionPro/PTVisionPro/build/deps/vma-src/include/vk_mem_alloc.h:3371:81: warning: pointer is missing a nullability type specifier (_Nonnull, _Nullable, or _Null_unspecified) [-Wnullability-completeness]
 3371 |     inline void VmaPtrToStr(char* VMA_NOT_NULL outStr, size_t strLen, const void* ptr)
      |                                                                                 ^
/Users/runner/work/PTVisionPro/PTVisionPro/build/deps/vma-src/include/vk_mem_alloc.h:3371:81: note: insert '_Nullable' if the pointer may be null
 3371 |     inline void VmaPtrToStr(char* VMA_NOT_NULL outStr, size_t strLen, const void* ptr)
      |                                                                                 ^
      |                                                                                   _Nullable
/Users/runner/work/PTVisionPro/PTVisionPro/build/deps/vma-src/include/vk_mem_alloc.h:3371:81: note: insert '_Nonnull' if the pointer should never be null
 3371 |     inline void VmaPtrToStr(char* VMA_NOT_NULL outStr, size_t strLen, const void* ptr)
      |                                                                                 ^
      |                                                                                   _Nonnull
/Users/runner/work/PTVisionPro/PTVisionPro/build/deps/vma-src/include/vk_mem_alloc.h:3601:11: warning: pointer is missing a nullability type specifier (_Nonnull, _Nullable, or _Null_unspecified) [-Wnullability-completeness]
 3601 | const char* const VMA_SUBALLOCATION_TYPE_NAMES[] =
      |           ^
/Users/runner/work/PTVisionPro/PTVisionPro/build/deps/vma-src/include/vk_mem_alloc.h:3601:11: note: insert '_Nullable' if the pointer may be null
 3601 | const char* const VMA_SUBALLOCATION_TYPE_NAMES[] =
      |           ^
      |             _Nullable
/Users/runner/work/PTVisionPro/PTVisionPro/build/deps/vma-src/include/vk_mem_alloc.h:3601:11: note: insert '_Nonnull' if the pointer should never be null
 3601 | const char* const VMA_SUBALLOCATION_TYPE_NAMES[] =
      |           ^
      |             _Nonnull
/Users/runner/work/PTVisionPro/PTVisionPro/build/deps/vma-src/include/vk_mem_alloc.h:3722:50: warning: pointer is missing a nullability type specifier (_Nonnull, _Nullable, or _Null_unspecified) [-Wnullability-completeness]
 3722 | inline const FindT* VmaPnextChainFind(const MainT* mainStruct, VkStructureType sType)
      |                                                  ^
/Users/runner/work/PTVisionPro/PTVisionPro/build/deps/vma-src/include/vk_mem_alloc.h:3722:50: note: insert '_Nullable' if the pointer may be null
 3722 | inline const FindT* VmaPnextChainFind(const MainT* mainStruct, VkStructureType sType)
      |                                                  ^
      |                                                    _Nullable
/Users/runner/work/PTVisionPro/PTVisionPro/build/deps/vma-src/include/vk_mem_alloc.h:3722:50: note: insert '_Nonnull' if the pointer should never be null
 3722 | inline const FindT* VmaPnextChainFind(const MainT* mainStruct, VkStructureType sType)
      |                                                  ^
      |                                                    _Nonnull
/Users/runner/work/PTVisionPro/PTVisionPro/build/deps/vma-src/include/vk_mem_alloc.h:3722:19: warning: pointer is missing a nullability type specifier (_Nonnull, _Nullable, or _Null_unspecified) [-Wnullability-completeness]
 3722 | inline const FindT* VmaPnextChainFind(const MainT* mainStruct, VkStructureType sType)
      |                   ^
/Users/runner/work/PTVisionPro/PTVisionPro/build/deps/vma-src/include/vk_mem_alloc.h:3722:19: note: insert '_Nullable' if the pointer may be null
 3722 | inline const FindT* VmaPnextChainFind(const MainT* mainStruct, VkStructureType sType)
      |                   ^
      |                     _Nullable
/Users/runner/work/PTVisionPro/PTVisionPro/build/deps/vma-src/include/vk_mem_alloc.h:3722:19: note: insert '_Nonnull' if the pointer should never be null
 3722 | inline const FindT* VmaPnextChainFind(const MainT* mainStruct, VkStructureType sType)
      |                   ^
      |                     _Nonnull
/Users/runner/work/PTVisionPro/PTVisionPro/build/deps/vma-src/include/vk_mem_alloc.h:4024:37: warning: pointer is missing a nullability type specifier (_Nonnull, _Nullable, or _Null_unspecified) [-Wnullability-completeness]
 4024 | inline bool VmaStrIsEmpty(const char* pStr)
      |                                     ^
/Users/runner/work/PTVisionPro/PTVisionPro/build/deps/vma-src/include/vk_mem_alloc.h:4024:37: note: insert '_Nullable' if the pointer may be null
 4024 | inline bool VmaStrIsEmpty(const char* pStr)
      |                                     ^
      |                                       _Nullable
/Users/runner/work/PTVisionPro/PTVisionPro/build/deps/vma-src/include/vk_mem_alloc.h:4024:37: note: insert '_Nonnull' if the pointer should never be null
 4024 | inline bool VmaStrIsEmpty(const char* pStr)
      |                                     ^
      |                                       _Nonnull
/Users/runner/work/PTVisionPro/PTVisionPro/build/deps/vma-src/include/vk_mem_alloc.h:4091:29: warning: pointer is missing a nullability type specifier (_Nonnull, _Nullable, or _Null_unspecified) [-Wnullability-completeness]
 4091 | void VmaWriteMagicValue(void* pData, VkDeviceSize offset)
      |                             ^
/Users/runner/work/PTVisionPro/PTVisionPro/build/deps/vma-src/include/vk_mem_alloc.h:4091:29: note: insert '_Nullable' if the pointer may be null
 4091 | void VmaWriteMagicValue(void* pData, VkDeviceSize offset)
      |                             ^
      |                               _Nullable
/Users/runner/work/PTVisionPro/PTVisionPro/build/deps/vma-src/include/vk_mem_alloc.h:4091:29: note: insert '_Nonnull' if the pointer should never be null
 4091 | void VmaWriteMagicValue(void* pData, VkDeviceSize offset)
      |                             ^
      |                               _Nonnull
/Users/runner/work/PTVisionPro/PTVisionPro/build/deps/vma-src/include/vk_mem_alloc.h:4105:38: warning: pointer is missing a nullability type specifier (_Nonnull, _Nullable, or _Null_unspecified) [-Wnullability-completeness]
 4105 | bool VmaValidateMagicValue(const void* pData, VkDeviceSize offset)
      |                                      ^
/Users/runner/work/PTVisionPro/PTVisionPro/build/deps/vma-src/include/vk_mem_alloc.h:4105:38: note: insert '_Nullable' if the pointer may be null
 4105 | bool VmaValidateMagicValue(const void* pData, VkDeviceSize offset)
      |                                      ^
      |                                        _Nullable
/Users/runner/work/PTVisionPro/PTVisionPro/build/deps/vma-src/include/vk_mem_alloc.h:4105:38: note: insert '_Nonnull' if the pointer should never be null
 4105 | bool VmaValidateMagicValue(const void* pData, VkDeviceSize offset)
      |                                      ^
      |                                        _Nonnull
/Users/runner/work/PTVisionPro/PTVisionPro/build/deps/vma-src/include/vk_mem_alloc.h:4182:53: warning: pointer is missing a nullability type specifier (_Nonnull, _Nullable, or _Null_unspecified) [-Wnullability-completeness]
 4182 | bool VmaValidatePointerArray(uint32_t count, const T* arr)
      |                                                     ^
/Users/runner/work/PTVisionPro/PTVisionPro/build/deps/vma-src/include/vk_mem_alloc.h:4182:53: note: insert '_Nullable' if the pointer may be null
 4182 | bool VmaValidatePointerArray(uint32_t count, const T* arr)
      |                                                     ^
      |                                                       _Nullable
/Users/runner/work/PTVisionPro/PTVisionPro/build/deps/vma-src/include/vk_mem_alloc.h:4182:53: note: insert '_Nonnull' if the pointer should never be null
 4182 | bool VmaValidatePointerArray(uint32_t count, const T* arr)
      |                                                     ^
      |                                                       _Nonnull
/Users/runner/work/PTVisionPro/PTVisionPro/build/deps/vma-src/include/vk_mem_alloc.h:4203:41: warning: pointer is missing a nullability type specifier (_Nonnull, _Nullable, or _Null_unspecified) [-Wnullability-completeness]
 4203 | inline void VmaPnextChainPushFront(MainT* mainStruct, NewT* newStruct)
      |                                         ^
/Users/runner/work/PTVisionPro/PTVisionPro/build/deps/vma-src/include/vk_mem_alloc.h:4203:41: note: insert '_Nullable' if the pointer may be null
 4203 | inline void VmaPnextChainPushFront(MainT* mainStruct, NewT* newStruct)
      |                                         ^
      |                                           _Nullable
/Users/runner/work/PTVisionPro/PTVisionPro/build/deps/vma-src/include/vk_mem_alloc.h:4203:41: note: insert '_Nonnull' if the pointer should never be null
 4203 | inline void VmaPnextChainPushFront(MainT* mainStruct, NewT* newStruct)
      |                                         ^
      |                                           _Nonnull
/Users/runner/work/PTVisionPro/PTVisionPro/build/deps/vma-src/include/vk_mem_alloc.h:4203:59: warning: pointer is missing a nullability type specifier (_Nonnull, _Nullable, or _Null_unspecified) [-Wnullability-completeness]
 4203 | inline void VmaPnextChainPushFront(MainT* mainStruct, NewT* newStruct)
      |                                                           ^
/Users/runner/work/PTVisionPro/PTVisionPro/build/deps/vma-src/include/vk_mem_alloc.h:4203:59: note: insert '_Nullable' if the pointer may be null
 4203 | inline void VmaPnextChainPushFront(MainT* mainStruct, NewT* newStruct)
      |                                                           ^
      |                                                             _Nullable
/Users/runner/work/PTVisionPro/PTVisionPro/build/deps/vma-src/include/vk_mem_alloc.h:4203:59: note: insert '_Nonnull' if the pointer should never be null
 4203 | inline void VmaPnextChainPushFront(MainT* mainStruct, NewT* newStruct)
      |                                                           ^
      |                                                             _Nonnull
/Users/runner/work/PTVisionPro/PTVisionPro/build/deps/vma-src/include/vk_mem_alloc.h:4371:51: warning: pointer is missing a nullability type specifier (_Nonnull, _Nullable, or _Null_unspecified) [-Wnullability-completeness]
 4371 | inline void* VmaMalloc(const VkAllocationCallbacks* pAllocationCallbacks, size_t size, size_t alignment)
      |                                                   ^
/Users/runner/work/PTVisionPro/PTVisionPro/build/deps/vma-src/include/vk_mem_alloc.h:4371:51: note: insert '_Nullable' if the pointer may be null
 4371 | inline void* VmaMalloc(const VkAllocationCallbacks* pAllocationCallbacks, size_t size, size_t alignment)
      |                                                   ^
      |                                                     _Nullable
/Users/runner/work/PTVisionPro/PTVisionPro/build/deps/vma-src/include/vk_mem_alloc.h:4371:51: note: insert '_Nonnull' if the pointer should never be null
 4371 | inline void* VmaMalloc(const VkAllocationCallbacks* pAllocationCallbacks, size_t size, size_t alignment)
      |                                                   ^
      |                                                     _Nonnull
/Users/runner/work/PTVisionPro/PTVisionPro/build/deps/vma-src/include/vk_mem_alloc.h:4371:12: warning: pointer is missing a nullability type specifier (_Nonnull, _Nullable, or _Null_unspecified) [-Wnullability-completeness]
 4371 | inline void* VmaMalloc(const VkAllocationCallbacks* pAllocationCallbacks, size_t size, size_t alignment)
      |            ^
/Users/runner/work/PTVisionPro/PTVisionPro/build/deps/vma-src/include/vk_mem_alloc.h:4371:12: note: insert '_Nullable' if the pointer may be null
 4371 | inline void* VmaMalloc(const VkAllocationCallbacks* pAllocationCallbacks, size_t size, size_t alignment)
      |            ^
      |              _Nullable
/Users/runner/work/PTVisionPro/PTVisionPro/build/deps/vma-src/include/vk_mem_alloc.h:4371:12: note: insert '_Nonnull' if the pointer should never be null
 4371 | inline void* VmaMalloc(const VkAllocationCallbacks* pAllocationCallbacks, size_t size, size_t alignment)
      |            ^
      |              _Nonnull
/Users/runner/work/PTVisionPro/PTVisionPro/build/deps/vma-src/include/vk_mem_alloc.h:4391:48: warning: pointer is missing a nullability type specifier (_Nonnull, _Nullable, or _Null_unspecified) [-Wnullability-completeness]
 4391 | inline void VmaFree(const VkAllocationCallbacks* pAllocationCallbacks, void* ptr)
      |                                                ^
/Users/runner/work/PTVisionPro/PTVisionPro/build/deps/vma-src/include/vk_mem_alloc.h:4391:48: note: insert '_Nullable' if the pointer may be null
 4391 | inline void VmaFree(const VkAllocationCallbacks* pAllocationCallbacks, void* ptr)
      |                                                ^
      |                                                  _Nullable
/Users/runner/work/PTVisionPro/PTVisionPro/build/deps/vma-src/include/vk_mem_alloc.h:4391:48: note: insert '_Nonnull' if the pointer should never be null
 4391 | inline void VmaFree(const VkAllocationCallbacks* pAllocationCallbacks, void* ptr)
      |                                                ^
      |                                                  _Nonnull
/Users/runner/work/PTVisionPro/PTVisionPro/build/deps/vma-src/include/vk_mem_alloc.h:4391:76: warning: pointer is missing a nullability type specifier (_Nonnull, _Nullable, or _Null_unspecified) [-Wnullability-completeness]
 4391 | inline void VmaFree(const VkAllocationCallbacks* pAllocationCallbacks, void* ptr)
      |                                                                            ^
/Users/runner/work/PTVisionPro/PTVisionPro/build/deps/vma-src/include/vk_mem_alloc.h:4391:76: note: insert '_Nullable' if the pointer may be null
 4391 | inline void VmaFree(const VkAllocationCallbacks* pAllocationCallbacks, void* ptr)
      |                                                                            ^
      |                                                                              _Nullable
/Users/runner/work/PTVisionPro/PTVisionPro/build/deps/vma-src/include/vk_mem_alloc.h:4391:76: note: insert '_Nonnull' if the pointer should never be null
 4391 | inline void VmaFree(const VkAllocationCallbacks* pAllocationCallbacks, void* ptr)
      |                                                                            ^
      |                                                                              _Nonnull
/Users/runner/work/PTVisionPro/PTVisionPro/build/deps/vma-src/include/vk_mem_alloc.h:4405:43: warning: pointer is missing a nullability type specifier (_Nonnull, _Nullable, or _Null_unspecified) [-Wnullability-completeness]
 4405 | T* VmaAllocate(const VkAllocationCallbacks* pAllocationCallbacks)
      |                                           ^
/Users/runner/work/PTVisionPro/PTVisionPro/build/deps/vma-src/include/vk_mem_alloc.h:4405:43: note: insert '_Nullable' if the pointer may be null
 4405 | T* VmaAllocate(const VkAllocationCallbacks* pAllocationCallbacks)
      |                                           ^
      |                                             _Nullable
/Users/runner/work/PTVisionPro/PTVisionPro/build/deps/vma-src/include/vk_mem_alloc.h:4405:43: note: insert '_Nonnull' if the pointer should never be null
 4405 | T* VmaAllocate(const VkAllocationCallbacks* pAllocationCallbacks)
      |                                           ^
      |                                             _Nonnull
/Users/runner/work/PTVisionPro/PTVisionPro/build/deps/vma-src/include/vk_mem_alloc.h:4405:2: warning: pointer is missing a nullability type specifier (_Nonnull, _Nullable, or _Null_unspecified) [-Wnullability-completeness]
 4405 | T* VmaAllocate(const VkAllocationCallbacks* pAllocationCallbacks)
      |  ^
/Users/runner/work/PTVisionPro/PTVisionPro/build/deps/vma-src/include/vk_mem_alloc.h:4405:2: note: insert '_Nullable' if the pointer may be null
 4405 | T* VmaAllocate(const VkAllocationCallbacks* pAllocationCallbacks)
      |  ^
      |    _Nullable
/Users/runner/work/PTVisionPro/PTVisionPro/build/deps/vma-src/include/vk_mem_alloc.h:4405:2: note: insert '_Nonnull' if the pointer should never be null
 4405 | T* VmaAllocate(const VkAllocationCallbacks* pAllocationCallbacks)
      |  ^
      |    _Nonnull
/Users/runner/work/PTVisionPro/PTVisionPro/build/deps/vma-src/include/vk_mem_alloc.h:4411:48: warning: pointer is missing a nullability type specifier (_Nonnull, _Nullable, or _Null_unspecified) [-Wnullability-completeness]
 4411 | T* VmaAllocateArray(const VkAllocationCallbacks* pAllocationCallbacks, size_t count)
      |                                                ^
/Users/runner/work/PTVisionPro/PTVisionPro/build/deps/vma-src/include/vk_mem_alloc.h:4411:48: note: insert '_Nullable' if the pointer may be null
 4411 | T* VmaAllocateArray(const VkAllocationCallbacks* pAllocationCallbacks, size_t count)
      |                                                ^
      |                                                  _Nullable
/Users/runner/work/PTVisionPro/PTVisionPro/build/deps/vma-src/include/vk_mem_alloc.h:4411:48: note: insert '_Nonnull' if the pointer should never be null
 4411 | T* VmaAllocateArray(const VkAllocationCallbacks* pAllocationCallbacks, size_t count)
      |                                                ^
      |                                                  _Nonnull
/Users/runner/work/PTVisionPro/PTVisionPro/build/deps/vma-src/include/vk_mem_alloc.h:4411:2: warning: pointer is missing a nullability type specifier (_Nonnull, _Nullable, or _Null_unspecified) [-Wnullability-completeness]
 4411 | T* VmaAllocateArray(const VkAllocationCallbacks* pAllocationCallbacks, size_t count)
      |  ^
/Users/runner/work/PTVisionPro/PTVisionPro/build/deps/vma-src/include/vk_mem_alloc.h:4411:2: note: insert '_Nullable' if the pointer may be null
 4411 | T* VmaAllocateArray(const VkAllocationCallbacks* pAllocationCallbacks, size_t count)
      |  ^
      |    _Nullable
/Users/runner/work/PTVisionPro/PTVisionPro/build/deps/vma-src/include/vk_mem_alloc.h:4411:2: note: insert '_Nonnull' if the pointer should never be null
 4411 | T* VmaAllocateArray(const VkAllocationCallbacks* pAllocationCallbacks, size_t count)
      |  ^
      |    _Nonnull
/Users/runner/work/PTVisionPro/PTVisionPro/build/deps/vma-src/include/vk_mem_alloc.h:4421:44: warning: pointer is missing a nullability type specifier (_Nonnull, _Nullable, or _Null_unspecified) [-Wnullability-completeness]
 4421 | void vma_delete(const VkAllocationCallbacks* pAllocationCallbacks, T* ptr)
      |                                            ^
/Users/runner/work/PTVisionPro/PTVisionPro/build/deps/vma-src/include/vk_mem_alloc.h:4421:44: note: insert '_Nullable' if the pointer may be null
 4421 | void vma_delete(const VkAllocationCallbacks* pAllocationCallbacks, T* ptr)
      |                                            ^
      |                                              _Nullable
/Users/runner/work/PTVisionPro/PTVisionPro/build/deps/vma-src/include/vk_mem_alloc.h:4421:44: note: insert '_Nonnull' if the pointer should never be null
 4421 | void vma_delete(const VkAllocationCallbacks* pAllocationCallbacks, T* ptr)
      |                                            ^
      |                                              _Nonnull
/Users/runner/work/PTVisionPro/PTVisionPro/build/deps/vma-src/include/vk_mem_alloc.h:4421:69: warning: pointer is missing a nullability type specifier (_Nonnull, _Nullable, or _Null_unspecified) [-Wnullability-completeness]
 4421 | void vma_delete(const VkAllocationCallbacks* pAllocationCallbacks, T* ptr)
      |                                                                     ^
/Users/runner/work/PTVisionPro/PTVisionPro/build/deps/vma-src/include/vk_mem_alloc.h:4421:69: note: insert '_Nullable' if the pointer may be null
 4421 | void vma_delete(const VkAllocationCallbacks* pAllocationCallbacks, T* ptr)
      |                                                                     ^
      |                                                                       _Nullable
/Users/runner/work/PTVisionPro/PTVisionPro/build/deps/vma-src/include/vk_mem_alloc.h:4421:69: note: insert '_Nonnull' if the pointer should never be null
 4421 | void vma_delete(const VkAllocationCallbacks* pAllocationCallbacks, T* ptr)
      |                                                                     ^
      |                                                                       _Nonnull
/Users/runner/work/PTVisionPro/PTVisionPro/build/deps/vma-src/include/vk_mem_alloc.h:4428:50: warning: pointer is missing a nullability type specifier (_Nonnull, _Nullable, or _Null_unspecified) [-Wnullability-completeness]
 4428 | void vma_delete_array(const VkAllocationCallbacks* pAllocationCallbacks, T* ptr, size_t count)
      |                                                  ^
/Users/runner/work/PTVisionPro/PTVisionPro/build/deps/vma-src/include/vk_mem_alloc.h:4428:50: note: insert '_Nullable' if the pointer may be null
 4428 | void vma_delete_array(const VkAllocationCallbacks* pAllocationCallbacks, T* ptr, size_t count)
      |                                                  ^
      |                                                    _Nullable
/Users/runner/work/PTVisionPro/PTVisionPro/build/deps/vma-src/include/vk_mem_alloc.h:4428:50: note: insert '_Nonnull' if the pointer should never be null
 4428 | void vma_delete_array(const VkAllocationCallbacks* pAllocationCallbacks, T* ptr, size_t count)
      |                                                  ^
      |                                                    _Nonnull
/Users/runner/work/PTVisionPro/PTVisionPro/build/deps/vma-src/include/vk_mem_alloc.h:4428:75: warning: pointer is missing a nullability type specifier (_Nonnull, _Nullable, or _Null_unspecified) [-Wnullability-completeness]
 4428 | void vma_delete_array(const VkAllocationCallbacks* pAllocationCallbacks, T* ptr, size_t count)
      |                                                                           ^
/Users/runner/work/PTVisionPro/PTVisionPro/build/deps/vma-src/include/vk_mem_alloc.h:4428:75: note: insert '_Nullable' if the pointer may be null
 4428 | void vma_delete_array(const VkAllocationCallbacks* pAllocationCallbacks, T* ptr, size_t count)
      |                                                                           ^
      |                                                                             _Nullable
/Users/runner/work/PTVisionPro/PTVisionPro/build/deps/vma-src/include/vk_mem_alloc.h:4428:75: note: insert '_Nonnull' if the pointer should never be null
 4428 | void vma_delete_array(const VkAllocationCallbacks* pAllocationCallbacks, T* ptr, size_t count)
      |                                                                           ^
      |                                                                             _Nonnull
/Users/runner/work/PTVisionPro/PTVisionPro/build/deps/vma-src/include/vk_mem_alloc.h:4440:54: warning: pointer is missing a nullability type specifier (_Nonnull, _Nullable, or _Null_unspecified) [-Wnullability-completeness]
 4440 | char* VmaCreateStringCopy(const VkAllocationCallbacks* allocs, const char* srcStr)
      |                                                      ^
/Users/runner/work/PTVisionPro/PTVisionPro/build/deps/vma-src/include/vk_mem_alloc.h:4440:54: note: insert '_Nullable' if the pointer may be null
 4440 | char* VmaCreateStringCopy(const VkAllocationCallbacks* allocs, const char* srcStr)
      |                                                      ^
      |                                                        _Nullable
/Users/runner/work/PTVisionPro/PTVisionPro/build/deps/vma-src/include/vk_mem_alloc.h:4440:54: note: insert '_Nonnull' if the pointer should never be null
 4440 | char* VmaCreateStringCopy(const VkAllocationCallbacks* allocs, const char* srcStr)
      |                                                      ^
      |                                                        _Nonnull
/Users/runner/work/PTVisionPro/PTVisionPro/build/deps/vma-src/include/vk_mem_alloc.h:4440:74: warning: pointer is missing a nullability type specifier (_Nonnull, _Nullable, or _Null_unspecified) [-Wnullability-completeness]
 4440 | char* VmaCreateStringCopy(const VkAllocationCallbacks* allocs, const char* srcStr)
      |                                                                          ^
/Users/runner/work/PTVisionPro/PTVisionPro/build/deps/vma-src/include/vk_mem_alloc.h:4440:74: note: insert '_Nullable' if the pointer may be null
 4440 | char* VmaCreateStringCopy(const VkAllocationCallbacks* allocs, const char* srcStr)
      |                                                                          ^
      |                                                                            _Nullable
/Users/runner/work/PTVisionPro/PTVisionPro/build/deps/vma-src/include/vk_mem_alloc.h:4440:74: note: insert '_Nonnull' if the pointer should never be null
 4440 | char* VmaCreateStringCopy(const VkAllocationCallbacks* allocs, const char* srcStr)
      |                                                                          ^
      |                                                                            _Nonnull
/Users/runner/work/PTVisionPro/PTVisionPro/build/deps/vma-src/include/vk_mem_alloc.h:4440:5: warning: pointer is missing a nullability type specifier (_Nonnull, _Nullable, or _Null_unspecified) [-Wnullability-completeness]
 4440 | char* VmaCreateStringCopy(const VkAllocationCallbacks* allocs, const char* srcStr)
      |     ^
/Users/runner/work/PTVisionPro/PTVisionPro/build/deps/vma-src/include/vk_mem_alloc.h:4440:5: note: insert '_Nullable' if the pointer may be null
 4440 | char* VmaCreateStringCopy(const VkAllocationCallbacks* allocs, const char* srcStr)
      |     ^
      |       _Nullable
/Users/runner/work/PTVisionPro/PTVisionPro/build/deps/vma-src/include/vk_mem_alloc.h:4440:5: note: insert '_Nonnull' if the pointer should never be null
 4440 | char* VmaCreateStringCopy(const VkAllocationCallbacks* allocs, const char* srcStr)
      |     ^
      |       _Nonnull
/Users/runner/work/PTVisionPro/PTVisionPro/build/deps/vma-src/include/vk_mem_alloc.h:4453:54: warning: pointer is missing a nullability type specifier (_Nonnull, _Nullable, or _Null_unspecified) [-Wnullability-completeness]
 4453 | char* VmaCreateStringCopy(const VkAllocationCallbacks* allocs, const char* srcStr, size_t strLen)
      |                                                      ^
/Users/runner/work/PTVisionPro/PTVisionPro/build/deps/vma-src/include/vk_mem_alloc.h:4453:54: note: insert '_Nullable' if the pointer may be null
 4453 | char* VmaCreateStringCopy(const VkAllocationCallbacks* allocs, const char* srcStr, size_t strLen)
      |                                                      ^
      |                                                        _Nullable
/Users/runner/work/PTVisionPro/PTVisionPro/build/deps/vma-src/include/vk_mem_alloc.h:4453:54: note: insert '_Nonnull' if the pointer should never be null
 4453 | char* VmaCreateStringCopy(const VkAllocationCallbacks* allocs, const char* srcStr, size_t strLen)
      |                                                      ^
      |                                                        _Nonnull
/Users/runner/work/PTVisionPro/PTVisionPro/build/deps/vma-src/include/vk_mem_alloc.h:4453:74: warning: pointer is missing a nullability type specifier (_Nonnull, _Nullable, or _Null_unspecified) [-Wnullability-completeness]
 4453 | char* VmaCreateStringCopy(const VkAllocationCallbacks* allocs, const char* srcStr, size_t strLen)
      |                                                                          ^
/Users/runner/work/PTVisionPro/PTVisionPro/build/deps/vma-src/include/vk_mem_alloc.h:4453:74: note: insert '_Nullable' if the pointer may be null
 4453 | char* VmaCreateStringCopy(const VkAllocationCallbacks* allocs, const char* srcStr, size_t strLen)
      |                                                                          ^
      |                                                                            _Nullable
/Users/runner/work/PTVisionPro/PTVisionPro/build/deps/vma-src/include/vk_mem_alloc.h:4453:74: note: insert '_Nonnull' if the pointer should never be null
 4453 | char* VmaCreateStringCopy(const VkAllocationCallbacks* allocs, const char* srcStr, size_t strLen)
      |                                                                          ^
      |                                                                            _Nonnull
/Users/runner/work/PTVisionPro/PTVisionPro/build/deps/vma-src/include/vk_mem_alloc.h:4453:5: warning: pointer is missing a nullability type specifier (_Nonnull, _Nullable, or _Null_unspecified) [-Wnullability-completeness]
 4453 | char* VmaCreateStringCopy(const VkAllocationCallbacks* allocs, const char* srcStr, size_t strLen)
      |     ^
/Users/runner/work/PTVisionPro/PTVisionPro/build/deps/vma-src/include/vk_mem_alloc.h:4453:5: note: insert '_Nullable' if the pointer may be null
 4453 | char* VmaCreateStringCopy(const VkAllocationCallbacks* allocs, const char* srcStr, size_t strLen)
      |     ^
      |       _Nullable
/Users/runner/work/PTVisionPro/PTVisionPro/build/deps/vma-src/include/vk_mem_alloc.h:4453:5: note: insert '_Nonnull' if the pointer should never be null
 4453 | char* VmaCreateStringCopy(const VkAllocationCallbacks* allocs, const char* srcStr, size_t strLen)
      |     ^
      |       _Nonnull
/Users/runner/work/PTVisionPro/PTVisionPro/build/deps/vma-src/include/vk_mem_alloc.h:4466:47: warning: pointer is missing a nullability type specifier (_Nonnull, _Nullable, or _Null_unspecified) [-Wnullability-completeness]
 4466 | void VmaFreeString(const VkAllocationCallbacks* allocs, char* str)
      |                                               ^
/Users/runner/work/PTVisionPro/PTVisionPro/build/deps/vma-src/include/vk_mem_alloc.h:4466:47: note: insert '_Nullable' if the pointer may be null
 4466 | void VmaFreeString(const VkAllocationCallbacks* allocs, char* str)
      |                                               ^
      |                                                 _Nullable
/Users/runner/work/PTVisionPro/PTVisionPro/build/deps/vma-src/include/vk_mem_alloc.h:4466:47: note: insert '_Nonnull' if the pointer should never be null
 4466 | void VmaFreeString(const VkAllocationCallbacks* allocs, char* str)
      |                                               ^
      |                                                 _Nonnull
/Users/runner/work/PTVisionPro/PTVisionPro/build/deps/vma-src/include/vk_mem_alloc.h:4466:61: warning: pointer is missing a nullability type specifier (_Nonnull, _Nullable, or _Null_unspecified) [-Wnullability-completeness]
 4466 | void VmaFreeString(const VkAllocationCallbacks* allocs, char* str)
      |                                                             ^
/Users/runner/work/PTVisionPro/PTVisionPro/build/deps/vma-src/include/vk_mem_alloc.h:4466:61: note: insert '_Nullable' if the pointer may be null
 4466 | void VmaFreeString(const VkAllocationCallbacks* allocs, char* str)
      |                                                             ^
      |                                                               _Nullable
/Users/runner/work/PTVisionPro/PTVisionPro/build/deps/vma-src/include/vk_mem_alloc.h:4466:61: note: insert '_Nonnull' if the pointer should never be null
 4466 | void VmaFreeString(const VkAllocationCallbacks* allocs, char* str)
      |                                                             ^
      |                                                               _Nonnull
/Users/runner/work/PTVisionPro/PTVisionPro/build/deps/vma-src/include/vk_mem_alloc.h:4583:14: warning: pointer is missing a nullability type specifier (_Nonnull, _Nullable, or _Null_unspecified) [-Wnullability-completeness]
 4583 |     VMA_MUTEX* m_pMutex;
      |              ^
/Users/runner/work/PTVisionPro/PTVisionPro/build/deps/vma-src/include/vk_mem_alloc.h:4583:14: note: insert '_Nullable' if the pointer may be null
 4583 |     VMA_MUTEX* m_pMutex;
      |              ^
      |                _Nullable
/Users/runner/work/PTVisionPro/PTVisionPro/build/deps/vma-src/include/vk_mem_alloc.h:4583:14: note: insert '_Nonnull' if the pointer should never be null
 4583 |     VMA_MUTEX* m_pMutex;
      |              ^
      |                _Nonnull
/Users/runner/work/PTVisionPro/PTVisionPro/build/deps/vma-src/include/vk_mem_alloc.h:4599:17: warning: pointer is missing a nullability type specifier (_Nonnull, _Nullable, or _Null_unspecified) [-Wnullability-completeness]
 4599 |     VMA_RW_MUTEX* m_pMutex;
      |                 ^
/Users/runner/work/PTVisionPro/PTVisionPro/build/deps/vma-src/include/vk_mem_alloc.h:4599:17: note: insert '_Nullable' if the pointer may be null
 4599 |     VMA_RW_MUTEX* m_pMutex;
      |                 ^
      |                   _Nullable
/Users/runner/work/PTVisionPro/PTVisionPro/build/deps/vma-src/include/vk_mem_alloc.h:4599:17: note: insert '_Nonnull' if the pointer should never be null
 4599 |     VMA_RW_MUTEX* m_pMutex;
      |                 ^
      |                   _Nonnull
/Users/runner/work/PTVisionPro/PTVisionPro/build/deps/vma-src/include/vk_mem_alloc.h:4615:17: warning: pointer is missing a nullability type specifier (_Nonnull, _Nullable, or _Null_unspecified) [-Wnullability-completeness]
 4615 |     VMA_RW_MUTEX* m_pMutex;
      |                 ^
/Users/runner/work/PTVisionPro/PTVisionPro/build/deps/vma-src/include/vk_mem_alloc.h:4615:17: note: insert '_Nullable' if the pointer may be null
 4615 |     VMA_RW_MUTEX* m_pMutex;
      |                 ^
      |                   _Nullable
/Users/runner/work/PTVisionPro/PTVisionPro/build/deps/vma-src/include/vk_mem_alloc.h:4615:17: note: insert '_Nonnull' if the pointer should never be null
 4615 |     VMA_RW_MUTEX* m_pMutex;
      |                 ^
      |                   _Nonnull
/Users/runner/work/PTVisionPro/PTVisionPro/build/deps/vma-src/include/vk_mem_alloc.h:4641:24: warning: pointer is missing a nullability type specifier (_Nonnull, _Nullable, or _Null_unspecified) [-Wnullability-completeness]
 4641 |     T Increment(AtomicT* atomic)
      |                        ^
/Users/runner/work/PTVisionPro/PTVisionPro/build/deps/vma-src/include/vk_mem_alloc.h:4641:24: note: insert '_Nullable' if the pointer may be null
 4641 |     T Increment(AtomicT* atomic)
      |                        ^
      |                          _Nullable
/Users/runner/work/PTVisionPro/PTVisionPro/build/deps/vma-src/include/vk_mem_alloc.h:4641:24: note: insert '_Nonnull' if the pointer should never be null
 4641 |     T Increment(AtomicT* atomic)
      |                        ^
      |                          _Nonnull
/Users/runner/work/PTVisionPro/PTVisionPro/build/deps/vma-src/include/vk_mem_alloc.h:4648:12: warning: pointer is missing a nullability type specifier (_Nonnull, _Nullable, or _Null_unspecified) [-Wnullability-completeness]
 4648 |     AtomicT* m_Atomic = VMA_NULL;
      |            ^
/Users/runner/work/PTVisionPro/PTVisionPro/build/deps/vma-src/include/vk_mem_alloc.h:4648:12: note: insert '_Nullable' if the pointer may be null
 4648 |     AtomicT* m_Atomic = VMA_NULL;
      |            ^
      |              _Nullable
/Users/runner/work/PTVisionPro/PTVisionPro/build/deps/vma-src/include/vk_mem_alloc.h:4648:12: note: insert '_Nonnull' if the pointer should never be null
 4648 |     AtomicT* m_Atomic = VMA_NULL;
      |            ^
      |              _Nonnull
/Users/runner/work/PTVisionPro/PTVisionPro/build/deps/vma-src/include/vk_mem_alloc.h:4657:32: warning: pointer is missing a nullability type specifier (_Nonnull, _Nullable, or _Null_unspecified) [-Wnullability-completeness]
 4657 |     const VkAllocationCallbacks* const m_pCallbacks;
      |                                ^
/Users/runner/work/PTVisionPro/PTVisionPro/build/deps/vma-src/include/vk_mem_alloc.h:4657:32: note: insert '_Nullable' if the pointer may be null
 4657 |     const VkAllocationCallbacks* const m_pCallbacks;
      |                                ^
      |                                  _Nullable
/Users/runner/work/PTVisionPro/PTVisionPro/build/deps/vma-src/include/vk_mem_alloc.h:4657:32: note: insert '_Nonnull' if the pointer should never be null
 4657 |     const VkAllocationCallbacks* const m_pCallbacks;
      |                                ^
      |                                  _Nonnull
/Users/runner/work/PTVisionPro/PTVisionPro/build/deps/vma-src/include/vk_mem_alloc.h:4660:57: warning: pointer is missing a nullability type specifier (_Nonnull, _Nullable, or _Null_unspecified) [-Wnullability-completeness]
 4660 |     explicit VmaStlAllocator(const VkAllocationCallbacks* pCallbacks) : m_pCallbacks(pCallbacks) {}
      |                                                         ^
/Users/runner/work/PTVisionPro/PTVisionPro/build/deps/vma-src/include/vk_mem_alloc.h:4660:57: note: insert '_Nullable' if the pointer may be null
 4660 |     explicit VmaStlAllocator(const VkAllocationCallbacks* pCallbacks) : m_pCallbacks(pCallbacks) {}
      |                                                         ^
      |                                                           _Nullable
/Users/runner/work/PTVisionPro/PTVisionPro/build/deps/vma-src/include/vk_mem_alloc.h:4660:57: note: insert '_Nonnull' if the pointer should never be null
 4660 |     explicit VmaStlAllocator(const VkAllocationCallbacks* pCallbacks) : m_pCallbacks(pCallbacks) {}
      |                                                         ^
      |                                                           _Nonnull
/Users/runner/work/PTVisionPro/PTVisionPro/build/deps/vma-src/include/vk_mem_alloc.h:4666:6: warning: pointer is missing a nullability type specifier (_Nonnull, _Nullable, or _Null_unspecified) [-Wnullability-completeness]
 4666 |     T* allocate(size_t n);
      |      ^
/Users/runner/work/PTVisionPro/PTVisionPro/build/deps/vma-src/include/vk_mem_alloc.h:4666:6: note: insert '_Nullable' if the pointer may be null
 4666 |     T* allocate(size_t n);
      |      ^
      |        _Nullable
/Users/runner/work/PTVisionPro/PTVisionPro/build/deps/vma-src/include/vk_mem_alloc.h:4666:6: note: insert '_Nonnull' if the pointer should never be null
 4666 |     T* allocate(size_t n);
      |      ^
      |        _Nonnull
/Users/runner/work/PTVisionPro/PTVisionPro/build/deps/vma-src/include/vk_mem_alloc.h:4667:22: warning: pointer is missing a nullability type specifier (_Nonnull, _Nullable, or _Null_unspecified) [-Wnullability-completeness]
 4667 |     void deallocate(T* p, size_t n);
      |                      ^
/Users/runner/work/PTVisionPro/PTVisionPro/build/deps/vma-src/include/vk_mem_alloc.h:4667:22: note: insert '_Nullable' if the pointer may be null
 4667 |     void deallocate(T* p, size_t n);
      |                      ^
      |                        _Nullable
/Users/runner/work/PTVisionPro/PTVisionPro/build/deps/vma-src/include/vk_mem_alloc.h:4667:22: note: insert '_Nonnull' if the pointer should never be null
 4667 |     void deallocate(T* p, size_t n);
      |                      ^
      |                        _Nonnull
/Users/runner/work/PTVisionPro/PTVisionPro/build/deps/vma-src/include/vk_mem_alloc.h:4682:2: warning: pointer is missing a nullability type specifier (_Nonnull, _Nullable, or _Null_unspecified) [-Wnullability-completeness]
 4682 | T* VmaStlAllocator<T>::allocate(size_t n) { return VmaAllocateArray<T>(m_pCallbacks, n); }
      |  ^
/Users/runner/work/PTVisionPro/PTVisionPro/build/deps/vma-src/include/vk_mem_alloc.h:4682:2: note: insert '_Nullable' if the pointer may be null
 4682 | T* VmaStlAllocator<T>::allocate(size_t n) { return VmaAllocateArray<T>(m_pCallbacks, n); }
      |  ^
      |    _Nullable
/Users/runner/work/PTVisionPro/PTVisionPro/build/deps/vma-src/include/vk_mem_alloc.h:4682:2: note: insert '_Nonnull' if the pointer should never be null
 4682 | T* VmaStlAllocator<T>::allocate(size_t n) { return VmaAllocateArray<T>(m_pCallbacks, n); }
      |  ^
      |    _Nonnull
/Users/runner/work/PTVisionPro/PTVisionPro/build/deps/vma-src/include/vk_mem_alloc.h:4685:38: warning: pointer is missing a nullability type specifier (_Nonnull, _Nullable, or _Null_unspecified) [-Wnullability-completeness]
 4685 | void VmaStlAllocator<T>::deallocate(T* p, size_t n) { VmaFree(m_pCallbacks, p); }
      |                                      ^
/Users/runner/work/PTVisionPro/PTVisionPro/build/deps/vma-src/include/vk_mem_alloc.h:4685:38: note: insert '_Nullable' if the pointer may be null
 4685 | void VmaStlAllocator<T>::deallocate(T* p, size_t n) { VmaFree(m_pCallbacks, p); }
      |                                      ^
      |                                        _Nullable
/Users/runner/work/PTVisionPro/PTVisionPro/build/deps/vma-src/include/vk_mem_alloc.h:4685:38: note: insert '_Nonnull' if the pointer should never be null
 4685 | void VmaStlAllocator<T>::deallocate(T* p, size_t n) { VmaFree(m_pCallbacks, p); }
      |                                      ^
      |                                        _Nonnull
/Users/runner/work/PTVisionPro/PTVisionPro/build/deps/vma-src/include/vk_mem_alloc.h:4711:6: warning: pointer is missing a nullability type specifier (_Nonnull, _Nullable, or _Null_unspecified) [-Wnullability-completeness]
 4711 |     T* data() { return m_pArray; }
      |      ^
/Users/runner/work/PTVisionPro/PTVisionPro/build/deps/vma-src/include/vk_mem_alloc.h:4711:6: note: insert '_Nullable' if the pointer may be null
 4711 |     T* data() { return m_pArray; }
      |      ^
      |        _Nullable
/Users/runner/work/PTVisionPro/PTVisionPro/build/deps/vma-src/include/vk_mem_alloc.h:4711:6: note: insert '_Nonnull' if the pointer should never be null
 4711 |     T* data() { return m_pArray; }
      |      ^
      |        _Nonnull
/Users/runner/work/PTVisionPro/PTVisionPro/build/deps/vma-src/include/vk_mem_alloc.h:4714:12: warning: pointer is missing a nullability type specifier (_Nonnull, _Nullable, or _Null_unspecified) [-Wnullability-completeness]
 4714 |     const T* data() const { return m_pArray; }
      |            ^
/Users/runner/work/PTVisionPro/PTVisionPro/build/deps/vma-src/include/vk_mem_alloc.h:4714:12: note: insert '_Nullable' if the pointer may be null
 4714 |     const T* data() const { return m_pArray; }
      |            ^
      |              _Nullable
/Users/runner/work/PTVisionPro/PTVisionPro/build/deps/vma-src/include/vk_mem_alloc.h:4714:12: note: insert '_Nonnull' if the pointer should never be null
 4714 |     const T* data() const { return m_pArray; }
      |            ^
      |              _Nonnull
/Users/runner/work/PTVisionPro/PTVisionPro/build/deps/vma-src/include/vk_mem_alloc.h:4718:5: warning: pointer is missing a nullability type specifier (_Nonnull, _Nullable, or _Null_unspecified) [-Wnullability-completeness]
 4718 |     iterator begin() { return m_pArray; }
      |     ^
/Users/runner/work/PTVisionPro/PTVisionPro/build/deps/vma-src/include/vk_mem_alloc.h:4718:5: note: insert '_Nullable' if the pointer may be null
 4718 |     iterator begin() { return m_pArray; }
      |     ^
      |              _Nullable
/Users/runner/work/PTVisionPro/PTVisionPro/build/deps/vma-src/include/vk_mem_alloc.h:4718:5: note: insert '_Nonnull' if the pointer should never be null
 4718 |     iterator begin() { return m_pArray; }
      |     ^
      |              _Nonnull
/Users/runner/work/PTVisionPro/PTVisionPro/build/deps/vma-src/include/vk_mem_alloc.h:4719:5: warning: pointer is missing a nullability type specifier (_Nonnull, _Nullable, or _Null_unspecified) [-Wnullability-completeness]
 4719 |     iterator end() { return m_pArray + m_Count; }
      |     ^
/Users/runner/work/PTVisionPro/PTVisionPro/build/deps/vma-src/include/vk_mem_alloc.h:4719:5: note: insert '_Nullable' if the pointer may be null
 4719 |     iterator end() { return m_pArray + m_Count; }
      |     ^
      |              _Nullable
/Users/runner/work/PTVisionPro/PTVisionPro/build/deps/vma-src/include/vk_mem_alloc.h:4719:5: note: insert '_Nonnull' if the pointer should never be null
 4719 |     iterator end() { return m_pArray + m_Count; }
      |     ^
      |              _Nonnull
/Users/runner/work/PTVisionPro/PTVisionPro/build/deps/vma-src/include/vk_mem_alloc.h:4720:5: warning: pointer is missing a nullability type specifier (_Nonnull, _Nullable, or _Null_unspecified) [-Wnullability-completeness]
 4720 |     const_iterator cbegin() const { return m_pArray; }
      |     ^
/Users/runner/work/PTVisionPro/PTVisionPro/build/deps/vma-src/include/vk_mem_alloc.h:4720:5: note: insert '_Nullable' if the pointer may be null
 4720 |     const_iterator cbegin() const { return m_pArray; }
      |     ^
      |                    _Nullable
/Users/runner/work/PTVisionPro/PTVisionPro/build/deps/vma-src/include/vk_mem_alloc.h:4720:5: note: insert '_Nonnull' if the pointer should never be null
 4720 |     const_iterator cbegin() const { return m_pArray; }
      |     ^
      |                    _Nonnull
/Users/runner/work/PTVisionPro/PTVisionPro/build/deps/vma-src/include/vk_mem_alloc.h:4721:5: warning: pointer is missing a nullability type specifier (_Nonnull, _Nullable, or _Null_unspecified) [-Wnullability-completeness]
 4721 |     const_iterator cend() const { return m_pArray + m_Count; }
      |     ^
/Users/runner/work/PTVisionPro/PTVisionPro/build/deps/vma-src/include/vk_mem_alloc.h:4721:5: note: insert '_Nullable' if the pointer may be null
 4721 |     const_iterator cend() const { return m_pArray + m_Count; }
      |     ^
      |                    _Nullable
/Users/runner/work/PTVisionPro/PTVisionPro/build/deps/vma-src/include/vk_mem_alloc.h:4721:5: note: insert '_Nonnull' if the pointer should never be null
 4721 |     const_iterator cend() const { return m_pArray + m_Count; }
      |     ^
      |                    _Nonnull
/Users/runner/work/PTVisionPro/PTVisionPro/build/deps/vma-src/include/vk_mem_alloc.h:4722:5: warning: pointer is missing a nullability type specifier (_Nonnull, _Nullable, or _Null_unspecified) [-Wnullability-completeness]
 4722 |     const_iterator begin() const { return cbegin(); }
      |     ^
/Users/runner/work/PTVisionPro/PTVisionPro/build/deps/vma-src/include/vk_mem_alloc.h:4722:5: note: insert '_Nullable' if the pointer may be null
 4722 |     const_iterator begin() const { return cbegin(); }
      |     ^
      |                    _Nullable
/Users/runner/work/PTVisionPro/PTVisionPro/build/deps/vma-src/include/vk_mem_alloc.h:4722:5: note: insert '_Nonnull' if the pointer should never be null
 4722 |     const_iterator begin() const { return cbegin(); }
      |     ^
      |                    _Nonnull
/Users/runner/work/PTVisionPro/PTVisionPro/build/deps/vma-src/include/vk_mem_alloc.h:4723:5: warning: pointer is missing a nullability type specifier (_Nonnull, _Nullable, or _Null_unspecified) [-Wnullability-completeness]
 4723 |     const_iterator end() const { return cend(); }
      |     ^
/Users/runner/work/PTVisionPro/PTVisionPro/build/deps/vma-src/include/vk_mem_alloc.h:4723:5: note: insert '_Nullable' if the pointer may be null
 4723 |     const_iterator end() const { return cend(); }
      |     ^
      |                    _Nullable
/Users/runner/work/PTVisionPro/PTVisionPro/build/deps/vma-src/include/vk_mem_alloc.h:4723:5: note: insert '_Nonnull' if the pointer should never be null
 4723 |     const_iterator end() const { return cend(); }
      |     ^
      |                    _Nonnull
/Users/runner/work/PTVisionPro/PTVisionPro/build/deps/vma-src/include/vk_mem_alloc.h:4742:6: warning: pointer is missing a nullability type specifier (_Nonnull, _Nullable, or _Null_unspecified) [-Wnullability-completeness]
 4742 |     T* m_pArray;
      |      ^
/Users/runner/work/PTVisionPro/PTVisionPro/build/deps/vma-src/include/vk_mem_alloc.h:4742:6: note: insert '_Nullable' if the pointer may be null
 4742 |     T* m_pArray;
      |      ^
      |        _Nullable
/Users/runner/work/PTVisionPro/PTVisionPro/build/deps/vma-src/include/vk_mem_alloc.h:4742:6: note: insert '_Nonnull' if the pointer should never be null
 4742 |     T* m_pArray;
      |      ^
      |        _Nonnull
/Users/runner/work/PTVisionPro/PTVisionPro/build/deps/vma-src/include/vk_mem_alloc.h:4936:6: warning: pointer is missing a nullability type specifier (_Nonnull, _Nullable, or _Null_unspecified) [-Wnullability-completeness]
 4936 |     T* data() { return m_Count > N ? m_DynamicArray.data() : m_StaticArray; }
      |      ^
/Users/runner/work/PTVisionPro/PTVisionPro/build/deps/vma-src/include/vk_mem_alloc.h:4936:6: note: insert '_Nullable' if the pointer may be null
 4936 |     T* data() { return m_Count > N ? m_DynamicArray.data() : m_StaticArray; }
      |      ^
      |        _Nullable
/Users/runner/work/PTVisionPro/PTVisionPro/build/deps/vma-src/include/vk_mem_alloc.h:4936:6: note: insert '_Nonnull' if the pointer should never be null
 4936 |     T* data() { return m_Count > N ? m_DynamicArray.data() : m_StaticArray; }
      |      ^
      |        _Nonnull
/Users/runner/work/PTVisionPro/PTVisionPro/build/deps/vma-src/include/vk_mem_alloc.h:4939:12: warning: pointer is missing a nullability type specifier (_Nonnull, _Nullable, or _Null_unspecified) [-Wnullability-completeness]
 4939 |     const T* data() const { return m_Count > N ? m_DynamicArray.data() : m_StaticArray; }
      |            ^
/Users/runner/work/PTVisionPro/PTVisionPro/build/deps/vma-src/include/vk_mem_alloc.h:4939:12: note: insert '_Nullable' if the pointer may be null
 4939 |     const T* data() const { return m_Count > N ? m_DynamicArray.data() : m_StaticArray; }
      |            ^
      |              _Nullable
/Users/runner/work/PTVisionPro/PTVisionPro/build/deps/vma-src/include/vk_mem_alloc.h:4939:12: note: insert '_Nonnull' if the pointer should never be null
 4939 |     const T* data() const { return m_Count > N ? m_DynamicArray.data() : m_StaticArray; }
      |            ^
      |              _Nonnull
/Users/runner/work/PTVisionPro/PTVisionPro/build/deps/vma-src/include/vk_mem_alloc.h:4943:5: warning: pointer is missing a nullability type specifier (_Nonnull, _Nullable, or _Null_unspecified) [-Wnullability-completeness]
 4943 |     iterator begin() { return data(); }
      |     ^
/Users/runner/work/PTVisionPro/PTVisionPro/build/deps/vma-src/include/vk_mem_alloc.h:4943:5: note: insert '_Nullable' if the pointer may be null
 4943 |     iterator begin() { return data(); }
      |     ^
      |              _Nullable
/Users/runner/work/PTVisionPro/PTVisionPro/build/deps/vma-src/include/vk_mem_alloc.h:4943:5: note: insert '_Nonnull' if the pointer should never be null
 4943 |     iterator begin() { return data(); }
      |     ^
      |              _Nonnull
/Users/runner/work/PTVisionPro/PTVisionPro/build/deps/vma-src/include/vk_mem_alloc.h:4944:5: warning: pointer is missing a nullability type specifier (_Nonnull, _Nullable, or _Null_unspecified) [-Wnullability-completeness]
 4944 |     iterator end() { return data() + m_Count; }
      |     ^
/Users/runner/work/PTVisionPro/PTVisionPro/build/deps/vma-src/include/vk_mem_alloc.h:4944:5: note: insert '_Nullable' if the pointer may be null
 4944 |     iterator end() { return data() + m_Count; }
      |     ^
      |              _Nullable
/Users/runner/work/PTVisionPro/PTVisionPro/build/deps/vma-src/include/vk_mem_alloc.h:4944:5: note: insert '_Nonnull' if the pointer should never be null
 4944 |     iterator end() { return data() + m_Count; }
      |     ^
      |              _Nonnull
/Users/runner/work/PTVisionPro/PTVisionPro/build/deps/vma-src/include/vk_mem_alloc.h:5078:49: warning: pointer is missing a nullability type specifier (_Nonnull, _Nullable, or _Null_unspecified) [-Wnullability-completeness]
 5078 |     VmaPoolAllocator(const VkAllocationCallbacks* pAllocationCallbacks, uint32_t firstBlockCapacity);
      |                                                 ^
/Users/runner/work/PTVisionPro/PTVisionPro/build/deps/vma-src/include/vk_mem_alloc.h:5078:49: note: insert '_Nullable' if the pointer may be null
 5078 |     VmaPoolAllocator(const VkAllocationCallbacks* pAllocationCallbacks, uint32_t firstBlockCapacity);
      |                                                 ^
      |                                                   _Nullable
/Users/runner/work/PTVisionPro/PTVisionPro/build/deps/vma-src/include/vk_mem_alloc.h:5078:49: note: insert '_Nonnull' if the pointer should never be null
 5078 |     VmaPoolAllocator(const VkAllocationCallbacks* pAllocationCallbacks, uint32_t firstBlockCapacity);
      |                                                 ^
      |                                                   _Nonnull
/Users/runner/work/PTVisionPro/PTVisionPro/build/deps/vma-src/include/vk_mem_alloc.h:5080:34: warning: pointer is missing a nullability type specifier (_Nonnull, _Nullable, or _Null_unspecified) [-Wnullability-completeness]
 5080 |     template<typename... Types> T* Alloc(Types&&... args);
      |                                  ^
/Users/runner/work/PTVisionPro/PTVisionPro/build/deps/vma-src/include/vk_mem_alloc.h:5080:34: note: insert '_Nullable' if the pointer may be null
 5080 |     template<typename... Types> T* Alloc(Types&&... args);
      |                                  ^
      |                                    _Nullable
/Users/runner/work/PTVisionPro/PTVisionPro/build/deps/vma-src/include/vk_mem_alloc.h:5080:34: note: insert '_Nonnull' if the pointer should never be null
 5080 |     template<typename... Types> T* Alloc(Types&&... args);
      |                                  ^
      |                                    _Nonnull
/Users/runner/work/PTVisionPro/PTVisionPro/build/deps/vma-src/include/vk_mem_alloc.h:5081:16: warning: pointer is missing a nullability type specifier (_Nonnull, _Nullable, or _Null_unspecified) [-Wnullability-completeness]
 5081 |     void Free(T* ptr);
      |                ^
/Users/runner/work/PTVisionPro/PTVisionPro/build/deps/vma-src/include/vk_mem_alloc.h:5081:16: note: insert '_Nullable' if the pointer may be null
 5081 |     void Free(T* ptr);
      |                ^
      |                  _Nullable
/Users/runner/work/PTVisionPro/PTVisionPro/build/deps/vma-src/include/vk_mem_alloc.h:5081:16: note: insert '_Nonnull' if the pointer should never be null
 5081 |     void Free(T* ptr);
      |                ^
      |                  _Nonnull
/Users/runner/work/PTVisionPro/PTVisionPro/build/deps/vma-src/include/vk_mem_alloc.h:5091:13: warning: pointer is missing a nullability type specifier (_Nonnull, _Nullable, or _Null_unspecified) [-Wnullability-completeness]
 5091 |         Item* pItems;
      |             ^
/Users/runner/work/PTVisionPro/PTVisionPro/build/deps/vma-src/include/vk_mem_alloc.h:5091:13: note: insert '_Nullable' if the pointer may be null
 5091 |         Item* pItems;
      |             ^
      |               _Nullable
/Users/runner/work/PTVisionPro/PTVisionPro/build/deps/vma-src/include/vk_mem_alloc.h:5091:13: note: insert '_Nonnull' if the pointer should never be null
 5091 |         Item* pItems;
      |             ^
      |               _Nonnull
/Users/runner/work/PTVisionPro/PTVisionPro/build/deps/vma-src/include/vk_mem_alloc.h:5096:32: warning: pointer is missing a nullability type specifier (_Nonnull, _Nullable, or _Null_unspecified) [-Wnullability-completeness]
 5096 |     const VkAllocationCallbacks* m_pAllocationCallbacks;
      |                                ^
/Users/runner/work/PTVisionPro/PTVisionPro/build/deps/vma-src/include/vk_mem_alloc.h:5096:32: note: insert '_Nullable' if the pointer may be null
 5096 |     const VkAllocationCallbacks* m_pAllocationCallbacks;
      |                                ^
      |                                  _Nullable
/Users/runner/work/PTVisionPro/PTVisionPro/build/deps/vma-src/include/vk_mem_alloc.h:5096:32: note: insert '_Nonnull' if the pointer should never be null
 5096 |     const VkAllocationCallbacks* m_pAllocationCallbacks;
      |                                ^
      |                                  _Nonnull
/Users/runner/work/PTVisionPro/PTVisionPro/build/deps/vma-src/include/vk_mem_alloc.h:5105:66: warning: pointer is missing a nullability type specifier (_Nonnull, _Nullable, or _Null_unspecified) [-Wnullability-completeness]
 5105 | VmaPoolAllocator<T>::VmaPoolAllocator(const VkAllocationCallbacks* pAllocationCallbacks, uint32_t firstBlockCapacity)
      |                                                                  ^
/Users/runner/work/PTVisionPro/PTVisionPro/build/deps/vma-src/include/vk_mem_alloc.h:5105:66: note: insert '_Nullable' if the pointer may be null
 5105 | VmaPoolAllocator<T>::VmaPoolAllocator(const VkAllocationCallbacks* pAllocationCallbacks, uint32_t firstBlockCapacity)
      |                                                                  ^
      |                                                                    _Nullable
/Users/runner/work/PTVisionPro/PTVisionPro/build/deps/vma-src/include/vk_mem_alloc.h:5105:66: note: insert '_Nonnull' if the pointer should never be null
 5105 | VmaPoolAllocator<T>::VmaPoolAllocator(const VkAllocationCallbacks* pAllocationCallbacks, uint32_t firstBlockCapacity)
      |                                                                  ^
      |                                                                    _Nonnull
/Users/runner/work/PTVisionPro/PTVisionPro/build/deps/vma-src/include/vk_mem_alloc.h:5122:30: warning: pointer is missing a nullability type specifier (_Nonnull, _Nullable, or _Null_unspecified) [-Wnullability-completeness]
 5122 | template<typename... Types> T* VmaPoolAllocator<T>::Alloc(Types&&... args)
      |                              ^
/Users/runner/work/PTVisionPro/PTVisionPro/build/deps/vma-src/include/vk_mem_alloc.h:5122:30: note: insert '_Nullable' if the pointer may be null
 5122 | template<typename... Types> T* VmaPoolAllocator<T>::Alloc(Types&&... args)
      |                              ^
      |                                _Nullable
/Users/runner/work/PTVisionPro/PTVisionPro/build/deps/vma-src/include/vk_mem_alloc.h:5122:30: note: insert '_Nonnull' if the pointer should never be null
 5122 | template<typename... Types> T* VmaPoolAllocator<T>::Alloc(Types&&... args)
      |                              ^
      |                                _Nonnull
/Users/runner/work/PTVisionPro/PTVisionPro/build/deps/vma-src/include/vk_mem_alloc.h:5148:33: warning: pointer is missing a nullability type specifier (_Nonnull, _Nullable, or _Null_unspecified) [-Wnullability-completeness]
 5148 | void VmaPoolAllocator<T>::Free(T* ptr)
      |                                 ^
/Users/runner/work/PTVisionPro/PTVisionPro/build/deps/vma-src/include/vk_mem_alloc.h:5148:33: note: insert '_Nullable' if the pointer may be null
 5148 | void VmaPoolAllocator<T>::Free(T* ptr)
      |                                 ^
      |                                   _Nullable
/Users/runner/work/PTVisionPro/PTVisionPro/build/deps/vma-src/include/vk_mem_alloc.h:5148:33: note: insert '_Nonnull' if the pointer should never be null
 5148 | void VmaPoolAllocator<T>::Free(T* ptr)
      |                                 ^
      |                                   _Nonnull
/Users/runner/work/PTVisionPro/PTVisionPro/build/deps/vma-src/include/vk_mem_alloc.h:5200:16: warning: pointer is missing a nullability type specifier (_Nonnull, _Nullable, or _Null_unspecified) [-Wnullability-completeness]
 5200 |     VmaListItem* pPrev;
      |                ^
/Users/runner/work/PTVisionPro/PTVisionPro/build/deps/vma-src/include/vk_mem_alloc.h:5200:16: note: insert '_Nullable' if the pointer may be null
 5200 |     VmaListItem* pPrev;
      |                ^
      |                  _Nullable
/Users/runner/work/PTVisionPro/PTVisionPro/build/deps/vma-src/include/vk_mem_alloc.h:5200:16: note: insert '_Nonnull' if the pointer should never be null
 5200 |     VmaListItem* pPrev;
      |                ^
      |                  _Nonnull
/Users/runner/work/PTVisionPro/PTVisionPro/build/deps/vma-src/include/vk_mem_alloc.h:5201:16: warning: pointer is missing a nullability type specifier (_Nonnull, _Nullable, or _Null_unspecified) [-Wnullability-completeness]
 5201 |     VmaListItem* pNext;
      |                ^
/Users/runner/work/PTVisionPro/PTVisionPro/build/deps/vma-src/include/vk_mem_alloc.h:5201:16: note: insert '_Nullable' if the pointer may be null
 5201 |     VmaListItem* pNext;
      |                ^
      |                  _Nullable
/Users/runner/work/PTVisionPro/PTVisionPro/build/deps/vma-src/include/vk_mem_alloc.h:5201:16: note: insert '_Nonnull' if the pointer should never be null
 5201 |     VmaListItem* pNext;
      |                ^
      |                  _Nonnull
/Users/runner/work/PTVisionPro/PTVisionPro/build/deps/vma-src/include/vk_mem_alloc.h:5213:52: warning: pointer is missing a nullability type specifier (_Nonnull, _Nullable, or _Null_unspecified) [-Wnullability-completeness]
 5213 |     explicit VmaRawList(const VkAllocationCallbacks* pAllocationCallbacks);
      |                                                    ^
/Users/runner/work/PTVisionPro/PTVisionPro/build/deps/vma-src/include/vk_mem_alloc.h:5213:52: note: insert '_Nullable' if the pointer may be null
 5213 |     explicit VmaRawList(const VkAllocationCallbacks* pAllocationCallbacks);
      |                                                    ^
      |                                                      _Nullable
/Users/runner/work/PTVisionPro/PTVisionPro/build/deps/vma-src/include/vk_mem_alloc.h:5213:52: note: insert '_Nonnull' if the pointer should never be null
 5213 |     explicit VmaRawList(const VkAllocationCallbacks* pAllocationCallbacks);
      |                                                    ^
      |                                                      _Nonnull
/Users/runner/work/PTVisionPro/PTVisionPro/build/deps/vma-src/include/vk_mem_alloc.h:5221:13: warning: pointer is missing a nullability type specifier (_Nonnull, _Nullable, or _Null_unspecified) [-Wnullability-completeness]
 5221 |     ItemType* Front() { return m_pFront; }
      |             ^
/Users/runner/work/PTVisionPro/PTVisionPro/build/deps/vma-src/include/vk_mem_alloc.h:5221:13: note: insert '_Nullable' if the pointer may be null
 5221 |     ItemType* Front() { return m_pFront; }
      |             ^
      |               _Nullable
/Users/runner/work/PTVisionPro/PTVisionPro/build/deps/vma-src/include/vk_mem_alloc.h:5221:13: note: insert '_Nonnull' if the pointer should never be null
 5221 |     ItemType* Front() { return m_pFront; }
      |             ^
      |               _Nonnull
/Users/runner/work/PTVisionPro/PTVisionPro/build/deps/vma-src/include/vk_mem_alloc.h:5222:13: warning: pointer is missing a nullability type specifier (_Nonnull, _Nullable, or _Null_unspecified) [-Wnullability-completeness]
 5222 |     ItemType* Back() { return m_pBack; }
      |             ^
/Users/runner/work/PTVisionPro/PTVisionPro/build/deps/vma-src/include/vk_mem_alloc.h:5222:13: note: insert '_Nullable' if the pointer may be null
 5222 |     ItemType* Back() { return m_pBack; }
      |             ^
      |               _Nullable
/Users/runner/work/PTVisionPro/PTVisionPro/build/deps/vma-src/include/vk_mem_alloc.h:5222:13: note: insert '_Nonnull' if the pointer should never be null
 5222 |     ItemType* Back() { return m_pBack; }
      |             ^
      |               _Nonnull
/Users/runner/work/PTVisionPro/PTVisionPro/build/deps/vma-src/include/vk_mem_alloc.h:5223:19: warning: pointer is missing a nullability type specifier (_Nonnull, _Nullable, or _Null_unspecified) [-Wnullability-completeness]
 5223 |     const ItemType* Front() const { return m_pFront; }
      |                   ^
/Users/runner/work/PTVisionPro/PTVisionPro/build/deps/vma-src/include/vk_mem_alloc.h:5223:19: note: insert '_Nullable' if the pointer may be null
 5223 |     const ItemType* Front() const { return m_pFront; }
      |                   ^
      |                     _Nullable
/Users/runner/work/PTVisionPro/PTVisionPro/build/deps/vma-src/include/vk_mem_alloc.h:5223:19: note: insert '_Nonnull' if the pointer should never be null
 5223 |     const ItemType* Front() const { return m_pFront; }
      |                   ^
      |                     _Nonnull
/Users/runner/work/PTVisionPro/PTVisionPro/build/deps/vma-src/include/vk_mem_alloc.h:5224:19: warning: pointer is missing a nullability type specifier (_Nonnull, _Nullable, or _Null_unspecified) [-Wnullability-completeness]
 5224 |     const ItemType* Back() const { return m_pBack; }
      |                   ^
/Users/runner/work/PTVisionPro/PTVisionPro/build/deps/vma-src/include/vk_mem_alloc.h:5224:19: note: insert '_Nullable' if the pointer may be null
 5224 |     const ItemType* Back() const { return m_pBack; }
      |                   ^
      |                     _Nullable
/Users/runner/work/PTVisionPro/PTVisionPro/build/deps/vma-src/include/vk_mem_alloc.h:5224:19: note: insert '_Nonnull' if the pointer should never be null
 5224 |     const ItemType* Back() const { return m_pBack; }
      |                   ^
      |                     _Nonnull
/Users/runner/work/PTVisionPro/PTVisionPro/build/deps/vma-src/include/vk_mem_alloc.h:5226:13: warning: pointer is missing a nullability type specifier (_Nonnull, _Nullable, or _Null_unspecified) [-Wnullability-completeness]
 5226 |     ItemType* PushFront();
      |             ^
/Users/runner/work/PTVisionPro/PTVisionPro/build/deps/vma-src/include/vk_mem_alloc.h:5226:13: note: insert '_Nullable' if the pointer may be null
 5226 |     ItemType* PushFront();
      |             ^
      |               _Nullable
/Users/runner/work/PTVisionPro/PTVisionPro/build/deps/vma-src/include/vk_mem_alloc.h:5226:13: note: insert '_Nonnull' if the pointer should never be null
 5226 |     ItemType* PushFront();
      |             ^
      |               _Nonnull
/Users/runner/work/PTVisionPro/PTVisionPro/build/deps/vma-src/include/vk_mem_alloc.h:5227:13: warning: pointer is missing a nullability type specifier (_Nonnull, _Nullable, or _Null_unspecified) [-Wnullability-completeness]
 5227 |     ItemType* PushBack();
      |             ^
/Users/runner/work/PTVisionPro/PTVisionPro/build/deps/vma-src/include/vk_mem_alloc.h:5227:13: note: insert '_Nullable' if the pointer may be null
 5227 |     ItemType* PushBack();
      |             ^
      |               _Nullable
/Users/runner/work/PTVisionPro/PTVisionPro/build/deps/vma-src/include/vk_mem_alloc.h:5227:13: note: insert '_Nonnull' if the pointer should never be null
 5227 |     ItemType* PushBack();
      |             ^
      |               _Nonnull
/Users/runner/work/PTVisionPro/PTVisionPro/build/deps/vma-src/include/vk_mem_alloc.h:5228:13: warning: pointer is missing a nullability type specifier (_Nonnull, _Nullable, or _Null_unspecified) [-Wnullability-completeness]
 5228 |     ItemType* PushFront(const T& value);
      |             ^
/Users/runner/work/PTVisionPro/PTVisionPro/build/deps/vma-src/include/vk_mem_alloc.h:5228:13: note: insert '_Nullable' if the pointer may be null
 5228 |     ItemType* PushFront(const T& value);
      |             ^
      |               _Nullable
/Users/runner/work/PTVisionPro/PTVisionPro/build/deps/vma-src/include/vk_mem_alloc.h:5228:13: note: insert '_Nonnull' if the pointer should never be null
 5228 |     ItemType* PushFront(const T& value);
      |             ^
      |               _Nonnull
/Users/runner/work/PTVisionPro/PTVisionPro/build/deps/vma-src/include/vk_mem_alloc.h:5229:13: warning: pointer is missing a nullability type specifier (_Nonnull, _Nullable, or _Null_unspecified) [-Wnullability-completeness]
 5229 |     ItemType* PushBack(const T& value);
      |             ^
/Users/runner/work/PTVisionPro/PTVisionPro/build/deps/vma-src/include/vk_mem_alloc.h:5229:13: note: insert '_Nullable' if the pointer may be null
 5229 |     ItemType* PushBack(const T& value);
      |             ^
      |               _Nullable
/Users/runner/work/PTVisionPro/PTVisionPro/build/deps/vma-src/include/vk_mem_alloc.h:5229:13: note: insert '_Nonnull' if the pointer should never be null
 5229 |     ItemType* PushBack(const T& value);
      |             ^
      |               _Nonnull
/Users/runner/work/PTVisionPro/PTVisionPro/build/deps/vma-src/include/vk_mem_alloc.h:5234:36: warning: pointer is missing a nullability type specifier (_Nonnull, _Nullable, or _Null_unspecified) [-Wnullability-completeness]
 5234 |     ItemType* InsertBefore(ItemType* pItem);
      |                                    ^
/Users/runner/work/PTVisionPro/PTVisionPro/build/deps/vma-src/include/vk_mem_alloc.h:5234:36: note: insert '_Nullable' if the pointer may be null
 5234 |     ItemType* InsertBefore(ItemType* pItem);
      |                                    ^
      |                                      _Nullable
/Users/runner/work/PTVisionPro/PTVisionPro/build/deps/vma-src/include/vk_mem_alloc.h:5234:36: note: insert '_Nonnull' if the pointer should never be null
 5234 |     ItemType* InsertBefore(ItemType* pItem);
      |                                    ^
      |                                      _Nonnull
/Users/runner/work/PTVisionPro/PTVisionPro/build/deps/vma-src/include/vk_mem_alloc.h:5234:13: warning: pointer is missing a nullability type specifier (_Nonnull, _Nullable, or _Null_unspecified) [-Wnullability-completeness]
 5234 |     ItemType* InsertBefore(ItemType* pItem);
      |             ^
/Users/runner/work/PTVisionPro/PTVisionPro/build/deps/vma-src/include/vk_mem_alloc.h:5234:13: note: insert '_Nullable' if the pointer may be null
 5234 |     ItemType* InsertBefore(ItemType* pItem);
      |             ^
      |               _Nullable
/Users/runner/work/PTVisionPro/PTVisionPro/build/deps/vma-src/include/vk_mem_alloc.h:5234:13: note: insert '_Nonnull' if the pointer should never be null
 5234 |     ItemType* InsertBefore(ItemType* pItem);
      |             ^
      |               _Nonnull
/Users/runner/work/PTVisionPro/PTVisionPro/build/deps/vma-src/include/vk_mem_alloc.h:5236:35: warning: pointer is missing a nullability type specifier (_Nonnull, _Nullable, or _Null_unspecified) [-Wnullability-completeness]
 5236 |     ItemType* InsertAfter(ItemType* pItem);
      |                                   ^
/Users/runner/work/PTVisionPro/PTVisionPro/build/deps/vma-src/include/vk_mem_alloc.h:5236:35: note: insert '_Nullable' if the pointer may be null
 5236 |     ItemType* InsertAfter(ItemType* pItem);
      |                                   ^
      |                                     _Nullable
/Users/runner/work/PTVisionPro/PTVisionPro/build/deps/vma-src/include/vk_mem_alloc.h:5236:35: note: insert '_Nonnull' if the pointer should never be null
 5236 |     ItemType* InsertAfter(ItemType* pItem);
      |                                   ^
      |                                     _Nonnull
/Users/runner/work/PTVisionPro/PTVisionPro/build/deps/vma-src/include/vk_mem_alloc.h:5236:13: warning: pointer is missing a nullability type specifier (_Nonnull, _Nullable, or _Null_unspecified) [-Wnullability-completeness]
 5236 |     ItemType* InsertAfter(ItemType* pItem);
      |             ^
/Users/runner/work/PTVisionPro/PTVisionPro/build/deps/vma-src/include/vk_mem_alloc.h:5236:13: note: insert '_Nullable' if the pointer may be null
 5236 |     ItemType* InsertAfter(ItemType* pItem);
      |             ^
      |               _Nullable
/Users/runner/work/PTVisionPro/PTVisionPro/build/deps/vma-src/include/vk_mem_alloc.h:5236:13: note: insert '_Nonnull' if the pointer should never be null
 5236 |     ItemType* InsertAfter(ItemType* pItem);
      |             ^
      |               _Nonnull
/Users/runner/work/PTVisionPro/PTVisionPro/build/deps/vma-src/include/vk_mem_alloc.h:5237:36: warning: pointer is missing a nullability type specifier (_Nonnull, _Nullable, or _Null_unspecified) [-Wnullability-completeness]
 5237 |     ItemType* InsertBefore(ItemType* pItem, const T& value);
      |                                    ^
/Users/runner/work/PTVisionPro/PTVisionPro/build/deps/vma-src/include/vk_mem_alloc.h:5237:36: note: insert '_Nullable' if the pointer may be null
 5237 |     ItemType* InsertBefore(ItemType* pItem, const T& value);
      |                                    ^
      |                                      _Nullable
/Users/runner/work/PTVisionPro/PTVisionPro/build/deps/vma-src/include/vk_mem_alloc.h:5237:36: note: insert '_Nonnull' if the pointer should never be null
 5237 |     ItemType* InsertBefore(ItemType* pItem, const T& value);
      |                                    ^
      |                                      _Nonnull
/Users/runner/work/PTVisionPro/PTVisionPro/build/deps/vma-src/include/vk_mem_alloc.h:5237:13: warning: pointer is missing a nullability type specifier (_Nonnull, _Nullable, or _Null_unspecified) [-Wnullability-completeness]
 5237 |     ItemType* InsertBefore(ItemType* pItem, const T& value);
      |             ^
/Users/runner/work/PTVisionPro/PTVisionPro/build/deps/vma-src/include/vk_mem_alloc.h:5237:13: note: insert '_Nullable' if the pointer may be null
 5237 |     ItemType* InsertBefore(ItemType* pItem, const T& value);
      |             ^
      |               _Nullable
/Users/runner/work/PTVisionPro/PTVisionPro/build/deps/vma-src/include/vk_mem_alloc.h:5237:13: note: insert '_Nonnull' if the pointer should never be null
 5237 |     ItemType* InsertBefore(ItemType* pItem, const T& value);
      |             ^
      |               _Nonnull
/Users/runner/work/PTVisionPro/PTVisionPro/build/deps/vma-src/include/vk_mem_alloc.h:5238:35: warning: pointer is missing a nullability type specifier (_Nonnull, _Nullable, or _Null_unspecified) [-Wnullability-completeness]
 5238 |     ItemType* InsertAfter(ItemType* pItem, const T& value);
      |                                   ^
/Users/runner/work/PTVisionPro/PTVisionPro/build/deps/vma-src/include/vk_mem_alloc.h:5238:35: note: insert '_Nullable' if the pointer may be null
 5238 |     ItemType* InsertAfter(ItemType* pItem, const T& value);
      |                                   ^
      |                                     _Nullable
/Users/runner/work/PTVisionPro/PTVisionPro/build/deps/vma-src/include/vk_mem_alloc.h:5238:35: note: insert '_Nonnull' if the pointer should never be null
 5238 |     ItemType* InsertAfter(ItemType* pItem, const T& value);
      |                                   ^
      |                                     _Nonnull
/Users/runner/work/PTVisionPro/PTVisionPro/build/deps/vma-src/include/vk_mem_alloc.h:5238:13: warning: pointer is missing a nullability type specifier (_Nonnull, _Nullable, or _Null_unspecified) [-Wnullability-completeness]
 5238 |     ItemType* InsertAfter(ItemType* pItem, const T& value);
      |             ^
/Users/runner/work/PTVisionPro/PTVisionPro/build/deps/vma-src/include/vk_mem_alloc.h:5238:13: note: insert '_Nullable' if the pointer may be null
 5238 |     ItemType* InsertAfter(ItemType* pItem, const T& value);
      |             ^
      |               _Nullable
/Users/runner/work/PTVisionPro/PTVisionPro/build/deps/vma-src/include/vk_mem_alloc.h:5238:13: note: insert '_Nonnull' if the pointer should never be null
 5238 |     ItemType* InsertAfter(ItemType* pItem, const T& value);
      |             ^
      |               _Nonnull
/Users/runner/work/PTVisionPro/PTVisionPro/build/deps/vma-src/include/vk_mem_alloc.h:5241:25: warning: pointer is missing a nullability type specifier (_Nonnull, _Nullable, or _Null_unspecified) [-Wnullability-completeness]
 5241 |     void Remove(ItemType* pItem);
      |                         ^
/Users/runner/work/PTVisionPro/PTVisionPro/build/deps/vma-src/include/vk_mem_alloc.h:5241:25: note: insert '_Nullable' if the pointer may be null
 5241 |     void Remove(ItemType* pItem);
      |                         ^
      |                           _Nullable
/Users/runner/work/PTVisionPro/PTVisionPro/build/deps/vma-src/include/vk_mem_alloc.h:5241:25: note: insert '_Nonnull' if the pointer should never be null
 5241 |     void Remove(ItemType* pItem);
      |                         ^
      |                           _Nonnull
/Users/runner/work/PTVisionPro/PTVisionPro/build/deps/vma-src/include/vk_mem_alloc.h:5244:32: warning: pointer is missing a nullability type specifier (_Nonnull, _Nullable, or _Null_unspecified) [-Wnullability-completeness]
 5244 |     const VkAllocationCallbacks* const m_pAllocationCallbacks;
      |                                ^
/Users/runner/work/PTVisionPro/PTVisionPro/build/deps/vma-src/include/vk_mem_alloc.h:5244:32: note: insert '_Nullable' if the pointer may be null
 5244 |     const VkAllocationCallbacks* const m_pAllocationCallbacks;
      |                                ^
      |                                  _Nullable
/Users/runner/work/PTVisionPro/PTVisionPro/build/deps/vma-src/include/vk_mem_alloc.h:5244:32: note: insert '_Nonnull' if the pointer should never be null
 5244 |     const VkAllocationCallbacks* const m_pAllocationCallbacks;
      |                                ^
      |                                  _Nonnull
/Users/runner/work/PTVisionPro/PTVisionPro/build/deps/vma-src/include/vk_mem_alloc.h:5246:13: warning: pointer is missing a nullability type specifier (_Nonnull, _Nullable, or _Null_unspecified) [-Wnullability-completeness]
 5246 |     ItemType* m_pFront;
      |             ^
/Users/runner/work/PTVisionPro/PTVisionPro/build/deps/vma-src/include/vk_mem_alloc.h:5246:13: note: insert '_Nullable' if the pointer may be null
 5246 |     ItemType* m_pFront;
      |             ^
      |               _Nullable
/Users/runner/work/PTVisionPro/PTVisionPro/build/deps/vma-src/include/vk_mem_alloc.h:5246:13: note: insert '_Nonnull' if the pointer should never be null
 5246 |     ItemType* m_pFront;
      |             ^
      |               _Nonnull
/Users/runner/work/PTVisionPro/PTVisionPro/build/deps/vma-src/include/vk_mem_alloc.h:5247:13: warning: pointer is missing a nullability type specifier (_Nonnull, _Nullable, or _Null_unspecified) [-Wnullability-completeness]
 5247 |     ItemType* m_pBack;
      |             ^
/Users/runner/work/PTVisionPro/PTVisionPro/build/deps/vma-src/include/vk_mem_alloc.h:5247:13: note: insert '_Nullable' if the pointer may be null
 5247 |     ItemType* m_pBack;
      |             ^
      |               _Nullable
/Users/runner/work/PTVisionPro/PTVisionPro/build/deps/vma-src/include/vk_mem_alloc.h:5247:13: note: insert '_Nonnull' if the pointer should never be null
 5247 |     ItemType* m_pBack;
      |             ^
      |               _Nonnull
/Users/runner/work/PTVisionPro/PTVisionPro/build/deps/vma-src/include/vk_mem_alloc.h:5253:54: warning: pointer is missing a nullability type specifier (_Nonnull, _Nullable, or _Null_unspecified) [-Wnullability-completeness]
 5253 | VmaRawList<T>::VmaRawList(const VkAllocationCallbacks* pAllocationCallbacks)
      |                                                      ^
/Users/runner/work/PTVisionPro/PTVisionPro/build/deps/vma-src/include/vk_mem_alloc.h:5253:54: note: insert '_Nullable' if the pointer may be null
 5253 | VmaRawList<T>::VmaRawList(const VkAllocationCallbacks* pAllocationCallbacks)
      |                                                      ^
      |                                                        _Nullable
/Users/runner/work/PTVisionPro/PTVisionPro/build/deps/vma-src/include/vk_mem_alloc.h:5253:54: note: insert '_Nonnull' if the pointer should never be null
 5253 | VmaRawList<T>::VmaRawList(const VkAllocationCallbacks* pAllocationCallbacks)
      |                                                      ^
      |                                                        _Nonnull
/Users/runner/work/PTVisionPro/PTVisionPro/build/deps/vma-src/include/vk_mem_alloc.h:5261:15: warning: pointer is missing a nullability type specifier (_Nonnull, _Nullable, or _Null_unspecified) [-Wnullability-completeness]
 5261 | VmaListItem<T>* VmaRawList<T>::PushFront()
      |               ^
/Users/runner/work/PTVisionPro/PTVisionPro/build/deps/vma-src/include/vk_mem_alloc.h:5261:15: note: insert '_Nullable' if the pointer may be null
 5261 | VmaListItem<T>* VmaRawList<T>::PushFront()
      |               ^
      |                 _Nullable
/Users/runner/work/PTVisionPro/PTVisionPro/build/deps/vma-src/include/vk_mem_alloc.h:5261:15: note: insert '_Nonnull' if the pointer should never be null
 5261 | VmaListItem<T>* VmaRawList<T>::PushFront()
      |               ^
      |                 _Nonnull
/Users/runner/work/PTVisionPro/PTVisionPro/build/deps/vma-src/include/vk_mem_alloc.h:5283:15: warning: pointer is missing a nullability type specifier (_Nonnull, _Nullable, or _Null_unspecified) [-Wnullability-completeness]
 5283 | VmaListItem<T>* VmaRawList<T>::PushBack()
      |               ^
/Users/runner/work/PTVisionPro/PTVisionPro/build/deps/vma-src/include/vk_mem_alloc.h:5283:15: note: insert '_Nullable' if the pointer may be null
 5283 | VmaListItem<T>* VmaRawList<T>::PushBack()
      |               ^
      |                 _Nullable
/Users/runner/work/PTVisionPro/PTVisionPro/build/deps/vma-src/include/vk_mem_alloc.h:5283:15: note: insert '_Nonnull' if the pointer should never be null
 5283 | VmaListItem<T>* VmaRawList<T>::PushBack()
      |               ^
      |                 _Nonnull
/Users/runner/work/PTVisionPro/PTVisionPro/build/deps/vma-src/include/vk_mem_alloc.h:5305:15: warning: pointer is missing a nullability type specifier (_Nonnull, _Nullable, or _Null_unspecified) [-Wnullability-completeness]
 5305 | VmaListItem<T>* VmaRawList<T>::PushFront(const T& value)
      |               ^
/Users/runner/work/PTVisionPro/PTVisionPro/build/deps/vma-src/include/vk_mem_alloc.h:5305:15: note: insert '_Nullable' if the pointer may be null
 5305 | VmaListItem<T>* VmaRawList<T>::PushFront(const T& value)
      |               ^
      |                 _Nullable
/Users/runner/work/PTVisionPro/PTVisionPro/build/deps/vma-src/include/vk_mem_alloc.h:5305:15: note: insert '_Nonnull' if the pointer should never be null
 5305 | VmaListItem<T>* VmaRawList<T>::PushFront(const T& value)
      |               ^
      |                 _Nonnull
/Users/runner/work/PTVisionPro/PTVisionPro/build/deps/vma-src/include/vk_mem_alloc.h:5313:15: warning: pointer is missing a nullability type specifier (_Nonnull, _Nullable, or _Null_unspecified) [-Wnullability-completeness]
 5313 | VmaListItem<T>* VmaRawList<T>::PushBack(const T& value)
      |               ^
/Users/runner/work/PTVisionPro/PTVisionPro/build/deps/vma-src/include/vk_mem_alloc.h:5313:15: note: insert '_Nullable' if the pointer may be null
 5313 | VmaListItem<T>* VmaRawList<T>::PushBack(const T& value)
      |               ^
      |                 _Nullable
/Users/runner/work/PTVisionPro/PTVisionPro/build/deps/vma-src/include/vk_mem_alloc.h:5313:15: note: insert '_Nonnull' if the pointer should never be null
 5313 | VmaListItem<T>* VmaRawList<T>::PushBack(const T& value)
      |               ^
      |                 _Nonnull
/Users/runner/work/PTVisionPro/PTVisionPro/build/deps/vma-src/include/vk_mem_alloc.h:5369:36: warning: pointer is missing a nullability type specifier (_Nonnull, _Nullable, or _Null_unspecified) [-Wnullability-completeness]
 5369 | void VmaRawList<T>::Remove(ItemType* pItem)
      |                                    ^
/Users/runner/work/PTVisionPro/PTVisionPro/build/deps/vma-src/include/vk_mem_alloc.h:5369:36: note: insert '_Nullable' if the pointer may be null
 5369 | void VmaRawList<T>::Remove(ItemType* pItem)
      |                                    ^
      |                                      _Nullable
/Users/runner/work/PTVisionPro/PTVisionPro/build/deps/vma-src/include/vk_mem_alloc.h:5369:36: note: insert '_Nonnull' if the pointer should never be null
 5369 | void VmaRawList<T>::Remove(ItemType* pItem)
      |                                    ^
      |                                      _Nonnull
/Users/runner/work/PTVisionPro/PTVisionPro/build/deps/vma-src/include/vk_mem_alloc.h:5399:53: warning: pointer is missing a nullability type specifier (_Nonnull, _Nullable, or _Null_unspecified) [-Wnullability-completeness]
 5399 | VmaListItem<T>* VmaRawList<T>::InsertBefore(ItemType* pItem)
      |                                                     ^
/Users/runner/work/PTVisionPro/PTVisionPro/build/deps/vma-src/include/vk_mem_alloc.h:5399:53: note: insert '_Nullable' if the pointer may be null
 5399 | VmaListItem<T>* VmaRawList<T>::InsertBefore(ItemType* pItem)
      |                                                     ^
      |                                                       _Nullable
/Users/runner/work/PTVisionPro/PTVisionPro/build/deps/vma-src/include/vk_mem_alloc.h:5399:53: note: insert '_Nonnull' if the pointer should never be null
 5399 | VmaListItem<T>* VmaRawList<T>::InsertBefore(ItemType* pItem)
      |                                                     ^
      |                                                       _Nonnull
/Users/runner/work/PTVisionPro/PTVisionPro/build/deps/vma-src/include/vk_mem_alloc.h:5399:15: warning: pointer is missing a nullability type specifier (_Nonnull, _Nullable, or _Null_unspecified) [-Wnullability-completeness]
 5399 | VmaListItem<T>* VmaRawList<T>::InsertBefore(ItemType* pItem)
      |               ^
/Users/runner/work/PTVisionPro/PTVisionPro/build/deps/vma-src/include/vk_mem_alloc.h:5399:15: note: insert '_Nullable' if the pointer may be null
 5399 | VmaListItem<T>* VmaRawList<T>::InsertBefore(ItemType* pItem)
      |               ^
      |                 _Nullable
/Users/runner/work/PTVisionPro/PTVisionPro/build/deps/vma-src/include/vk_mem_alloc.h:5399:15: note: insert '_Nonnull' if the pointer should never be null
 5399 | VmaListItem<T>* VmaRawList<T>::InsertBefore(ItemType* pItem)
      |               ^
      |                 _Nonnull
/Users/runner/work/PTVisionPro/PTVisionPro/build/deps/vma-src/include/vk_mem_alloc.h:5424:52: warning: pointer is missing a nullability type specifier (_Nonnull, _Nullable, or _Null_unspecified) [-Wnullability-completeness]
 5424 | VmaListItem<T>* VmaRawList<T>::InsertAfter(ItemType* pItem)
      |                                                    ^
/Users/runner/work/PTVisionPro/PTVisionPro/build/deps/vma-src/include/vk_mem_alloc.h:5424:52: note: insert '_Nullable' if the pointer may be null
 5424 | VmaListItem<T>* VmaRawList<T>::InsertAfter(ItemType* pItem)
      |                                                    ^
      |                                                      _Nullable
/Users/runner/work/PTVisionPro/PTVisionPro/build/deps/vma-src/include/vk_mem_alloc.h:5424:52: note: insert '_Nonnull' if the pointer should never be null
 5424 | VmaListItem<T>* VmaRawList<T>::InsertAfter(ItemType* pItem)
      |                                                    ^
      |                                                      _Nonnull
/Users/runner/work/PTVisionPro/PTVisionPro/build/deps/vma-src/include/vk_mem_alloc.h:5424:15: warning: pointer is missing a nullability type specifier (_Nonnull, _Nullable, or _Null_unspecified) [-Wnullability-completeness]
 5424 | VmaListItem<T>* VmaRawList<T>::InsertAfter(ItemType* pItem)
      |               ^
/Users/runner/work/PTVisionPro/PTVisionPro/build/deps/vma-src/include/vk_mem_alloc.h:5424:15: note: insert '_Nullable' if the pointer may be null
 5424 | VmaListItem<T>* VmaRawList<T>::InsertAfter(ItemType* pItem)
      |               ^
      |                 _Nullable
/Users/runner/work/PTVisionPro/PTVisionPro/build/deps/vma-src/include/vk_mem_alloc.h:5424:15: note: insert '_Nonnull' if the pointer should never be null
 5424 | VmaListItem<T>* VmaRawList<T>::InsertAfter(ItemType* pItem)
      |               ^
      |                 _Nonnull
/Users/runner/work/PTVisionPro/PTVisionPro/build/deps/vma-src/include/vk_mem_alloc.h:5449:53: warning: pointer is missing a nullability type specifier (_Nonnull, _Nullable, or _Null_unspecified) [-Wnullability-completeness]
 5449 | VmaListItem<T>* VmaRawList<T>::InsertBefore(ItemType* pItem, const T& value)
      |                                                     ^
/Users/runner/work/PTVisionPro/PTVisionPro/build/deps/vma-src/include/vk_mem_alloc.h:5449:53: note: insert '_Nullable' if the pointer may be null
 5449 | VmaListItem<T>* VmaRawList<T>::InsertBefore(ItemType* pItem, const T& value)
      |                                                     ^
      |                                                       _Nullable
/Users/runner/work/PTVisionPro/PTVisionPro/build/deps/vma-src/include/vk_mem_alloc.h:5449:53: note: insert '_Nonnull' if the pointer should never be null
 5449 | VmaListItem<T>* VmaRawList<T>::InsertBefore(ItemType* pItem, const T& value)
      |                                                     ^
      |                                                       _Nonnull
/Users/runner/work/PTVisionPro/PTVisionPro/build/deps/vma-src/include/vk_mem_alloc.h:5449:15: warning: pointer is missing a nullability type specifier (_Nonnull, _Nullable, or _Null_unspecified) [-Wnullability-completeness]
 5449 | VmaListItem<T>* VmaRawList<T>::InsertBefore(ItemType* pItem, const T& value)
      |               ^
/Users/runner/work/PTVisionPro/PTVisionPro/build/deps/vma-src/include/vk_mem_alloc.h:5449:15: note: insert '_Nullable' if the pointer may be null
 5449 | VmaListItem<T>* VmaRawList<T>::InsertBefore(ItemType* pItem, const T& value)
      |               ^
      |                 _Nullable
/Users/runner/work/PTVisionPro/PTVisionPro/build/deps/vma-src/include/vk_mem_alloc.h:5449:15: note: insert '_Nonnull' if the pointer should never be null
 5449 | VmaListItem<T>* VmaRawList<T>::InsertBefore(ItemType* pItem, const T& value)
      |               ^
      |                 _Nonnull
/Users/runner/work/PTVisionPro/PTVisionPro/build/deps/vma-src/include/vk_mem_alloc.h:5457:52: warning: pointer is missing a nullability type specifier (_Nonnull, _Nullable, or _Null_unspecified) [-Wnullability-completeness]
 5457 | VmaListItem<T>* VmaRawList<T>::InsertAfter(ItemType* pItem, const T& value)
      |                                                    ^
/Users/runner/work/PTVisionPro/PTVisionPro/build/deps/vma-src/include/vk_mem_alloc.h:5457:52: note: insert '_Nullable' if the pointer may be null
 5457 | VmaListItem<T>* VmaRawList<T>::InsertAfter(ItemType* pItem, const T& value)
      |                                                    ^
      |                                                      _Nullable
/Users/runner/work/PTVisionPro/PTVisionPro/build/deps/vma-src/include/vk_mem_alloc.h:5457:52: note: insert '_Nonnull' if the pointer should never be null
 5457 | VmaListItem<T>* VmaRawList<T>::InsertAfter(ItemType* pItem, const T& value)
      |                                                    ^
      |                                                      _Nonnull
/Users/runner/work/PTVisionPro/PTVisionPro/build/deps/vma-src/include/vk_mem_alloc.h:5457:15: warning: pointer is missing a nullability type specifier (_Nonnull, _Nullable, or _Null_unspecified) [-Wnullability-completeness]
 5457 | VmaListItem<T>* VmaRawList<T>::InsertAfter(ItemType* pItem, const T& value)
      |               ^
/Users/runner/work/PTVisionPro/PTVisionPro/build/deps/vma-src/include/vk_mem_alloc.h:5457:15: note: insert '_Nullable' if the pointer may be null
 5457 | VmaListItem<T>* VmaRawList<T>::InsertAfter(ItemType* pItem, const T& value)
      |               ^
      |                 _Nullable
/Users/runner/work/PTVisionPro/PTVisionPro/build/deps/vma-src/include/vk_mem_alloc.h:5457:15: note: insert '_Nonnull' if the pointer should never be null
 5457 | VmaListItem<T>* VmaRawList<T>::InsertAfter(ItemType* pItem, const T& value)
      |               ^
      |                 _Nonnull
/Users/runner/work/PTVisionPro/PTVisionPro/build/deps/vma-src/include/vk_mem_alloc.h:5485:10: warning: pointer is missing a nullability type specifier (_Nonnull, _Nullable, or _Null_unspecified) [-Wnullability-completeness]
 5485 |         T* operator->() const { VMA_HEAVY_ASSERT(m_pItem != VMA_NULL); return &m_pItem->Value; }
      |          ^
/Users/runner/work/PTVisionPro/PTVisionPro/build/deps/vma-src/include/vk_mem_alloc.h:5485:10: note: insert '_Nullable' if the pointer may be null
 5485 |         T* operator->() const { VMA_HEAVY_ASSERT(m_pItem != VMA_NULL); return &m_pItem->Value; }
      |          ^
      |            _Nullable
/Users/runner/work/PTVisionPro/PTVisionPro/build/deps/vma-src/include/vk_mem_alloc.h:5485:10: note: insert '_Nonnull' if the pointer should never be null
 5485 |         T* operator->() const { VMA_HEAVY_ASSERT(m_pItem != VMA_NULL); return &m_pItem->Value; }
      |          ^
      |            _Nonnull
/Users/runner/work/PTVisionPro/PTVisionPro/build/deps/vma-src/include/vk_mem_alloc.h:5497:22: warning: pointer is missing a nullability type specifier (_Nonnull, _Nullable, or _Null_unspecified) [-Wnullability-completeness]
 5497 |         VmaRawList<T>* m_pList;
      |                      ^
/Users/runner/work/PTVisionPro/PTVisionPro/build/deps/vma-src/include/vk_mem_alloc.h:5497:22: note: insert '_Nullable' if the pointer may be null
 5497 |         VmaRawList<T>* m_pList;
      |                      ^
      |                        _Nullable
/Users/runner/work/PTVisionPro/PTVisionPro/build/deps/vma-src/include/vk_mem_alloc.h:5497:22: note: insert '_Nonnull' if the pointer should never be null
 5497 |         VmaRawList<T>* m_pList;
      |                      ^
      |                        _Nonnull
/Users/runner/work/PTVisionPro/PTVisionPro/build/deps/vma-src/include/vk_mem_alloc.h:5498:23: warning: pointer is missing a nullability type specifier (_Nonnull, _Nullable, or _Null_unspecified) [-Wnullability-completeness]
 5498 |         VmaListItem<T>* m_pItem;
      |                       ^
/Users/runner/work/PTVisionPro/PTVisionPro/build/deps/vma-src/include/vk_mem_alloc.h:5498:23: note: insert '_Nullable' if the pointer may be null
 5498 |         VmaListItem<T>* m_pItem;
      |                       ^
      |                         _Nullable
/Users/runner/work/PTVisionPro/PTVisionPro/build/deps/vma-src/include/vk_mem_alloc.h:5498:23: note: insert '_Nonnull' if the pointer should never be null
 5498 |         VmaListItem<T>* m_pItem;
      |                       ^
      |                         _Nonnull
/Users/runner/work/PTVisionPro/PTVisionPro/build/deps/vma-src/include/vk_mem_alloc.h:5500:31: warning: pointer is missing a nullability type specifier (_Nonnull, _Nullable, or _Null_unspecified) [-Wnullability-completeness]
 5500 |         iterator(VmaRawList<T>* pList, VmaListItem<T>* pItem) : m_pList(pList),  m_pItem(pItem) {}
      |                               ^
/Users/runner/work/PTVisionPro/PTVisionPro/build/deps/vma-src/include/vk_mem_alloc.h:5500:31: note: insert '_Nullable' if the pointer may be null
 5500 |         iterator(VmaRawList<T>* pList, VmaListItem<T>* pItem) : m_pList(pList),  m_pItem(pItem) {}
      |                               ^
      |                                 _Nullable
/Users/runner/work/PTVisionPro/PTVisionPro/build/deps/vma-src/include/vk_mem_alloc.h:5500:31: note: insert '_Nonnull' if the pointer should never be null
 5500 |         iterator(VmaRawList<T>* pList, VmaListItem<T>* pItem) : m_pList(pList),  m_pItem(pItem) {}
      |                               ^
      |                                 _Nonnull
/Users/runner/work/PTVisionPro/PTVisionPro/build/deps/vma-src/include/vk_mem_alloc.h:5500:54: warning: pointer is missing a nullability type specifier (_Nonnull, _Nullable, or _Null_unspecified) [-Wnullability-completeness]
 5500 |         iterator(VmaRawList<T>* pList, VmaListItem<T>* pItem) : m_pList(pList),  m_pItem(pItem) {}
      |                                                      ^
/Users/runner/work/PTVisionPro/PTVisionPro/build/deps/vma-src/include/vk_mem_alloc.h:5500:54: note: insert '_Nullable' if the pointer may be null
 5500 |         iterator(VmaRawList<T>* pList, VmaListItem<T>* pItem) : m_pList(pList),  m_pItem(pItem) {}
      |                                                      ^
      |                                                        _Nullable
/Users/runner/work/PTVisionPro/PTVisionPro/build/deps/vma-src/include/vk_mem_alloc.h:5500:54: note: insert '_Nonnull' if the pointer should never be null
 5500 |         iterator(VmaRawList<T>* pList, VmaListItem<T>* pItem) : m_pList(pList),  m_pItem(pItem) {}
      |                                                      ^
      |                                                        _Nonnull
/Users/runner/work/PTVisionPro/PTVisionPro/build/deps/vma-src/include/vk_mem_alloc.h:5511:10: warning: pointer is missing a nullability type specifier (_Nonnull, _Nullable, or _Null_unspecified) [-Wnullability-completeness]
 5511 |         T* operator->() const { VMA_HEAVY_ASSERT(m_pItem != VMA_NULL); return &m_pItem->Value; }
      |          ^
/Users/runner/work/PTVisionPro/PTVisionPro/build/deps/vma-src/include/vk_mem_alloc.h:5511:10: note: insert '_Nullable' if the pointer may be null
 5511 |         T* operator->() const { VMA_HEAVY_ASSERT(m_pItem != VMA_NULL); return &m_pItem->Value; }
      |          ^
      |            _Nullable
/Users/runner/work/PTVisionPro/PTVisionPro/build/deps/vma-src/include/vk_mem_alloc.h:5511:10: note: insert '_Nonnull' if the pointer should never be null
 5511 |         T* operator->() const { VMA_HEAVY_ASSERT(m_pItem != VMA_NULL); return &m_pItem->Value; }
      |          ^
      |            _Nonnull
/Users/runner/work/PTVisionPro/PTVisionPro/build/deps/vma-src/include/vk_mem_alloc.h:5523:22: warning: pointer is missing a nullability type specifier (_Nonnull, _Nullable, or _Null_unspecified) [-Wnullability-completeness]
 5523 |         VmaRawList<T>* m_pList;
      |                      ^
/Users/runner/work/PTVisionPro/PTVisionPro/build/deps/vma-src/include/vk_mem_alloc.h:5523:22: note: insert '_Nullable' if the pointer may be null
 5523 |         VmaRawList<T>* m_pList;
      |                      ^
      |                        _Nullable
/Users/runner/work/PTVisionPro/PTVisionPro/build/deps/vma-src/include/vk_mem_alloc.h:5523:22: note: insert '_Nonnull' if the pointer should never be null
 5523 |         VmaRawList<T>* m_pList;
      |                      ^
      |                        _Nonnull
/Users/runner/work/PTVisionPro/PTVisionPro/build/deps/vma-src/include/vk_mem_alloc.h:5524:23: warning: pointer is missing a nullability type specifier (_Nonnull, _Nullable, or _Null_unspecified) [-Wnullability-completeness]
 5524 |         VmaListItem<T>* m_pItem;
      |                       ^
/Users/runner/work/PTVisionPro/PTVisionPro/build/deps/vma-src/include/vk_mem_alloc.h:5524:23: note: insert '_Nullable' if the pointer may be null
 5524 |         VmaListItem<T>* m_pItem;
      |                       ^
      |                         _Nullable
/Users/runner/work/PTVisionPro/PTVisionPro/build/deps/vma-src/include/vk_mem_alloc.h:5524:23: note: insert '_Nonnull' if the pointer should never be null
 5524 |         VmaListItem<T>* m_pItem;
      |                       ^
      |                         _Nonnull
/Users/runner/work/PTVisionPro/PTVisionPro/build/deps/vma-src/include/vk_mem_alloc.h:5526:39: warning: pointer is missing a nullability type specifier (_Nonnull, _Nullable, or _Null_unspecified) [-Wnullability-completeness]
 5526 |         reverse_iterator(VmaRawList<T>* pList, VmaListItem<T>* pItem) : m_pList(pList),  m_pItem(pItem) {}
      |                                       ^
/Users/runner/work/PTVisionPro/PTVisionPro/build/deps/vma-src/include/vk_mem_alloc.h:5526:39: note: insert '_Nullable' if the pointer may be null
 5526 |         reverse_iterator(VmaRawList<T>* pList, VmaListItem<T>* pItem) : m_pList(pList),  m_pItem(pItem) {}
      |                                       ^
      |                                         _Nullable
/Users/runner/work/PTVisionPro/PTVisionPro/build/deps/vma-src/include/vk_mem_alloc.h:5526:39: note: insert '_Nonnull' if the pointer should never be null
 5526 |         reverse_iterator(VmaRawList<T>* pList, VmaListItem<T>* pItem) : m_pList(pList),  m_pItem(pItem) {}
      |                                       ^
      |                                         _Nonnull
/Users/runner/work/PTVisionPro/PTVisionPro/build/deps/vma-src/include/vk_mem_alloc.h:5526:62: warning: pointer is missing a nullability type specifier (_Nonnull, _Nullable, or _Null_unspecified) [-Wnullability-completeness]
 5526 |         reverse_iterator(VmaRawList<T>* pList, VmaListItem<T>* pItem) : m_pList(pList),  m_pItem(pItem) {}
      |                                                              ^
/Users/runner/work/PTVisionPro/PTVisionPro/build/deps/vma-src/include/vk_mem_alloc.h:5526:62: note: insert '_Nullable' if the pointer may be null
 5526 |         reverse_iterator(VmaRawList<T>* pList, VmaListItem<T>* pItem) : m_pList(pList),  m_pItem(pItem) {}
      |                                                              ^
      |                                                                _Nullable
/Users/runner/work/PTVisionPro/PTVisionPro/build/deps/vma-src/include/vk_mem_alloc.h:5526:62: note: insert '_Nonnull' if the pointer should never be null
 5526 |         reverse_iterator(VmaRawList<T>* pList, VmaListItem<T>* pItem) : m_pList(pList),  m_pItem(pItem) {}
      |                                                              ^
      |                                                                _Nonnull
/Users/runner/work/PTVisionPro/PTVisionPro/build/deps/vma-src/include/vk_mem_alloc.h:5539:16: warning: pointer is missing a nullability type specifier (_Nonnull, _Nullable, or _Null_unspecified) [-Wnullability-completeness]
 5539 |         const T* operator->() const { VMA_HEAVY_ASSERT(m_pItem != VMA_NULL); return &m_pItem->Value; }
      |                ^
/Users/runner/work/PTVisionPro/PTVisionPro/build/deps/vma-src/include/vk_mem_alloc.h:5539:16: note: insert '_Nullable' if the pointer may be null
 5539 |         const T* operator->() const { VMA_HEAVY_ASSERT(m_pItem != VMA_NULL); return &m_pItem->Value; }
      |                ^
      |                  _Nullable
/Users/runner/work/PTVisionPro/PTVisionPro/build/deps/vma-src/include/vk_mem_alloc.h:5539:16: note: insert '_Nonnull' if the pointer should never be null
 5539 |         const T* operator->() const { VMA_HEAVY_ASSERT(m_pItem != VMA_NULL); return &m_pItem->Value; }
      |                ^
      |                  _Nonnull
/Users/runner/work/PTVisionPro/PTVisionPro/build/deps/vma-src/include/vk_mem_alloc.h:5551:28: warning: pointer is missing a nullability type specifier (_Nonnull, _Nullable, or _Null_unspecified) [-Wnullability-completeness]
 5551 |         const VmaRawList<T>* m_pList;
      |                            ^
/Users/runner/work/PTVisionPro/PTVisionPro/build/deps/vma-src/include/vk_mem_alloc.h:5551:28: note: insert '_Nullable' if the pointer may be null
 5551 |         const VmaRawList<T>* m_pList;
      |                            ^
      |                              _Nullable
/Users/runner/work/PTVisionPro/PTVisionPro/build/deps/vma-src/include/vk_mem_alloc.h:5551:28: note: insert '_Nonnull' if the pointer should never be null
 5551 |         const VmaRawList<T>* m_pList;
      |                            ^
      |                              _Nonnull
/Users/runner/work/PTVisionPro/PTVisionPro/build/deps/vma-src/include/vk_mem_alloc.h:5552:29: warning: pointer is missing a nullability type specifier (_Nonnull, _Nullable, or _Null_unspecified) [-Wnullability-completeness]
 5552 |         const VmaListItem<T>* m_pItem;
      |                             ^
/Users/runner/work/PTVisionPro/PTVisionPro/build/deps/vma-src/include/vk_mem_alloc.h:5552:29: note: insert '_Nullable' if the pointer may be null
 5552 |         const VmaListItem<T>* m_pItem;
      |                             ^
      |                               _Nullable
/Users/runner/work/PTVisionPro/PTVisionPro/build/deps/vma-src/include/vk_mem_alloc.h:5552:29: note: insert '_Nonnull' if the pointer should never be null
 5552 |         const VmaListItem<T>* m_pItem;
      |                             ^
      |                               _Nonnull
/Users/runner/work/PTVisionPro/PTVisionPro/build/deps/vma-src/include/vk_mem_alloc.h:5554:43: warning: pointer is missing a nullability type specifier (_Nonnull, _Nullable, or _Null_unspecified) [-Wnullability-completeness]
 5554 |         const_iterator(const VmaRawList<T>* pList, const VmaListItem<T>* pItem) : m_pList(pList), m_pItem(pItem) {}
      |                                           ^
/Users/runner/work/PTVisionPro/PTVisionPro/build/deps/vma-src/include/vk_mem_alloc.h:5554:43: note: insert '_Nullable' if the pointer may be null
 5554 |         const_iterator(const VmaRawList<T>* pList, const VmaListItem<T>* pItem) : m_pList(pList), m_pItem(pItem) {}
      |                                           ^
      |                                             _Nullable
/Users/runner/work/PTVisionPro/PTVisionPro/build/deps/vma-src/include/vk_mem_alloc.h:5554:43: note: insert '_Nonnull' if the pointer should never be null
 5554 |         const_iterator(const VmaRawList<T>* pList, const VmaListItem<T>* pItem) : m_pList(pList), m_pItem(pItem) {}
      |                                           ^
      |                                             _Nonnull
/Users/runner/work/PTVisionPro/PTVisionPro/build/deps/vma-src/include/vk_mem_alloc.h:5554:72: warning: pointer is missing a nullability type specifier (_Nonnull, _Nullable, or _Null_unspecified) [-Wnullability-completeness]
 5554 |         const_iterator(const VmaRawList<T>* pList, const VmaListItem<T>* pItem) : m_pList(pList), m_pItem(pItem) {}
      |                                                                        ^
/Users/runner/work/PTVisionPro/PTVisionPro/build/deps/vma-src/include/vk_mem_alloc.h:5554:72: note: insert '_Nullable' if the pointer may be null
 5554 |         const_iterator(const VmaRawList<T>* pList, const VmaListItem<T>* pItem) : m_pList(pList), m_pItem(pItem) {}
      |                                                                        ^
      |                                                                          _Nullable
/Users/runner/work/PTVisionPro/PTVisionPro/build/deps/vma-src/include/vk_mem_alloc.h:5554:72: note: insert '_Nonnull' if the pointer should never be null
 5554 |         const_iterator(const VmaRawList<T>* pList, const VmaListItem<T>* pItem) : m_pList(pList), m_pItem(pItem) {}
      |                                                                        ^
      |                                                                          _Nonnull
/Users/runner/work/PTVisionPro/PTVisionPro/build/deps/vma-src/include/vk_mem_alloc.h:5567:16: warning: pointer is missing a nullability type specifier (_Nonnull, _Nullable, or _Null_unspecified) [-Wnullability-completeness]
 5567 |         const T* operator->() const { VMA_HEAVY_ASSERT(m_pItem != VMA_NULL); return &m_pItem->Value; }
      |                ^
/Users/runner/work/PTVisionPro/PTVisionPro/build/deps/vma-src/include/vk_mem_alloc.h:5567:16: note: insert '_Nullable' if the pointer may be null
 5567 |         const T* operator->() const { VMA_HEAVY_ASSERT(m_pItem != VMA_NULL); return &m_pItem->Value; }
      |                ^
      |                  _Nullable
/Users/runner/work/PTVisionPro/PTVisionPro/build/deps/vma-src/include/vk_mem_alloc.h:5567:16: note: insert '_Nonnull' if the pointer should never be null
 5567 |         const T* operator->() const { VMA_HEAVY_ASSERT(m_pItem != VMA_NULL); return &m_pItem->Value; }
      |                ^
      |                  _Nonnull
/Users/runner/work/PTVisionPro/PTVisionPro/build/deps/vma-src/include/vk_mem_alloc.h:5579:28: warning: pointer is missing a nullability type specifier (_Nonnull, _Nullable, or _Null_unspecified) [-Wnullability-completeness]
 5579 |         const VmaRawList<T>* m_pList;
      |                            ^
/Users/runner/work/PTVisionPro/PTVisionPro/build/deps/vma-src/include/vk_mem_alloc.h:5579:28: note: insert '_Nullable' if the pointer may be null
 5579 |         const VmaRawList<T>* m_pList;
      |                            ^
      |                              _Nullable
/Users/runner/work/PTVisionPro/PTVisionPro/build/deps/vma-src/include/vk_mem_alloc.h:5579:28: note: insert '_Nonnull' if the pointer should never be null
 5579 |         const VmaRawList<T>* m_pList;
      |                            ^
      |                              _Nonnull
/Users/runner/work/PTVisionPro/PTVisionPro/build/deps/vma-src/include/vk_mem_alloc.h:5580:29: warning: pointer is missing a nullability type specifier (_Nonnull, _Nullable, or _Null_unspecified) [-Wnullability-completeness]
 5580 |         const VmaListItem<T>* m_pItem;
      |                             ^
/Users/runner/work/PTVisionPro/PTVisionPro/build/deps/vma-src/include/vk_mem_alloc.h:5580:29: note: insert '_Nullable' if the pointer may be null
 5580 |         const VmaListItem<T>* m_pItem;
      |                             ^
      |                               _Nullable
/Users/runner/work/PTVisionPro/PTVisionPro/build/deps/vma-src/include/vk_mem_alloc.h:5580:29: note: insert '_Nonnull' if the pointer should never be null
 5580 |         const VmaListItem<T>* m_pItem;
      |                             ^
      |                               _Nonnull
/Users/runner/work/PTVisionPro/PTVisionPro/build/deps/vma-src/include/vk_mem_alloc.h:5582:51: warning: pointer is missing a nullability type specifier (_Nonnull, _Nullable, or _Null_unspecified) [-Wnullability-completeness]
 5582 |         const_reverse_iterator(const VmaRawList<T>* pList, const VmaListItem<T>* pItem) : m_pList(pList), m_pItem(pItem) {}
      |                                                   ^
/Users/runner/work/PTVisionPro/PTVisionPro/build/deps/vma-src/include/vk_mem_alloc.h:5582:51: note: insert '_Nullable' if the pointer may be null
 5582 |         const_reverse_iterator(const VmaRawList<T>* pList, const VmaListItem<T>* pItem) : m_pList(pList), m_pItem(pItem) {}
      |                                                   ^
      |                                                     _Nullable
/Users/runner/work/PTVisionPro/PTVisionPro/build/deps/vma-src/include/vk_mem_alloc.h:5582:51: note: insert '_Nonnull' if the pointer should never be null
 5582 |         const_reverse_iterator(const VmaRawList<T>* pList, const VmaListItem<T>* pItem) : m_pList(pList), m_pItem(pItem) {}
      |                                                   ^
      |                                                     _Nonnull
/Users/runner/work/PTVisionPro/PTVisionPro/build/deps/vma-src/include/vk_mem_alloc.h:5582:80: warning: pointer is missing a nullability type specifier (_Nonnull, _Nullable, or _Null_unspecified) [-Wnullability-completeness]
 5582 |         const_reverse_iterator(const VmaRawList<T>* pList, const VmaListItem<T>* pItem) : m_pList(pList), m_pItem(pItem) {}
      |                                                                                ^
/Users/runner/work/PTVisionPro/PTVisionPro/build/deps/vma-src/include/vk_mem_alloc.h:5582:80: note: insert '_Nullable' if the pointer may be null
 5582 |         const_reverse_iterator(const VmaRawList<T>* pList, const VmaListItem<T>* pItem) : m_pList(pList), m_pItem(pItem) {}
      |                                                                                ^
      |                                                                                  _Nullable
/Users/runner/work/PTVisionPro/PTVisionPro/build/deps/vma-src/include/vk_mem_alloc.h:5582:80: note: insert '_Nonnull' if the pointer should never be null
 5582 |         const_reverse_iterator(const VmaRawList<T>* pList, const VmaListItem<T>* pItem) : m_pList(pList), m_pItem(pItem) {}
      |                                                                                ^
      |                                                                                  _Nonnull
/Users/runner/work/PTVisionPro/PTVisionPro/build/deps/vma-src/include/vk_mem_alloc.h:5698:44: warning: pointer is missing a nullability type specifier (_Nonnull, _Nullable, or _Null_unspecified) [-Wnullability-completeness]
 5698 |     static ItemType* GetPrev(const ItemType* item) { return ItemTypeTraits::GetPrev(item); }
      |                                            ^
/Users/runner/work/PTVisionPro/PTVisionPro/build/deps/vma-src/include/vk_mem_alloc.h:5698:44: note: insert '_Nullable' if the pointer may be null
 5698 |     static ItemType* GetPrev(const ItemType* item) { return ItemTypeTraits::GetPrev(item); }
      |                                            ^
      |                                              _Nullable
/Users/runner/work/PTVisionPro/PTVisionPro/build/deps/vma-src/include/vk_mem_alloc.h:5698:44: note: insert '_Nonnull' if the pointer should never be null
 5698 |     static ItemType* GetPrev(const ItemType* item) { return ItemTypeTraits::GetPrev(item); }
      |                                            ^
      |                                              _Nonnull
/Users/runner/work/PTVisionPro/PTVisionPro/build/deps/vma-src/include/vk_mem_alloc.h:5698:20: warning: pointer is missing a nullability type specifier (_Nonnull, _Nullable, or _Null_unspecified) [-Wnullability-completeness]
 5698 |     static ItemType* GetPrev(const ItemType* item) { return ItemTypeTraits::GetPrev(item); }
      |                    ^
/Users/runner/work/PTVisionPro/PTVisionPro/build/deps/vma-src/include/vk_mem_alloc.h:5698:20: note: insert '_Nullable' if the pointer may be null
 5698 |     static ItemType* GetPrev(const ItemType* item) { return ItemTypeTraits::GetPrev(item); }
      |                    ^
      |                      _Nullable
/Users/runner/work/PTVisionPro/PTVisionPro/build/deps/vma-src/include/vk_mem_alloc.h:5698:20: note: insert '_Nonnull' if the pointer should never be null
 5698 |     static ItemType* GetPrev(const ItemType* item) { return ItemTypeTraits::GetPrev(item); }
      |                    ^
      |                      _Nonnull
/Users/runner/work/PTVisionPro/PTVisionPro/build/deps/vma-src/include/vk_mem_alloc.h:5699:44: warning: pointer is missing a nullability type specifier (_Nonnull, _Nullable, or _Null_unspecified) [-Wnullability-completeness]
 5699 |     static ItemType* GetNext(const ItemType* item) { return ItemTypeTraits::GetNext(item); }
      |                                            ^
/Users/runner/work/PTVisionPro/PTVisionPro/build/deps/vma-src/include/vk_mem_alloc.h:5699:44: note: insert '_Nullable' if the pointer may be null
 5699 |     static ItemType* GetNext(const ItemType* item) { return ItemTypeTraits::GetNext(item); }
      |                                            ^
      |                                              _Nullable
/Users/runner/work/PTVisionPro/PTVisionPro/build/deps/vma-src/include/vk_mem_alloc.h:5699:44: note: insert '_Nonnull' if the pointer should never be null
 5699 |     static ItemType* GetNext(const ItemType* item) { return ItemTypeTraits::GetNext(item); }
      |                                            ^
      |                                              _Nonnull
/Users/runner/work/PTVisionPro/PTVisionPro/build/deps/vma-src/include/vk_mem_alloc.h:5699:20: warning: pointer is missing a nullability type specifier (_Nonnull, _Nullable, or _Null_unspecified) [-Wnullability-completeness]
 5699 |     static ItemType* GetNext(const ItemType* item) { return ItemTypeTraits::GetNext(item); }
      |                    ^
/Users/runner/work/PTVisionPro/PTVisionPro/build/deps/vma-src/include/vk_mem_alloc.h:5699:20: note: insert '_Nullable' if the pointer may be null
 5699 |     static ItemType* GetNext(const ItemType* item) { return ItemTypeTraits::GetNext(item); }
      |                    ^
      |                      _Nullable
/Users/runner/work/PTVisionPro/PTVisionPro/build/deps/vma-src/include/vk_mem_alloc.h:5699:20: note: insert '_Nonnull' if the pointer should never be null
 5699 |     static ItemType* GetNext(const ItemType* item) { return ItemTypeTraits::GetNext(item); }
      |                    ^
      |                      _Nonnull
/Users/runner/work/PTVisionPro/PTVisionPro/build/deps/vma-src/include/vk_mem_alloc.h:5711:13: warning: pointer is missing a nullability type specifier (_Nonnull, _Nullable, or _Null_unspecified) [-Wnullability-completeness]
 5711 |     ItemType* Front() { return m_Front; }
      |             ^
/Users/runner/work/PTVisionPro/PTVisionPro/build/deps/vma-src/include/vk_mem_alloc.h:5711:13: note: insert '_Nullable' if the pointer may be null
 5711 |     ItemType* Front() { return m_Front; }
      |             ^
      |               _Nullable
/Users/runner/work/PTVisionPro/PTVisionPro/build/deps/vma-src/include/vk_mem_alloc.h:5711:13: note: insert '_Nonnull' if the pointer should never be null
 5711 |     ItemType* Front() { return m_Front; }
      |             ^
      |               _Nonnull
/Users/runner/work/PTVisionPro/PTVisionPro/build/deps/vma-src/include/vk_mem_alloc.h:5712:13: warning: pointer is missing a nullability type specifier (_Nonnull, _Nullable, or _Null_unspecified) [-Wnullability-completeness]
 5712 |     ItemType* Back() { return m_Back; }
      |             ^
/Users/runner/work/PTVisionPro/PTVisionPro/build/deps/vma-src/include/vk_mem_alloc.h:5712:13: note: insert '_Nullable' if the pointer may be null
 5712 |     ItemType* Back() { return m_Back; }
      |             ^
      |               _Nullable
/Users/runner/work/PTVisionPro/PTVisionPro/build/deps/vma-src/include/vk_mem_alloc.h:5712:13: note: insert '_Nonnull' if the pointer should never be null
 5712 |     ItemType* Back() { return m_Back; }
      |             ^
      |               _Nonnull
/Users/runner/work/PTVisionPro/PTVisionPro/build/deps/vma-src/include/vk_mem_alloc.h:5713:19: warning: pointer is missing a nullability type specifier (_Nonnull, _Nullable, or _Null_unspecified) [-Wnullability-completeness]
 5713 |     const ItemType* Front() const { return m_Front; }
      |                   ^
/Users/runner/work/PTVisionPro/PTVisionPro/build/deps/vma-src/include/vk_mem_alloc.h:5713:19: note: insert '_Nullable' if the pointer may be null
 5713 |     const ItemType* Front() const { return m_Front; }
      |                   ^
      |                     _Nullable
/Users/runner/work/PTVisionPro/PTVisionPro/build/deps/vma-src/include/vk_mem_alloc.h:5713:19: note: insert '_Nonnull' if the pointer should never be null
 5713 |     const ItemType* Front() const { return m_Front; }
      |                   ^
      |                     _Nonnull
/Users/runner/work/PTVisionPro/PTVisionPro/build/deps/vma-src/include/vk_mem_alloc.h:5714:19: warning: pointer is missing a nullability type specifier (_Nonnull, _Nullable, or _Null_unspecified) [-Wnullability-completeness]
 5714 |     const ItemType* Back() const { return m_Back; }
      |                   ^
/Users/runner/work/PTVisionPro/PTVisionPro/build/deps/vma-src/include/vk_mem_alloc.h:5714:19: note: insert '_Nullable' if the pointer may be null
 5714 |     const ItemType* Back() const { return m_Back; }
      |                   ^
      |                     _Nullable
/Users/runner/work/PTVisionPro/PTVisionPro/build/deps/vma-src/include/vk_mem_alloc.h:5714:19: note: insert '_Nonnull' if the pointer should never be null
 5714 |     const ItemType* Back() const { return m_Back; }
      |                   ^
      |                     _Nonnull
/Users/runner/work/PTVisionPro/PTVisionPro/build/deps/vma-src/include/vk_mem_alloc.h:5716:27: warning: pointer is missing a nullability type specifier (_Nonnull, _Nullable, or _Null_unspecified) [-Wnullability-completeness]
 5716 |     void PushBack(ItemType* item);
      |                           ^
/Users/runner/work/PTVisionPro/PTVisionPro/build/deps/vma-src/include/vk_mem_alloc.h:5716:27: note: insert '_Nullable' if the pointer may be null
 5716 |     void PushBack(ItemType* item);
      |                           ^
      |                             _Nullable
/Users/runner/work/PTVisionPro/PTVisionPro/build/deps/vma-src/include/vk_mem_alloc.h:5716:27: note: insert '_Nonnull' if the pointer should never be null
 5716 |     void PushBack(ItemType* item);
      |                           ^
      |                             _Nonnull
/Users/runner/work/PTVisionPro/PTVisionPro/build/deps/vma-src/include/vk_mem_alloc.h:5717:28: warning: pointer is missing a nullability type specifier (_Nonnull, _Nullable, or _Null_unspecified) [-Wnullability-completeness]
 5717 |     void PushFront(ItemType* item);
      |                            ^
/Users/runner/work/PTVisionPro/PTVisionPro/build/deps/vma-src/include/vk_mem_alloc.h:5717:28: note: insert '_Nullable' if the pointer may be null
 5717 |     void PushFront(ItemType* item);
      |                            ^
      |                              _Nullable
/Users/runner/work/PTVisionPro/PTVisionPro/build/deps/vma-src/include/vk_mem_alloc.h:5717:28: note: insert '_Nonnull' if the pointer should never be null
 5717 |     void PushFront(ItemType* item);
      |                            ^
      |                              _Nonnull
/Users/runner/work/PTVisionPro/PTVisionPro/build/deps/vma-src/include/vk_mem_alloc.h:5718:13: warning: pointer is missing a nullability type specifier (_Nonnull, _Nullable, or _Null_unspecified) [-Wnullability-completeness]
 5718 |     ItemType* PopBack();
      |             ^
/Users/runner/work/PTVisionPro/PTVisionPro/build/deps/vma-src/include/vk_mem_alloc.h:5718:13: note: insert '_Nullable' if the pointer may be null
 5718 |     ItemType* PopBack();
      |             ^
      |               _Nullable
/Users/runner/work/PTVisionPro/PTVisionPro/build/deps/vma-src/include/vk_mem_alloc.h:5718:13: note: insert '_Nonnull' if the pointer should never be null
 5718 |     ItemType* PopBack();
      |             ^
      |               _Nonnull
/Users/runner/work/PTVisionPro/PTVisionPro/build/deps/vma-src/include/vk_mem_alloc.h:5719:13: warning: pointer is missing a nullability type specifier (_Nonnull, _Nullable, or _Null_unspecified) [-Wnullability-completeness]
 5719 |     ItemType* PopFront();
      |             ^
/Users/runner/work/PTVisionPro/PTVisionPro/build/deps/vma-src/include/vk_mem_alloc.h:5719:13: note: insert '_Nullable' if the pointer may be null
 5719 |     ItemType* PopFront();
      |             ^
      |               _Nullable
/Users/runner/work/PTVisionPro/PTVisionPro/build/deps/vma-src/include/vk_mem_alloc.h:5719:13: note: insert '_Nonnull' if the pointer should never be null
 5719 |     ItemType* PopFront();
      |             ^
      |               _Nonnull
/Users/runner/work/PTVisionPro/PTVisionPro/build/deps/vma-src/include/vk_mem_alloc.h:5722:31: warning: pointer is missing a nullability type specifier (_Nonnull, _Nullable, or _Null_unspecified) [-Wnullability-completeness]
 5722 |     void InsertBefore(ItemType* existingItem, ItemType* newItem);
      |                               ^
/Users/runner/work/PTVisionPro/PTVisionPro/build/deps/vma-src/include/vk_mem_alloc.h:5722:31: note: insert '_Nullable' if the pointer may be null
 5722 |     void InsertBefore(ItemType* existingItem, ItemType* newItem);
      |                               ^
      |                                 _Nullable
/Users/runner/work/PTVisionPro/PTVisionPro/build/deps/vma-src/include/vk_mem_alloc.h:5722:31: note: insert '_Nonnull' if the pointer should never be null
 5722 |     void InsertBefore(ItemType* existingItem, ItemType* newItem);
      |                               ^
      |                                 _Nonnull
/Users/runner/work/PTVisionPro/PTVisionPro/build/deps/vma-src/include/vk_mem_alloc.h:5722:55: warning: pointer is missing a nullability type specifier (_Nonnull, _Nullable, or _Null_unspecified) [-Wnullability-completeness]
 5722 |     void InsertBefore(ItemType* existingItem, ItemType* newItem);
      |                                                       ^
/Users/runner/work/PTVisionPro/PTVisionPro/build/deps/vma-src/include/vk_mem_alloc.h:5722:55: note: insert '_Nullable' if the pointer may be null
 5722 |     void InsertBefore(ItemType* existingItem, ItemType* newItem);
      |                                                       ^
      |                                                         _Nullable
/Users/runner/work/PTVisionPro/PTVisionPro/build/deps/vma-src/include/vk_mem_alloc.h:5722:55: note: insert '_Nonnull' if the pointer should never be null
 5722 |     void InsertBefore(ItemType* existingItem, ItemType* newItem);
      |                                                       ^
      |                                                         _Nonnull
/Users/runner/work/PTVisionPro/PTVisionPro/build/deps/vma-src/include/vk_mem_alloc.h:5724:30: warning: pointer is missing a nullability type specifier (_Nonnull, _Nullable, or _Null_unspecified) [-Wnullability-completeness]
 5724 |     void InsertAfter(ItemType* existingItem, ItemType* newItem);
      |                              ^
/Users/runner/work/PTVisionPro/PTVisionPro/build/deps/vma-src/include/vk_mem_alloc.h:5724:30: note: insert '_Nullable' if the pointer may be null
 5724 |     void InsertAfter(ItemType* existingItem, ItemType* newItem);
      |                              ^
      |                                _Nullable
/Users/runner/work/PTVisionPro/PTVisionPro/build/deps/vma-src/include/vk_mem_alloc.h:5724:30: note: insert '_Nonnull' if the pointer should never be null
 5724 |     void InsertAfter(ItemType* existingItem, ItemType* newItem);
      |                              ^
      |                                _Nonnull
/Users/runner/work/PTVisionPro/PTVisionPro/build/deps/vma-src/include/vk_mem_alloc.h:5724:54: warning: pointer is missing a nullability type specifier (_Nonnull, _Nullable, or _Null_unspecified) [-Wnullability-completeness]
 5724 |     void InsertAfter(ItemType* existingItem, ItemType* newItem);
      |                                                      ^
/Users/runner/work/PTVisionPro/PTVisionPro/build/deps/vma-src/include/vk_mem_alloc.h:5724:54: note: insert '_Nullable' if the pointer may be null
 5724 |     void InsertAfter(ItemType* existingItem, ItemType* newItem);
      |                                                      ^
      |                                                        _Nullable
/Users/runner/work/PTVisionPro/PTVisionPro/build/deps/vma-src/include/vk_mem_alloc.h:5724:54: note: insert '_Nonnull' if the pointer should never be null
 5724 |     void InsertAfter(ItemType* existingItem, ItemType* newItem);
      |                                                      ^
      |                                                        _Nonnull
/Users/runner/work/PTVisionPro/PTVisionPro/build/deps/vma-src/include/vk_mem_alloc.h:5725:25: warning: pointer is missing a nullability type specifier (_Nonnull, _Nullable, or _Null_unspecified) [-Wnullability-completeness]
 5725 |     void Remove(ItemType* item);
      |                         ^
/Users/runner/work/PTVisionPro/PTVisionPro/build/deps/vma-src/include/vk_mem_alloc.h:5725:25: note: insert '_Nullable' if the pointer may be null
 5725 |     void Remove(ItemType* item);
      |                         ^
      |                           _Nullable
/Users/runner/work/PTVisionPro/PTVisionPro/build/deps/vma-src/include/vk_mem_alloc.h:5725:25: note: insert '_Nonnull' if the pointer should never be null
 5725 |     void Remove(ItemType* item);
      |                         ^
      |                           _Nonnull
/Users/runner/work/PTVisionPro/PTVisionPro/build/deps/vma-src/include/vk_mem_alloc.h:5729:13: warning: pointer is missing a nullability type specifier (_Nonnull, _Nullable, or _Null_unspecified) [-Wnullability-completeness]
 5729 |     ItemType* m_Front = VMA_NULL;
      |             ^
/Users/runner/work/PTVisionPro/PTVisionPro/build/deps/vma-src/include/vk_mem_alloc.h:5729:13: note: insert '_Nullable' if the pointer may be null
 5729 |     ItemType* m_Front = VMA_NULL;
      |             ^
      |               _Nullable
/Users/runner/work/PTVisionPro/PTVisionPro/build/deps/vma-src/include/vk_mem_alloc.h:5729:13: note: insert '_Nonnull' if the pointer should never be null
 5729 |     ItemType* m_Front = VMA_NULL;
      |             ^
      |               _Nonnull
/Users/runner/work/PTVisionPro/PTVisionPro/build/deps/vma-src/include/vk_mem_alloc.h:5730:13: warning: pointer is missing a nullability type specifier (_Nonnull, _Nullable, or _Null_unspecified) [-Wnullability-completeness]
 5730 |     ItemType* m_Back = VMA_NULL;
      |             ^
/Users/runner/work/PTVisionPro/PTVisionPro/build/deps/vma-src/include/vk_mem_alloc.h:5730:13: note: insert '_Nullable' if the pointer may be null
 5730 |     ItemType* m_Back = VMA_NULL;
      |             ^
      |               _Nullable
/Users/runner/work/PTVisionPro/PTVisionPro/build/deps/vma-src/include/vk_mem_alloc.h:5730:13: note: insert '_Nonnull' if the pointer should never be null
 5730 |     ItemType* m_Back = VMA_NULL;
      |             ^
      |               _Nonnull
/Users/runner/work/PTVisionPro/PTVisionPro/build/deps/vma-src/include/vk_mem_alloc.h:5759:63: warning: pointer is missing a nullability type specifier (_Nonnull, _Nullable, or _Null_unspecified) [-Wnullability-completeness]
 5759 | void VmaIntrusiveLinkedList<ItemTypeTraits>::PushBack(ItemType* item)
      |                                                               ^
/Users/runner/work/PTVisionPro/PTVisionPro/build/deps/vma-src/include/vk_mem_alloc.h:5759:63: note: insert '_Nullable' if the pointer may be null
 5759 | void VmaIntrusiveLinkedList<ItemTypeTraits>::PushBack(ItemType* item)
      |                                                               ^
      |                                                                 _Nullable
/Users/runner/work/PTVisionPro/PTVisionPro/build/deps/vma-src/include/vk_mem_alloc.h:5759:63: note: insert '_Nonnull' if the pointer should never be null
 5759 | void VmaIntrusiveLinkedList<ItemTypeTraits>::PushBack(ItemType* item)
      |                                                               ^
      |                                                                 _Nonnull
/Users/runner/work/PTVisionPro/PTVisionPro/build/deps/vma-src/include/vk_mem_alloc.h:5778:64: warning: pointer is missing a nullability type specifier (_Nonnull, _Nullable, or _Null_unspecified) [-Wnullability-completeness]
 5778 | void VmaIntrusiveLinkedList<ItemTypeTraits>::PushFront(ItemType* item)
      |                                                                ^
/Users/runner/work/PTVisionPro/PTVisionPro/build/deps/vma-src/include/vk_mem_alloc.h:5778:64: note: insert '_Nullable' if the pointer may be null
 5778 | void VmaIntrusiveLinkedList<ItemTypeTraits>::PushFront(ItemType* item)
      |                                                                ^
      |                                                                  _Nullable
/Users/runner/work/PTVisionPro/PTVisionPro/build/deps/vma-src/include/vk_mem_alloc.h:5778:64: note: insert '_Nonnull' if the pointer should never be null
 5778 | void VmaIntrusiveLinkedList<ItemTypeTraits>::PushFront(ItemType* item)
      |                                                                ^
      |                                                                  _Nonnull
/Users/runner/work/PTVisionPro/PTVisionPro/build/deps/vma-src/include/vk_mem_alloc.h:5797:58: warning: pointer is missing a nullability type specifier (_Nonnull, _Nullable, or _Null_unspecified) [-Wnullability-completeness]
 5797 | typename VmaIntrusiveLinkedList<ItemTypeTraits>::ItemType* VmaIntrusiveLinkedList<ItemTypeTraits>::PopBack()
      |                                                          ^
/Users/runner/work/PTVisionPro/PTVisionPro/build/deps/vma-src/include/vk_mem_alloc.h:5797:58: note: insert '_Nullable' if the pointer may be null
 5797 | typename VmaIntrusiveLinkedList<ItemTypeTraits>::ItemType* VmaIntrusiveLinkedList<ItemTypeTraits>::PopBack()
      |                                                          ^
      |                                                            _Nullable
/Users/runner/work/PTVisionPro/PTVisionPro/build/deps/vma-src/include/vk_mem_alloc.h:5797:58: note: insert '_Nonnull' if the pointer should never be null
 5797 | typename VmaIntrusiveLinkedList<ItemTypeTraits>::ItemType* VmaIntrusiveLinkedList<ItemTypeTraits>::PopBack()
      |                                                          ^
      |                                                            _Nonnull
/Users/runner/work/PTVisionPro/PTVisionPro/build/deps/vma-src/include/vk_mem_alloc.h:5814:58: warning: pointer is missing a nullability type specifier (_Nonnull, _Nullable, or _Null_unspecified) [-Wnullability-completeness]
 5814 | typename VmaIntrusiveLinkedList<ItemTypeTraits>::ItemType* VmaIntrusiveLinkedList<ItemTypeTraits>::PopFront()
      |                                                          ^
/Users/runner/work/PTVisionPro/PTVisionPro/build/deps/vma-src/include/vk_mem_alloc.h:5814:58: note: insert '_Nullable' if the pointer may be null
 5814 | typename VmaIntrusiveLinkedList<ItemTypeTraits>::ItemType* VmaIntrusiveLinkedList<ItemTypeTraits>::PopFront()
      |                                                          ^
      |                                                            _Nullable
/Users/runner/work/PTVisionPro/PTVisionPro/build/deps/vma-src/include/vk_mem_alloc.h:5814:58: note: insert '_Nonnull' if the pointer should never be null
 5814 | typename VmaIntrusiveLinkedList<ItemTypeTraits>::ItemType* VmaIntrusiveLinkedList<ItemTypeTraits>::PopFront()
      |                                                          ^
      |                                                            _Nonnull
/Users/runner/work/PTVisionPro/PTVisionPro/build/deps/vma-src/include/vk_mem_alloc.h:5831:67: warning: pointer is missing a nullability type specifier (_Nonnull, _Nullable, or _Null_unspecified) [-Wnullability-completeness]
 5831 | void VmaIntrusiveLinkedList<ItemTypeTraits>::InsertBefore(ItemType* existingItem, ItemType* newItem)
      |                                                                   ^
/Users/runner/work/PTVisionPro/PTVisionPro/build/deps/vma-src/include/vk_mem_alloc.h:5831:67: note: insert '_Nullable' if the pointer may be null
 5831 | void VmaIntrusiveLinkedList<ItemTypeTraits>::InsertBefore(ItemType* existingItem, ItemType* newItem)
      |                                                                   ^
      |                                                                     _Nullable
/Users/runner/work/PTVisionPro/PTVisionPro/build/deps/vma-src/include/vk_mem_alloc.h:5831:67: note: insert '_Nonnull' if the pointer should never be null
 5831 | void VmaIntrusiveLinkedList<ItemTypeTraits>::InsertBefore(ItemType* existingItem, ItemType* newItem)
      |                                                                   ^
      |                                                                     _Nonnull
/Users/runner/work/PTVisionPro/PTVisionPro/build/deps/vma-src/include/vk_mem_alloc.h:5831:91: warning: pointer is missing a nullability type specifier (_Nonnull, _Nullable, or _Null_unspecified) [-Wnullability-completeness]
 5831 | void VmaIntrusiveLinkedList<ItemTypeTraits>::InsertBefore(ItemType* existingItem, ItemType* newItem)
      |                                                                                           ^
/Users/runner/work/PTVisionPro/PTVisionPro/build/deps/vma-src/include/vk_mem_alloc.h:5831:91: note: insert '_Nullable' if the pointer may be null
 5831 | void VmaIntrusiveLinkedList<ItemTypeTraits>::InsertBefore(ItemType* existingItem, ItemType* newItem)
      |                                                                                           ^
      |                                                                                             _Nullable
/Users/runner/work/PTVisionPro/PTVisionPro/build/deps/vma-src/include/vk_mem_alloc.h:5831:91: note: insert '_Nonnull' if the pointer should never be null
 5831 | void VmaIntrusiveLinkedList<ItemTypeTraits>::InsertBefore(ItemType* existingItem, ItemType* newItem)
      |                                                                                           ^
      |                                                                                             _Nonnull
/Users/runner/work/PTVisionPro/PTVisionPro/build/deps/vma-src/include/vk_mem_alloc.h:5856:66: warning: pointer is missing a nullability type specifier (_Nonnull, _Nullable, or _Null_unspecified) [-Wnullability-completeness]
 5856 | void VmaIntrusiveLinkedList<ItemTypeTraits>::InsertAfter(ItemType* existingItem, ItemType* newItem)
      |                                                                  ^
/Users/runner/work/PTVisionPro/PTVisionPro/build/deps/vma-src/include/vk_mem_alloc.h:5856:66: note: insert '_Nullable' if the pointer may be null
 5856 | void VmaIntrusiveLinkedList<ItemTypeTraits>::InsertAfter(ItemType* existingItem, ItemType* newItem)
      |                                                                  ^
      |                                                                    _Nullable
/Users/runner/work/PTVisionPro/PTVisionPro/build/deps/vma-src/include/vk_mem_alloc.h:5856:66: note: insert '_Nonnull' if the pointer should never be null
 5856 | void VmaIntrusiveLinkedList<ItemTypeTraits>::InsertAfter(ItemType* existingItem, ItemType* newItem)
      |                                                                  ^
      |                                                                    _Nonnull
/Users/runner/work/PTVisionPro/PTVisionPro/build/deps/vma-src/include/vk_mem_alloc.h:5856:90: warning: pointer is missing a nullability type specifier (_Nonnull, _Nullable, or _Null_unspecified) [-Wnullability-completeness]
 5856 | void VmaIntrusiveLinkedList<ItemTypeTraits>::InsertAfter(ItemType* existingItem, ItemType* newItem)
      |                                                                                          ^
/Users/runner/work/PTVisionPro/PTVisionPro/build/deps/vma-src/include/vk_mem_alloc.h:5856:90: note: insert '_Nullable' if the pointer may be null
 5856 | void VmaIntrusiveLinkedList<ItemTypeTraits>::InsertAfter(ItemType* existingItem, ItemType* newItem)
      |                                                                                          ^
      |                                                                                            _Nullable
/Users/runner/work/PTVisionPro/PTVisionPro/build/deps/vma-src/include/vk_mem_alloc.h:5856:90: note: insert '_Nonnull' if the pointer should never be null
 5856 | void VmaIntrusiveLinkedList<ItemTypeTraits>::InsertAfter(ItemType* existingItem, ItemType* newItem)
      |                                                                                          ^
      |                                                                                            _Nonnull
/Users/runner/work/PTVisionPro/PTVisionPro/build/deps/vma-src/include/vk_mem_alloc.h:5881:61: warning: pointer is missing a nullability type specifier (_Nonnull, _Nullable, or _Null_unspecified) [-Wnullability-completeness]
 5881 | void VmaIntrusiveLinkedList<ItemTypeTraits>::Remove(ItemType* item)
      |                                                             ^
/Users/runner/work/PTVisionPro/PTVisionPro/build/deps/vma-src/include/vk_mem_alloc.h:5881:61: note: insert '_Nullable' if the pointer may be null
 5881 | void VmaIntrusiveLinkedList<ItemTypeTraits>::Remove(ItemType* item)
      |                                                             ^
      |                                                               _Nullable
/Users/runner/work/PTVisionPro/PTVisionPro/build/deps/vma-src/include/vk_mem_alloc.h:5881:61: note: insert '_Nonnull' if the pointer should never be null
 5881 | void VmaIntrusiveLinkedList<ItemTypeTraits>::Remove(ItemType* item)
      |                                                             ^
      |                                                               _Nonnull
/Users/runner/work/PTVisionPro/PTVisionPro/build/deps/vma-src/include/vk_mem_alloc.h:5933:58: warning: pointer is missing a nullability type specifier (_Nonnull, _Nullable, or _Null_unspecified) [-Wnullability-completeness]
 5933 |     explicit VmaStringBuilder(const VkAllocationCallbacks* allocationCallbacks) : m_Data(VmaStlAllocator<char>(allocationCallbacks)) {}
      |                                                          ^
/Users/runner/work/PTVisionPro/PTVisionPro/build/deps/vma-src/include/vk_mem_alloc.h:5933:58: note: insert '_Nullable' if the pointer may be null
 5933 |     explicit VmaStringBuilder(const VkAllocationCallbacks* allocationCallbacks) : m_Data(VmaStlAllocator<char>(allocationCallbacks)) {}
      |                                                          ^
      |                                                            _Nullable
/Users/runner/work/PTVisionPro/PTVisionPro/build/deps/vma-src/include/vk_mem_alloc.h:5933:58: note: insert '_Nonnull' if the pointer should never be null
 5933 |     explicit VmaStringBuilder(const VkAllocationCallbacks* allocationCallbacks) : m_Data(VmaStlAllocator<char>(allocationCallbacks)) {}
      |                                                          ^
      |                                                            _Nonnull
/Users/runner/work/PTVisionPro/PTVisionPro/build/deps/vma-src/include/vk_mem_alloc.h:5938:15: warning: pointer is missing a nullability type specifier (_Nonnull, _Nullable, or _Null_unspecified) [-Wnullability-completeness]
 5938 |     const char* GetData() const { return m_Data.data(); }
      |               ^
/Users/runner/work/PTVisionPro/PTVisionPro/build/deps/vma-src/include/vk_mem_alloc.h:5938:15: note: insert '_Nullable' if the pointer may be null
 5938 |     const char* GetData() const { return m_Data.data(); }
      |               ^
      |                 _Nullable
/Users/runner/work/PTVisionPro/PTVisionPro/build/deps/vma-src/include/vk_mem_alloc.h:5938:15: note: insert '_Nonnull' if the pointer should never be null
 5938 |     const char* GetData() const { return m_Data.data(); }
      |               ^
      |                 _Nonnull
/Users/runner/work/PTVisionPro/PTVisionPro/build/deps/vma-src/include/vk_mem_alloc.h:5942:24: warning: pointer is missing a nullability type specifier (_Nonnull, _Nullable, or _Null_unspecified) [-Wnullability-completeness]
 5942 |     void Add(const char* pStr);
      |                        ^
/Users/runner/work/PTVisionPro/PTVisionPro/build/deps/vma-src/include/vk_mem_alloc.h:5942:24: note: insert '_Nullable' if the pointer may be null
 5942 |     void Add(const char* pStr);
      |                        ^
      |                          _Nullable
/Users/runner/work/PTVisionPro/PTVisionPro/build/deps/vma-src/include/vk_mem_alloc.h:5942:24: note: insert '_Nonnull' if the pointer should never be null
 5942 |     void Add(const char* pStr);
      |                        ^
      |                          _Nonnull
/Users/runner/work/PTVisionPro/PTVisionPro/build/deps/vma-src/include/vk_mem_alloc.h:5945:31: warning: pointer is missing a nullability type specifier (_Nonnull, _Nullable, or _Null_unspecified) [-Wnullability-completeness]
 5945 |     void AddPointer(const void* ptr);
      |                               ^
/Users/runner/work/PTVisionPro/PTVisionPro/build/deps/vma-src/include/vk_mem_alloc.h:5945:31: note: insert '_Nullable' if the pointer may be null
 5945 |     void AddPointer(const void* ptr);
      |                               ^
      |                                 _Nullable
/Users/runner/work/PTVisionPro/PTVisionPro/build/deps/vma-src/include/vk_mem_alloc.h:5945:31: note: insert '_Nonnull' if the pointer should never be null
 5945 |     void AddPointer(const void* ptr);
      |                               ^
      |                                 _Nonnull
/Users/runner/work/PTVisionPro/PTVisionPro/build/deps/vma-src/include/vk_mem_alloc.h:5952:38: warning: pointer is missing a nullability type specifier (_Nonnull, _Nullable, or _Null_unspecified) [-Wnullability-completeness]
 5952 | void VmaStringBuilder::Add(const char* pStr)
      |                                      ^
/Users/runner/work/PTVisionPro/PTVisionPro/build/deps/vma-src/include/vk_mem_alloc.h:5952:38: note: insert '_Nullable' if the pointer may be null
 5952 | void VmaStringBuilder::Add(const char* pStr)
      |                                      ^
      |                                        _Nullable
/Users/runner/work/PTVisionPro/PTVisionPro/build/deps/vma-src/include/vk_mem_alloc.h:5952:38: note: insert '_Nonnull' if the pointer should never be null
 5952 | void VmaStringBuilder::Add(const char* pStr)
      |                                      ^
      |                                        _Nonnull
/Users/runner/work/PTVisionPro/PTVisionPro/build/deps/vma-src/include/vk_mem_alloc.h:5989:45: warning: pointer is missing a nullability type specifier (_Nonnull, _Nullable, or _Null_unspecified) [-Wnullability-completeness]
 5989 | void VmaStringBuilder::AddPointer(const void* ptr)
      |                                             ^
/Users/runner/work/PTVisionPro/PTVisionPro/build/deps/vma-src/include/vk_mem_alloc.h:5989:45: note: insert '_Nullable' if the pointer may be null
 5989 | void VmaStringBuilder::AddPointer(const void* ptr)
      |                                             ^
      |                                               _Nullable
/Users/runner/work/PTVisionPro/PTVisionPro/build/deps/vma-src/include/vk_mem_alloc.h:5989:45: note: insert '_Nonnull' if the pointer should never be null
 5989 | void VmaStringBuilder::AddPointer(const void* ptr)
      |                                             ^
      |                                               _Nonnull
/Users/runner/work/PTVisionPro/PTVisionPro/build/deps/vma-src/include/vk_mem_alloc.h:6008:46: warning: pointer is missing a nullability type specifier (_Nonnull, _Nullable, or _Null_unspecified) [-Wnullability-completeness]
 6008 |     VmaJsonWriter(const VkAllocationCallbacks* pAllocationCallbacks, VmaStringBuilder& sb);
      |                                              ^
/Users/runner/work/PTVisionPro/PTVisionPro/build/deps/vma-src/include/vk_mem_alloc.h:6008:46: note: insert '_Nullable' if the pointer may be null
 6008 |     VmaJsonWriter(const VkAllocationCallbacks* pAllocationCallbacks, VmaStringBuilder& sb);
      |                                              ^
      |                                                _Nullable
/Users/runner/work/PTVisionPro/PTVisionPro/build/deps/vma-src/include/vk_mem_alloc.h:6008:46: note: insert '_Nonnull' if the pointer should never be null
 6008 |     VmaJsonWriter(const VkAllocationCallbacks* pAllocationCallbacks, VmaStringBuilder& sb);
      |                                              ^
      |                                                _Nonnull
/Users/runner/work/PTVisionPro/PTVisionPro/build/deps/vma-src/include/vk_mem_alloc.h:6027:32: warning: pointer is missing a nullability type specifier (_Nonnull, _Nullable, or _Null_unspecified) [-Wnullability-completeness]
 6027 |     void WriteString(const char* pStr);
      |                                ^
/Users/runner/work/PTVisionPro/PTVisionPro/build/deps/vma-src/include/vk_mem_alloc.h:6027:32: note: insert '_Nullable' if the pointer may be null
 6027 |     void WriteString(const char* pStr);
      |                                ^
      |                                  _Nullable
/Users/runner/work/PTVisionPro/PTVisionPro/build/deps/vma-src/include/vk_mem_alloc.h:6027:32: note: insert '_Nonnull' if the pointer should never be null
 6027 |     void WriteString(const char* pStr);
      |                                ^
      |                                  _Nonnull
/Users/runner/work/PTVisionPro/PTVisionPro/build/deps/vma-src/include/vk_mem_alloc.h:6033:32: warning: pointer is missing a nullability type specifier (_Nonnull, _Nullable, or _Null_unspecified) [-Wnullability-completeness]
 6033 |     void BeginString(const char* pStr = VMA_NULL);
      |                                ^
/Users/runner/work/PTVisionPro/PTVisionPro/build/deps/vma-src/include/vk_mem_alloc.h:6033:32: note: insert '_Nullable' if the pointer may be null
 6033 |     void BeginString(const char* pStr = VMA_NULL);
      |                                ^
      |                                  _Nullable
/Users/runner/work/PTVisionPro/PTVisionPro/build/deps/vma-src/include/vk_mem_alloc.h:6033:32: note: insert '_Nonnull' if the pointer should never be null
 6033 |     void BeginString(const char* pStr = VMA_NULL);
      |                                ^
      |                                  _Nonnull
/Users/runner/work/PTVisionPro/PTVisionPro/build/deps/vma-src/include/vk_mem_alloc.h:6035:35: warning: pointer is missing a nullability type specifier (_Nonnull, _Nullable, or _Null_unspecified) [-Wnullability-completeness]
 6035 |     void ContinueString(const char* pStr);
      |                                   ^
/Users/runner/work/PTVisionPro/PTVisionPro/build/deps/vma-src/include/vk_mem_alloc.h:6035:35: note: insert '_Nullable' if the pointer may be null
 6035 |     void ContinueString(const char* pStr);
      |                                   ^
      |                                     _Nullable
/Users/runner/work/PTVisionPro/PTVisionPro/build/deps/vma-src/include/vk_mem_alloc.h:6035:35: note: insert '_Nonnull' if the pointer should never be null
 6035 |     void ContinueString(const char* pStr);
      |                                   ^
      |                                     _Nonnull
/Users/runner/work/PTVisionPro/PTVisionPro/build/deps/vma-src/include/vk_mem_alloc.h:6041:43: warning: pointer is missing a nullability type specifier (_Nonnull, _Nullable, or _Null_unspecified) [-Wnullability-completeness]
 6041 |     void ContinueString_Pointer(const void* ptr);
      |                                           ^
/Users/runner/work/PTVisionPro/PTVisionPro/build/deps/vma-src/include/vk_mem_alloc.h:6041:43: note: insert '_Nullable' if the pointer may be null
 6041 |     void ContinueString_Pointer(const void* ptr);
      |                                           ^
      |                                             _Nullable
/Users/runner/work/PTVisionPro/PTVisionPro/build/deps/vma-src/include/vk_mem_alloc.h:6041:43: note: insert '_Nonnull' if the pointer should never be null
 6041 |     void ContinueString_Pointer(const void* ptr);
      |                                           ^
      |                                             _Nonnull
/Users/runner/work/PTVisionPro/PTVisionPro/build/deps/vma-src/include/vk_mem_alloc.h:6043:30: warning: pointer is missing a nullability type specifier (_Nonnull, _Nullable, or _Null_unspecified) [-Wnullability-completeness]
 6043 |     void EndString(const char* pStr = VMA_NULL);
      |                              ^
/Users/runner/work/PTVisionPro/PTVisionPro/build/deps/vma-src/include/vk_mem_alloc.h:6043:30: note: insert '_Nullable' if the pointer may be null
 6043 |     void EndString(const char* pStr = VMA_NULL);
      |                              ^
      |                                _Nullable
/Users/runner/work/PTVisionPro/PTVisionPro/build/deps/vma-src/include/vk_mem_alloc.h:6043:30: note: insert '_Nonnull' if the pointer should never be null
 6043 |     void EndString(const char* pStr = VMA_NULL);
      |                              ^
      |                                _Nonnull
/Users/runner/work/PTVisionPro/PTVisionPro/build/deps/vma-src/include/vk_mem_alloc.h:6066:22: warning: pointer is missing a nullability type specifier (_Nonnull, _Nullable, or _Null_unspecified) [-Wnullability-completeness]
 6066 |     static const char* const INDENT;
      |                      ^
/Users/runner/work/PTVisionPro/PTVisionPro/build/deps/vma-src/include/vk_mem_alloc.h:6066:22: note: insert '_Nullable' if the pointer may be null
 6066 |     static const char* const INDENT;
      |                      ^
      |                        _Nullable
/Users/runner/work/PTVisionPro/PTVisionPro/build/deps/vma-src/include/vk_mem_alloc.h:6066:22: note: insert '_Nonnull' if the pointer should never be null
 6066 |     static const char* const INDENT;
      |                      ^
      |                        _Nonnull
/Users/runner/work/PTVisionPro/PTVisionPro/build/deps/vma-src/include/vk_mem_alloc.h:6075:11: warning: pointer is missing a nullability type specifier (_Nonnull, _Nullable, or _Null_unspecified) [-Wnullability-completeness]
 6075 | const char* const VmaJsonWriter::INDENT = "  ";
      |           ^
/Users/runner/work/PTVisionPro/PTVisionPro/build/deps/vma-src/include/vk_mem_alloc.h:6075:11: note: insert '_Nullable' if the pointer may be null
 6075 | const char* const VmaJsonWriter::INDENT = "  ";
      |           ^
      |             _Nullable
/Users/runner/work/PTVisionPro/PTVisionPro/build/deps/vma-src/include/vk_mem_alloc.h:6075:11: note: insert '_Nonnull' if the pointer should never be null
 6075 | const char* const VmaJsonWriter::INDENT = "  ";
      |           ^
      |             _Nonnull
/Users/runner/work/PTVisionPro/PTVisionPro/build/deps/vma-src/include/vk_mem_alloc.h:6078:57: warning: pointer is missing a nullability type specifier (_Nonnull, _Nullable, or _Null_unspecified) [-Wnullability-completeness]
 6078 | VmaJsonWriter::VmaJsonWriter(const VkAllocationCallbacks* pAllocationCallbacks, VmaStringBuilder& sb)
      |                                                         ^
/Users/runner/work/PTVisionPro/PTVisionPro/build/deps/vma-src/include/vk_mem_alloc.h:6078:57: note: insert '_Nullable' if the pointer may be null
 6078 | VmaJsonWriter::VmaJsonWriter(const VkAllocationCallbacks* pAllocationCallbacks, VmaStringBuilder& sb)
      |                                                         ^
      |                                                           _Nullable
/Users/runner/work/PTVisionPro/PTVisionPro/build/deps/vma-src/include/vk_mem_alloc.h:6078:57: note: insert '_Nonnull' if the pointer should never be null
 6078 | VmaJsonWriter::VmaJsonWriter(const VkAllocationCallbacks* pAllocationCallbacks, VmaStringBuilder& sb)
      |                                                         ^
      |                                                           _Nonnull
/Users/runner/work/PTVisionPro/PTVisionPro/build/deps/vma-src/include/vk_mem_alloc.h:6139:43: warning: pointer is missing a nullability type specifier (_Nonnull, _Nullable, or _Null_unspecified) [-Wnullability-completeness]
 6139 | void VmaJsonWriter::WriteString(const char* pStr)
      |                                           ^
/Users/runner/work/PTVisionPro/PTVisionPro/build/deps/vma-src/include/vk_mem_alloc.h:6139:43: note: insert '_Nullable' if the pointer may be null
 6139 | void VmaJsonWriter::WriteString(const char* pStr)
      |                                           ^
      |                                             _Nullable
/Users/runner/work/PTVisionPro/PTVisionPro/build/deps/vma-src/include/vk_mem_alloc.h:6139:43: note: insert '_Nonnull' if the pointer should never be null
 6139 | void VmaJsonWriter::WriteString(const char* pStr)
      |                                           ^
      |                                             _Nonnull
/Users/runner/work/PTVisionPro/PTVisionPro/build/deps/vma-src/include/vk_mem_alloc.h:6145:43: warning: pointer is missing a nullability type specifier (_Nonnull, _Nullable, or _Null_unspecified) [-Wnullability-completeness]
 6145 | void VmaJsonWriter::BeginString(const char* pStr)
      |                                           ^
/Users/runner/work/PTVisionPro/PTVisionPro/build/deps/vma-src/include/vk_mem_alloc.h:6145:43: note: insert '_Nullable' if the pointer may be null
 6145 | void VmaJsonWriter::BeginString(const char* pStr)
      |                                           ^
      |                                             _Nullable
/Users/runner/work/PTVisionPro/PTVisionPro/build/deps/vma-src/include/vk_mem_alloc.h:6145:43: note: insert '_Nonnull' if the pointer should never be null
 6145 | void VmaJsonWriter::BeginString(const char* pStr)
      |                                           ^
      |                                             _Nonnull
/Users/runner/work/PTVisionPro/PTVisionPro/build/deps/vma-src/include/vk_mem_alloc.h:6158:46: warning: pointer is missing a nullability type specifier (_Nonnull, _Nullable, or _Null_unspecified) [-Wnullability-completeness]
 6158 | void VmaJsonWriter::ContinueString(const char* pStr)
      |                                              ^
/Users/runner/work/PTVisionPro/PTVisionPro/build/deps/vma-src/include/vk_mem_alloc.h:6158:46: note: insert '_Nullable' if the pointer may be null
 6158 | void VmaJsonWriter::ContinueString(const char* pStr)
      |                                              ^
      |                                                _Nullable
/Users/runner/work/PTVisionPro/PTVisionPro/build/deps/vma-src/include/vk_mem_alloc.h:6158:46: note: insert '_Nonnull' if the pointer should never be null
 6158 | void VmaJsonWriter::ContinueString(const char* pStr)
      |                                              ^
      |                                                _Nonnull
/Users/runner/work/PTVisionPro/PTVisionPro/build/deps/vma-src/include/vk_mem_alloc.h:6213:54: warning: pointer is missing a nullability type specifier (_Nonnull, _Nullable, or _Null_unspecified) [-Wnullability-completeness]
 6213 | void VmaJsonWriter::ContinueString_Pointer(const void* ptr)
      |                                                      ^
/Users/runner/work/PTVisionPro/PTVisionPro/build/deps/vma-src/include/vk_mem_alloc.h:6213:54: note: insert '_Nullable' if the pointer may be null
 6213 | void VmaJsonWriter::ContinueString_Pointer(const void* ptr)
      |                                                      ^
      |                                                        _Nullable
/Users/runner/work/PTVisionPro/PTVisionPro/build/deps/vma-src/include/vk_mem_alloc.h:6213:54: note: insert '_Nonnull' if the pointer should never be null
 6213 | void VmaJsonWriter::ContinueString_Pointer(const void* ptr)
      |                                                      ^
      |                                                        _Nonnull
/Users/runner/work/PTVisionPro/PTVisionPro/build/deps/vma-src/include/vk_mem_alloc.h:6219:41: warning: pointer is missing a nullability type specifier (_Nonnull, _Nullable, or _Null_unspecified) [-Wnullability-completeness]
 6219 | void VmaJsonWriter::EndString(const char* pStr)
      |                                         ^
/Users/runner/work/PTVisionPro/PTVisionPro/build/deps/vma-src/include/vk_mem_alloc.h:6219:41: note: insert '_Nullable' if the pointer may be null
 6219 | void VmaJsonWriter::EndString(const char* pStr)
      |                                         ^
      |                                           _Nullable
/Users/runner/work/PTVisionPro/PTVisionPro/build/deps/vma-src/include/vk_mem_alloc.h:6219:41: note: insert '_Nonnull' if the pointer should never be null
 6219 | void VmaJsonWriter::EndString(const char* pStr)
      |                                         ^
      |                                           _Nonnull
/Users/runner/work/PTVisionPro/PTVisionPro/build/deps/vma-src/include/vk_mem_alloc.h:6528:9: warning: pointer is missing a nullability type specifier (_Nonnull, _Nullable, or _Null_unspecified) [-Wnullability-completeness]
 6528 |     void* placeholder = VMA_NULL;
      |         ^
/Users/runner/work/PTVisionPro/PTVisionPro/build/deps/vma-src/include/vk_mem_alloc.h:6528:9: note: insert '_Nullable' if the pointer may be null
 6528 |     void* placeholder = VMA_NULL;
      |         ^
      |           _Nullable
/Users/runner/work/PTVisionPro/PTVisionPro/build/deps/vma-src/include/vk_mem_alloc.h:6528:9: note: insert '_Nonnull' if the pointer should never be null
 6528 |     void* placeholder = VMA_NULL;
      |         ^
      |           _Nonnull
/Users/runner/work/PTVisionPro/PTVisionPro/build/deps/vma-src/include/vk_mem_alloc.h:6548:21: warning: pointer is missing a nullability type specifier (_Nonnull, _Nullable, or _Null_unspecified) [-Wnullability-completeness]
 6548 |     VmaBlockMetadata* m_pMetadata;
      |                     ^
/Users/runner/work/PTVisionPro/PTVisionPro/build/deps/vma-src/include/vk_mem_alloc.h:6548:21: note: insert '_Nullable' if the pointer may be null
 6548 |     VmaBlockMetadata* m_pMetadata;
      |                     ^
      |                       _Nullable
/Users/runner/work/PTVisionPro/PTVisionPro/build/deps/vma-src/include/vk_mem_alloc.h:6548:21: note: insert '_Nonnull' if the pointer should never be null
 6548 |     VmaBlockMetadata* m_pMetadata;
      |                     ^
      |                       _Nonnull
/Users/runner/work/PTVisionPro/PTVisionPro/build/deps/vma-src/include/vk_mem_alloc.h:6550:35: warning: pointer is missing a nullability type specifier (_Nonnull, _Nullable, or _Null_unspecified) [-Wnullability-completeness]
 6550 |     explicit VmaDeviceMemoryBlock(VmaAllocator hAllocator);
      |                                   ^
/Users/runner/work/PTVisionPro/PTVisionPro/build/deps/vma-src/include/vk_mem_alloc.h:6550:35: note: insert '_Nullable' if the pointer may be null
 6550 |     explicit VmaDeviceMemoryBlock(VmaAllocator hAllocator);
      |                                   ^
      |                                                _Nullable
/Users/runner/work/PTVisionPro/PTVisionPro/build/deps/vma-src/include/vk_mem_alloc.h:6550:35: note: insert '_Nonnull' if the pointer should never be null
 6550 |     explicit VmaDeviceMemoryBlock(VmaAllocator hAllocator);
      |                                   ^
      |                                                _Nonnull
/Users/runner/work/PTVisionPro/PTVisionPro/build/deps/vma-src/include/vk_mem_alloc.h:6555:9: warning: pointer is missing a nullability type specifier (_Nonnull, _Nullable, or _Null_unspecified) [-Wnullability-completeness]
 6555 |         VmaAllocator hAllocator,
      |         ^
/Users/runner/work/PTVisionPro/PTVisionPro/build/deps/vma-src/include/vk_mem_alloc.h:6555:9: note: insert '_Nullable' if the pointer may be null
 6555 |         VmaAllocator hAllocator,
      |         ^
      |                      _Nullable
/Users/runner/work/PTVisionPro/PTVisionPro/build/deps/vma-src/include/vk_mem_alloc.h:6555:9: note: insert '_Nonnull' if the pointer should never be null
 6555 |         VmaAllocator hAllocator,
      |         ^
      |                      _Nonnull
/Users/runner/work/PTVisionPro/PTVisionPro/build/deps/vma-src/include/vk_mem_alloc.h:6556:9: warning: pointer is missing a nullability type specifier (_Nonnull, _Nullable, or _Null_unspecified) [-Wnullability-completeness]
 6556 |         VmaPool hParentPool,
      |         ^
/Users/runner/work/PTVisionPro/PTVisionPro/build/deps/vma-src/include/vk_mem_alloc.h:6556:9: note: insert '_Nullable' if the pointer may be null
 6556 |         VmaPool hParentPool,
      |         ^
      |                 _Nullable
/Users/runner/work/PTVisionPro/PTVisionPro/build/deps/vma-src/include/vk_mem_alloc.h:6556:9: note: insert '_Nonnull' if the pointer should never be null
 6556 |         VmaPool hParentPool,
      |         ^
      |                 _Nonnull
/Users/runner/work/PTVisionPro/PTVisionPro/build/deps/vma-src/include/vk_mem_alloc.h:6558:9: warning: pointer is missing a nullability type specifier (_Nonnull, _Nullable, or _Null_unspecified) [-Wnullability-completeness]
 6558 |         VkDeviceMemory newMemory,
      |         ^
/Users/runner/work/PTVisionPro/PTVisionPro/build/deps/vma-src/include/vk_mem_alloc.h:6558:9: note: insert '_Nullable' if the pointer may be null
 6558 |         VkDeviceMemory newMemory,
      |         ^
      |                        _Nullable
/Users/runner/work/PTVisionPro/PTVisionPro/build/deps/vma-src/include/vk_mem_alloc.h:6558:9: note: insert '_Nonnull' if the pointer should never be null
 6558 |         VkDeviceMemory newMemory,
      |         ^
      |                        _Nonnull
/Users/runner/work/PTVisionPro/PTVisionPro/build/deps/vma-src/include/vk_mem_alloc.h:6564:18: warning: pointer is missing a nullability type specifier (_Nonnull, _Nullable, or _Null_unspecified) [-Wnullability-completeness]
 6564 |     void Destroy(VmaAllocator allocator);
      |                  ^
/Users/runner/work/PTVisionPro/PTVisionPro/build/deps/vma-src/include/vk_mem_alloc.h:6564:18: note: insert '_Nullable' if the pointer may be null
 6564 |     void Destroy(VmaAllocator allocator);
      |                  ^
      |                               _Nullable
/Users/runner/work/PTVisionPro/PTVisionPro/build/deps/vma-src/include/vk_mem_alloc.h:6564:18: note: insert '_Nonnull' if the pointer should never be null
 6564 |     void Destroy(VmaAllocator allocator);
      |                  ^
      |                               _Nonnull
/Users/runner/work/PTVisionPro/PTVisionPro/build/deps/vma-src/include/vk_mem_alloc.h:6566:5: warning: pointer is missing a nullability type specifier (_Nonnull, _Nullable, or _Null_unspecified) [-Wnullability-completeness]
 6566 |     VmaPool GetParentPool() const { return m_hParentPool; }
      |     ^
/Users/runner/work/PTVisionPro/PTVisionPro/build/deps/vma-src/include/vk_mem_alloc.h:6566:5: note: insert '_Nullable' if the pointer may be null
 6566 |     VmaPool GetParentPool() const { return m_hParentPool; }
      |     ^
      |             _Nullable
/Users/runner/work/PTVisionPro/PTVisionPro/build/deps/vma-src/include/vk_mem_alloc.h:6566:5: note: insert '_Nonnull' if the pointer should never be null
 6566 |     VmaPool GetParentPool() const { return m_hParentPool; }
      |     ^
      |             _Nonnull
/Users/runner/work/PTVisionPro/PTVisionPro/build/deps/vma-src/include/vk_mem_alloc.h:6567:5: warning: pointer is missing a nullability type specifier (_Nonnull, _Nullable, or _Null_unspecified) [-Wnullability-completeness]
 6567 |     VkDeviceMemory GetDeviceMemory() const { return m_hMemory; }
      |     ^
/Users/runner/work/PTVisionPro/PTVisionPro/build/deps/vma-src/include/vk_mem_alloc.h:6567:5: note: insert '_Nullable' if the pointer may be null
 6567 |     VkDeviceMemory GetDeviceMemory() const { return m_hMemory; }
      |     ^
      |                    _Nullable
/Users/runner/work/PTVisionPro/PTVisionPro/build/deps/vma-src/include/vk_mem_alloc.h:6567:5: note: insert '_Nonnull' if the pointer should never be null
 6567 |     VkDeviceMemory GetDeviceMemory() const { return m_hMemory; }
      |     ^
      |                    _Nonnull
/Users/runner/work/PTVisionPro/PTVisionPro/build/deps/vma-src/include/vk_mem_alloc.h:6570:9: warning: pointer is missing a nullability type specifier (_Nonnull, _Nullable, or _Null_unspecified) [-Wnullability-completeness]
 6570 |     void* GetMappedData() const { return m_pMappedData; }
      |         ^
/Users/runner/work/PTVisionPro/PTVisionPro/build/deps/vma-src/include/vk_mem_alloc.h:6570:9: note: insert '_Nullable' if the pointer may be null
 6570 |     void* GetMappedData() const { return m_pMappedData; }
      |         ^
      |           _Nullable
/Users/runner/work/PTVisionPro/PTVisionPro/build/deps/vma-src/include/vk_mem_alloc.h:6570:9: note: insert '_Nonnull' if the pointer should never be null
 6570 |     void* GetMappedData() const { return m_pMappedData; }
      |         ^
      |           _Nonnull
/Users/runner/work/PTVisionPro/PTVisionPro/build/deps/vma-src/include/vk_mem_alloc.h:6576:20: warning: pointer is missing a nullability type specifier (_Nonnull, _Nullable, or _Null_unspecified) [-Wnullability-completeness]
 6576 |     void PostAlloc(VmaAllocator hAllocator);
      |                    ^
/Users/runner/work/PTVisionPro/PTVisionPro/build/deps/vma-src/include/vk_mem_alloc.h:6576:20: note: insert '_Nullable' if the pointer may be null
 6576 |     void PostAlloc(VmaAllocator hAllocator);
      |                    ^
      |                                 _Nullable
/Users/runner/work/PTVisionPro/PTVisionPro/build/deps/vma-src/include/vk_mem_alloc.h:6576:20: note: insert '_Nonnull' if the pointer should never be null
 6576 |     void PostAlloc(VmaAllocator hAllocator);
      |                    ^
      |                                 _Nonnull
/Users/runner/work/PTVisionPro/PTVisionPro/build/deps/vma-src/include/vk_mem_alloc.h:6577:19: warning: pointer is missing a nullability type specifier (_Nonnull, _Nullable, or _Null_unspecified) [-Wnullability-completeness]
 6577 |     void PostFree(VmaAllocator hAllocator);
      |                   ^
/Users/runner/work/PTVisionPro/PTVisionPro/build/deps/vma-src/include/vk_mem_alloc.h:6577:19: note: insert '_Nullable' if the pointer may be null
 6577 |     void PostFree(VmaAllocator hAllocator);
      |                   ^
      |                                _Nullable
/Users/runner/work/PTVisionPro/PTVisionPro/build/deps/vma-src/include/vk_mem_alloc.h:6577:19: note: insert '_Nonnull' if the pointer should never be null
 6577 |     void PostFree(VmaAllocator hAllocator);
      |                   ^
      |                                _Nonnull
/Users/runner/work/PTVisionPro/PTVisionPro/build/deps/vma-src/include/vk_mem_alloc.h:6581:30: warning: pointer is missing a nullability type specifier (_Nonnull, _Nullable, or _Null_unspecified) [-Wnullability-completeness]
 6581 |     VkResult CheckCorruption(VmaAllocator hAllocator);
      |                              ^
/Users/runner/work/PTVisionPro/PTVisionPro/build/deps/vma-src/include/vk_mem_alloc.h:6581:30: note: insert '_Nullable' if the pointer may be null
 6581 |     VkResult CheckCorruption(VmaAllocator hAllocator);
      |                              ^
      |                                           _Nullable
/Users/runner/work/PTVisionPro/PTVisionPro/build/deps/vma-src/include/vk_mem_alloc.h:6581:30: note: insert '_Nonnull' if the pointer should never be null
 6581 |     VkResult CheckCorruption(VmaAllocator hAllocator);
      |                              ^
      |                                           _Nonnull
/Users/runner/work/PTVisionPro/PTVisionPro/build/deps/vma-src/include/vk_mem_alloc.h:6584:18: warning: pointer is missing a nullability type specifier (_Nonnull, _Nullable, or _Null_unspecified) [-Wnullability-completeness]
 6584 |     VkResult Map(VmaAllocator hAllocator, uint32_t count, void** ppData);
      |                  ^
/Users/runner/work/PTVisionPro/PTVisionPro/build/deps/vma-src/include/vk_mem_alloc.h:6584:18: note: insert '_Nullable' if the pointer may be null
 6584 |     VkResult Map(VmaAllocator hAllocator, uint32_t count, void** ppData);
      |                  ^
      |                               _Nullable
/Users/runner/work/PTVisionPro/PTVisionPro/build/deps/vma-src/include/vk_mem_alloc.h:6584:18: note: insert '_Nonnull' if the pointer should never be null
 6584 |     VkResult Map(VmaAllocator hAllocator, uint32_t count, void** ppData);
      |                  ^
      |                               _Nonnull
/Users/runner/work/PTVisionPro/PTVisionPro/build/deps/vma-src/include/vk_mem_alloc.h:6584:63: warning: pointer is missing a nullability type specifier (_Nonnull, _Nullable, or _Null_unspecified) [-Wnullability-completeness]
 6584 |     VkResult Map(VmaAllocator hAllocator, uint32_t count, void** ppData);
      |                                                               ^
/Users/runner/work/PTVisionPro/PTVisionPro/build/deps/vma-src/include/vk_mem_alloc.h:6584:63: note: insert '_Nullable' if the pointer may be null
 6584 |     VkResult Map(VmaAllocator hAllocator, uint32_t count, void** ppData);
      |                                                               ^
      |                                                                _Nullable
/Users/runner/work/PTVisionPro/PTVisionPro/build/deps/vma-src/include/vk_mem_alloc.h:6584:63: note: insert '_Nonnull' if the pointer should never be null
 6584 |     VkResult Map(VmaAllocator hAllocator, uint32_t count, void** ppData);
      |                                                               ^
      |                                                                _Nonnull
/Users/runner/work/PTVisionPro/PTVisionPro/build/deps/vma-src/include/vk_mem_alloc.h:6584:64: warning: pointer is missing a nullability type specifier (_Nonnull, _Nullable, or _Null_unspecified) [-Wnullability-completeness]
 6584 |     VkResult Map(VmaAllocator hAllocator, uint32_t count, void** ppData);
      |                                                                ^
/Users/runner/work/PTVisionPro/PTVisionPro/build/deps/vma-src/include/vk_mem_alloc.h:6584:64: note: insert '_Nullable' if the pointer may be null
 6584 |     VkResult Map(VmaAllocator hAllocator, uint32_t count, void** ppData);
      |                                                                ^
      |                                                                  _Nullable
/Users/runner/work/PTVisionPro/PTVisionPro/build/deps/vma-src/include/vk_mem_alloc.h:6584:64: note: insert '_Nonnull' if the pointer should never be null
 6584 |     VkResult Map(VmaAllocator hAllocator, uint32_t count, void** ppData);
      |                                                                ^
      |                                                                  _Nonnull
/Users/runner/work/PTVisionPro/PTVisionPro/build/deps/vma-src/include/vk_mem_alloc.h:6585:16: warning: pointer is missing a nullability type specifier (_Nonnull, _Nullable, or _Null_unspecified) [-Wnullability-completeness]
 6585 |     void Unmap(VmaAllocator hAllocator, uint32_t count);
      |                ^
/Users/runner/work/PTVisionPro/PTVisionPro/build/deps/vma-src/include/vk_mem_alloc.h:6585:16: note: insert '_Nullable' if the pointer may be null
 6585 |     void Unmap(VmaAllocator hAllocator, uint32_t count);
      |                ^
      |                             _Nullable
/Users/runner/work/PTVisionPro/PTVisionPro/build/deps/vma-src/include/vk_mem_alloc.h:6585:16: note: insert '_Nonnull' if the pointer should never be null
 6585 |     void Unmap(VmaAllocator hAllocator, uint32_t count);
      |                ^
      |                             _Nonnull
/Users/runner/work/PTVisionPro/PTVisionPro/build/deps/vma-src/include/vk_mem_alloc.h:6587:45: warning: pointer is missing a nullability type specifier (_Nonnull, _Nullable, or _Null_unspecified) [-Wnullability-completeness]
 6587 |     VkResult WriteMagicValueAfterAllocation(VmaAllocator hAllocator, VkDeviceSize allocOffset, VkDeviceSize allocSize);
      |                                             ^
/Users/runner/work/PTVisionPro/PTVisionPro/build/deps/vma-src/include/vk_mem_alloc.h:6587:45: note: insert '_Nullable' if the pointer may be null
 6587 |     VkResult WriteMagicValueAfterAllocation(VmaAllocator hAllocator, VkDeviceSize allocOffset, VkDeviceSize allocSize);
      |                                             ^
      |                                                          _Nullable
/Users/runner/work/PTVisionPro/PTVisionPro/build/deps/vma-src/include/vk_mem_alloc.h:6587:45: note: insert '_Nonnull' if the pointer should never be null
 6587 |     VkResult WriteMagicValueAfterAllocation(VmaAllocator hAllocator, VkDeviceSize allocOffset, VkDeviceSize allocSize);
      |                                             ^
      |                                                          _Nonnull
/Users/runner/work/PTVisionPro/PTVisionPro/build/deps/vma-src/include/vk_mem_alloc.h:6588:48: warning: pointer is missing a nullability type specifier (_Nonnull, _Nullable, or _Null_unspecified) [-Wnullability-completeness]
 6588 |     VkResult ValidateMagicValueAfterAllocation(VmaAllocator hAllocator, VkDeviceSize allocOffset, VkDeviceSize allocSize);
      |                                                ^
/Users/runner/work/PTVisionPro/PTVisionPro/build/deps/vma-src/include/vk_mem_alloc.h:6588:48: note: insert '_Nullable' if the pointer may be null
 6588 |     VkResult ValidateMagicValueAfterAllocation(VmaAllocator hAllocator, VkDeviceSize allocOffset, VkDeviceSize allocSize);
      |                                                ^
      |                                                             _Nullable
/Users/runner/work/PTVisionPro/PTVisionPro/build/deps/vma-src/include/vk_mem_alloc.h:6588:48: note: insert '_Nonnull' if the pointer should never be null
 6588 |     VkResult ValidateMagicValueAfterAllocation(VmaAllocator hAllocator, VkDeviceSize allocOffset, VkDeviceSize allocSize);
      |                                                ^
      |                                                             _Nonnull
/Users/runner/work/PTVisionPro/PTVisionPro/build/deps/vma-src/include/vk_mem_alloc.h:6591:9: warning: pointer is missing a nullability type specifier (_Nonnull, _Nullable, or _Null_unspecified) [-Wnullability-completeness]
 6591 |         VmaAllocator hAllocator,
      |         ^
/Users/runner/work/PTVisionPro/PTVisionPro/build/deps/vma-src/include/vk_mem_alloc.h:6591:9: note: insert '_Nullable' if the pointer may be null
 6591 |         VmaAllocator hAllocator,
      |         ^
      |                      _Nullable
/Users/runner/work/PTVisionPro/PTVisionPro/build/deps/vma-src/include/vk_mem_alloc.h:6591:9: note: insert '_Nonnull' if the pointer should never be null
 6591 |         VmaAllocator hAllocator,
      |         ^
      |                      _Nonnull
/Users/runner/work/PTVisionPro/PTVisionPro/build/deps/vma-src/include/vk_mem_alloc.h:6592:9: warning: pointer is missing a nullability type specifier (_Nonnull, _Nullable, or _Null_unspecified) [-Wnullability-completeness]
 6592 |         VmaAllocation hAllocation,
      |         ^
/Users/runner/work/PTVisionPro/PTVisionPro/build/deps/vma-src/include/vk_mem_alloc.h:6592:9: note: insert '_Nullable' if the pointer may be null
 6592 |         VmaAllocation hAllocation,
      |         ^
      |                       _Nullable
/Users/runner/work/PTVisionPro/PTVisionPro/build/deps/vma-src/include/vk_mem_alloc.h:6592:9: note: insert '_Nonnull' if the pointer should never be null
 6592 |         VmaAllocation hAllocation,
      |         ^
      |                       _Nonnull
/Users/runner/work/PTVisionPro/PTVisionPro/build/deps/vma-src/include/vk_mem_alloc.h:6594:9: warning: pointer is missing a nullability type specifier (_Nonnull, _Nullable, or _Null_unspecified) [-Wnullability-completeness]
 6594 |         VkBuffer hBuffer,
      |         ^
/Users/runner/work/PTVisionPro/PTVisionPro/build/deps/vma-src/include/vk_mem_alloc.h:6594:9: note: insert '_Nullable' if the pointer may be null
 6594 |         VkBuffer hBuffer,
      |         ^
      |                  _Nullable
/Users/runner/work/PTVisionPro/PTVisionPro/build/deps/vma-src/include/vk_mem_alloc.h:6594:9: note: insert '_Nonnull' if the pointer should never be null
 6594 |         VkBuffer hBuffer,
      |         ^
      |                  _Nonnull
/Users/runner/work/PTVisionPro/PTVisionPro/build/deps/vma-src/include/vk_mem_alloc.h:6595:19: warning: pointer is missing a nullability type specifier (_Nonnull, _Nullable, or _Null_unspecified) [-Wnullability-completeness]
 6595 |         const void* pNext);
      |                   ^
/Users/runner/work/PTVisionPro/PTVisionPro/build/deps/vma-src/include/vk_mem_alloc.h:6595:19: note: insert '_Nullable' if the pointer may be null
 6595 |         const void* pNext);
      |                   ^
      |                     _Nullable
/Users/runner/work/PTVisionPro/PTVisionPro/build/deps/vma-src/include/vk_mem_alloc.h:6595:19: note: insert '_Nonnull' if the pointer should never be null
 6595 |         const void* pNext);
      |                   ^
      |                     _Nonnull
/Users/runner/work/PTVisionPro/PTVisionPro/build/deps/vma-src/include/vk_mem_alloc.h:6597:9: warning: pointer is missing a nullability type specifier (_Nonnull, _Nullable, or _Null_unspecified) [-Wnullability-completeness]
 6597 |         VmaAllocator hAllocator,
      |         ^
/Users/runner/work/PTVisionPro/PTVisionPro/build/deps/vma-src/include/vk_mem_alloc.h:6597:9: note: insert '_Nullable' if the pointer may be null
 6597 |         VmaAllocator hAllocator,
      |         ^
      |                      _Nullable
/Users/runner/work/PTVisionPro/PTVisionPro/build/deps/vma-src/include/vk_mem_alloc.h:6597:9: note: insert '_Nonnull' if the pointer should never be null
 6597 |         VmaAllocator hAllocator,
      |         ^
      |                      _Nonnull
/Users/runner/work/PTVisionPro/PTVisionPro/build/deps/vma-src/include/vk_mem_alloc.h:6598:9: warning: pointer is missing a nullability type specifier (_Nonnull, _Nullable, or _Null_unspecified) [-Wnullability-completeness]
 6598 |         VmaAllocation hAllocation,
      |         ^
/Users/runner/work/PTVisionPro/PTVisionPro/build/deps/vma-src/include/vk_mem_alloc.h:6598:9: note: insert '_Nullable' if the pointer may be null
 6598 |         VmaAllocation hAllocation,
      |         ^
      |                       _Nullable
/Users/runner/work/PTVisionPro/PTVisionPro/build/deps/vma-src/include/vk_mem_alloc.h:6598:9: note: insert '_Nonnull' if the pointer should never be null
 6598 |         VmaAllocation hAllocation,
      |         ^
      |                       _Nonnull
/Users/runner/work/PTVisionPro/PTVisionPro/build/deps/vma-src/include/vk_mem_alloc.h:6600:9: warning: pointer is missing a nullability type specifier (_Nonnull, _Nullable, or _Null_unspecified) [-Wnullability-completeness]
 6600 |         VkImage hImage,
      |         ^
/Users/runner/work/PTVisionPro/PTVisionPro/build/deps/vma-src/include/vk_mem_alloc.h:6600:9: note: insert '_Nullable' if the pointer may be null
 6600 |         VkImage hImage,
      |         ^
      |                 _Nullable
/Users/runner/work/PTVisionPro/PTVisionPro/build/deps/vma-src/include/vk_mem_alloc.h:6600:9: note: insert '_Nonnull' if the pointer should never be null
 6600 |         VkImage hImage,
      |         ^
      |                 _Nonnull
/Users/runner/work/PTVisionPro/PTVisionPro/build/deps/vma-src/include/vk_mem_alloc.h:6601:19: warning: pointer is missing a nullability type specifier (_Nonnull, _Nullable, or _Null_unspecified) [-Wnullability-completeness]
 6601 |         const void* pNext);
      |                   ^
/Users/runner/work/PTVisionPro/PTVisionPro/build/deps/vma-src/include/vk_mem_alloc.h:6601:19: note: insert '_Nullable' if the pointer may be null
 6601 |         const void* pNext);
      |                   ^
      |                     _Nullable
/Users/runner/work/PTVisionPro/PTVisionPro/build/deps/vma-src/include/vk_mem_alloc.h:6601:19: note: insert '_Nonnull' if the pointer should never be null
 6601 |         const void* pNext);
      |                   ^
      |                     _Nonnull
/Users/runner/work/PTVisionPro/PTVisionPro/build/deps/vma-src/include/vk_mem_alloc.h:6611:5: warning: pointer is missing a nullability type specifier (_Nonnull, _Nullable, or _Null_unspecified) [-Wnullability-completeness]
 6611 |     VmaPool m_hParentPool; // VK_NULL_HANDLE if not belongs to custom pool.
      |     ^
/Users/runner/work/PTVisionPro/PTVisionPro/build/deps/vma-src/include/vk_mem_alloc.h:6611:5: note: insert '_Nullable' if the pointer may be null
 6611 |     VmaPool m_hParentPool; // VK_NULL_HANDLE if not belongs to custom pool.
      |     ^
      |             _Nullable
/Users/runner/work/PTVisionPro/PTVisionPro/build/deps/vma-src/include/vk_mem_alloc.h:6611:5: note: insert '_Nonnull' if the pointer should never be null
 6611 |     VmaPool m_hParentPool; // VK_NULL_HANDLE if not belongs to custom pool.
      |     ^
      |             _Nonnull
/Users/runner/work/PTVisionPro/PTVisionPro/build/deps/vma-src/include/vk_mem_alloc.h:6614:5: warning: pointer is missing a nullability type specifier (_Nonnull, _Nullable, or _Null_unspecified) [-Wnullability-completeness]
 6614 |     VkDeviceMemory m_hMemory;
      |     ^
/Users/runner/work/PTVisionPro/PTVisionPro/build/deps/vma-src/include/vk_mem_alloc.h:6614:5: note: insert '_Nullable' if the pointer may be null
 6614 |     VkDeviceMemory m_hMemory;
      |     ^
      |                    _Nullable
/Users/runner/work/PTVisionPro/PTVisionPro/build/deps/vma-src/include/vk_mem_alloc.h:6614:5: note: insert '_Nonnull' if the pointer should never be null
 6614 |     VkDeviceMemory m_hMemory;
      |     ^
      |                    _Nonnull
/Users/runner/work/PTVisionPro/PTVisionPro/build/deps/vma-src/include/vk_mem_alloc.h:6625:9: warning: pointer is missing a nullability type specifier (_Nonnull, _Nullable, or _Null_unspecified) [-Wnullability-completeness]
 6625 |     void* m_pMappedData;
      |         ^
/Users/runner/work/PTVisionPro/PTVisionPro/build/deps/vma-src/include/vk_mem_alloc.h:6625:9: note: insert '_Nullable' if the pointer may be null
 6625 |     void* m_pMappedData;
      |         ^
      |           _Nullable
/Users/runner/work/PTVisionPro/PTVisionPro/build/deps/vma-src/include/vk_mem_alloc.h:6625:9: note: insert '_Nonnull' if the pointer should never be null
 6625 |     void* m_pMappedData;
      |         ^
      |           _Nonnull
/Users/runner/work/PTVisionPro/PTVisionPro/build/deps/vma-src/include/vk_mem_alloc.h:6639:9: warning: pointer is missing a nullability type specifier (_Nonnull, _Nullable, or _Null_unspecified) [-Wnullability-completeness]
 6639 |     void* m_pMappedData = VMA_NULL; // Not null means memory is mapped.
      |         ^
/Users/runner/work/PTVisionPro/PTVisionPro/build/deps/vma-src/include/vk_mem_alloc.h:6639:9: note: insert '_Nullable' if the pointer may be null
 6639 |     void* m_pMappedData = VMA_NULL; // Not null means memory is mapped.
      |         ^
      |           _Nullable
/Users/runner/work/PTVisionPro/PTVisionPro/build/deps/vma-src/include/vk_mem_alloc.h:6639:9: note: insert '_Nonnull' if the pointer should never be null
 6639 |     void* m_pMappedData = VMA_NULL; // Not null means memory is mapped.
      |         ^
      |           _Nonnull
/Users/runner/work/PTVisionPro/PTVisionPro/build/deps/vma-src/include/vk_mem_alloc.h:6666:29: warning: pointer is missing a nullability type specifier (_Nonnull, _Nullable, or _Null_unspecified) [-Wnullability-completeness]
 6666 |         VmaDeviceMemoryBlock* block,
      |                             ^
/Users/runner/work/PTVisionPro/PTVisionPro/build/deps/vma-src/include/vk_mem_alloc.h:6666:29: note: insert '_Nullable' if the pointer may be null
 6666 |         VmaDeviceMemoryBlock* block,
      |                             ^
      |                               _Nullable
/Users/runner/work/PTVisionPro/PTVisionPro/build/deps/vma-src/include/vk_mem_alloc.h:6666:29: note: insert '_Nonnull' if the pointer should never be null
 6666 |         VmaDeviceMemoryBlock* block,
      |                             ^
      |                               _Nonnull
/Users/runner/work/PTVisionPro/PTVisionPro/build/deps/vma-src/include/vk_mem_alloc.h:6667:9: warning: pointer is missing a nullability type specifier (_Nonnull, _Nullable, or _Null_unspecified) [-Wnullability-completeness]
 6667 |         VmaAllocHandle allocHandle,
      |         ^
/Users/runner/work/PTVisionPro/PTVisionPro/build/deps/vma-src/include/vk_mem_alloc.h:6667:9: note: insert '_Nullable' if the pointer may be null
 6667 |         VmaAllocHandle allocHandle,
      |         ^
      |                        _Nullable
/Users/runner/work/PTVisionPro/PTVisionPro/build/deps/vma-src/include/vk_mem_alloc.h:6667:9: note: insert '_Nonnull' if the pointer should never be null
 6667 |         VmaAllocHandle allocHandle,
      |         ^
      |                        _Nonnull
/Users/runner/work/PTVisionPro/PTVisionPro/build/deps/vma-src/include/vk_mem_alloc.h:6675:9: warning: pointer is missing a nullability type specifier (_Nonnull, _Nullable, or _Null_unspecified) [-Wnullability-completeness]
 6675 |         VmaAllocator allocator,
      |         ^
/Users/runner/work/PTVisionPro/PTVisionPro/build/deps/vma-src/include/vk_mem_alloc.h:6675:9: note: insert '_Nullable' if the pointer may be null
 6675 |         VmaAllocator allocator,
      |         ^
      |                      _Nullable
/Users/runner/work/PTVisionPro/PTVisionPro/build/deps/vma-src/include/vk_mem_alloc.h:6675:9: note: insert '_Nonnull' if the pointer should never be null
 6675 |         VmaAllocator allocator,
      |         ^
      |                      _Nonnull
/Users/runner/work/PTVisionPro/PTVisionPro/build/deps/vma-src/include/vk_mem_alloc.h:6676:9: warning: pointer is missing a nullability type specifier (_Nonnull, _Nullable, or _Null_unspecified) [-Wnullability-completeness]
 6676 |         VmaPool hParentPool,
      |         ^
/Users/runner/work/PTVisionPro/PTVisionPro/build/deps/vma-src/include/vk_mem_alloc.h:6676:9: note: insert '_Nullable' if the pointer may be null
 6676 |         VmaPool hParentPool,
      |         ^
      |                 _Nullable
/Users/runner/work/PTVisionPro/PTVisionPro/build/deps/vma-src/include/vk_mem_alloc.h:6676:9: note: insert '_Nonnull' if the pointer should never be null
 6676 |         VmaPool hParentPool,
      |         ^
      |                 _Nonnull
/Users/runner/work/PTVisionPro/PTVisionPro/build/deps/vma-src/include/vk_mem_alloc.h:6678:9: warning: pointer is missing a nullability type specifier (_Nonnull, _Nullable, or _Null_unspecified) [-Wnullability-completeness]
 6678 |         VkDeviceMemory hMemory,
      |         ^
/Users/runner/work/PTVisionPro/PTVisionPro/build/deps/vma-src/include/vk_mem_alloc.h:6678:9: note: insert '_Nullable' if the pointer may be null
 6678 |         VkDeviceMemory hMemory,
      |         ^
      |                        _Nullable
/Users/runner/work/PTVisionPro/PTVisionPro/build/deps/vma-src/include/vk_mem_alloc.h:6678:9: note: insert '_Nonnull' if the pointer should never be null
 6678 |         VkDeviceMemory hMemory,
      |         ^
      |                        _Nonnull
/Users/runner/work/PTVisionPro/PTVisionPro/build/deps/vma-src/include/vk_mem_alloc.h:6680:13: warning: pointer is missing a nullability type specifier (_Nonnull, _Nullable, or _Null_unspecified) [-Wnullability-completeness]
 6680 |         void* pMappedData,
      |             ^
/Users/runner/work/PTVisionPro/PTVisionPro/build/deps/vma-src/include/vk_mem_alloc.h:6680:13: note: insert '_Nullable' if the pointer may be null
 6680 |         void* pMappedData,
      |             ^
      |               _Nullable
/Users/runner/work/PTVisionPro/PTVisionPro/build/deps/vma-src/include/vk_mem_alloc.h:6680:13: note: insert '_Nonnull' if the pointer should never be null
 6680 |         void* pMappedData,
      |             ^
      |               _Nonnull
/Users/runner/work/PTVisionPro/PTVisionPro/build/deps/vma-src/include/vk_mem_alloc.h:6682:18: warning: pointer is missing a nullability type specifier (_Nonnull, _Nullable, or _Null_unspecified) [-Wnullability-completeness]
 6682 |     void Destroy(VmaAllocator allocator);
      |                  ^
/Users/runner/work/PTVisionPro/PTVisionPro/build/deps/vma-src/include/vk_mem_alloc.h:6682:18: note: insert '_Nullable' if the pointer may be null
 6682 |     void Destroy(VmaAllocator allocator);
      |                  ^
      |                               _Nullable
/Users/runner/work/PTVisionPro/PTVisionPro/build/deps/vma-src/include/vk_mem_alloc.h:6682:18: note: insert '_Nonnull' if the pointer should never be null
 6682 |     void Destroy(VmaAllocator allocator);
      |                  ^
      |                               _Nonnull
/Users/runner/work/PTVisionPro/PTVisionPro/build/deps/vma-src/include/vk_mem_alloc.h:6687:9: warning: pointer is missing a nullability type specifier (_Nonnull, _Nullable, or _Null_unspecified) [-Wnullability-completeness]
 6687 |     void* GetUserData() const { return m_pUserData; }
      |         ^
/Users/runner/work/PTVisionPro/PTVisionPro/build/deps/vma-src/include/vk_mem_alloc.h:6687:9: note: insert '_Nullable' if the pointer may be null
 6687 |     void* GetUserData() const { return m_pUserData; }
      |         ^
      |           _Nullable
/Users/runner/work/PTVisionPro/PTVisionPro/build/deps/vma-src/include/vk_mem_alloc.h:6687:9: note: insert '_Nonnull' if the pointer should never be null
 6687 |     void* GetUserData() const { return m_pUserData; }
      |         ^
      |           _Nonnull
/Users/runner/work/PTVisionPro/PTVisionPro/build/deps/vma-src/include/vk_mem_alloc.h:6688:15: warning: pointer is missing a nullability type specifier (_Nonnull, _Nullable, or _Null_unspecified) [-Wnullability-completeness]
 6688 |     const char* GetName() const { return m_pName; }
      |               ^
/Users/runner/work/PTVisionPro/PTVisionPro/build/deps/vma-src/include/vk_mem_alloc.h:6688:15: note: insert '_Nullable' if the pointer may be null
 6688 |     const char* GetName() const { return m_pName; }
      |               ^
      |                 _Nullable
/Users/runner/work/PTVisionPro/PTVisionPro/build/deps/vma-src/include/vk_mem_alloc.h:6688:15: note: insert '_Nonnull' if the pointer should never be null
 6688 |     const char* GetName() const { return m_pName; }
      |               ^
      |                 _Nonnull
/Users/runner/work/PTVisionPro/PTVisionPro/build/deps/vma-src/include/vk_mem_alloc.h:6691:25: warning: pointer is missing a nullability type specifier (_Nonnull, _Nullable, or _Null_unspecified) [-Wnullability-completeness]
 6691 |     VmaDeviceMemoryBlock* GetBlock() const { VMA_ASSERT(m_Type == ALLOCATION_TYPE_BLOCK); return m_BlockAllocation.m_Block; }
      |                         ^
/Users/runner/work/PTVisionPro/PTVisionPro/build/deps/vma-src/include/vk_mem_alloc.h:6691:25: note: insert '_Nullable' if the pointer may be null
 6691 |     VmaDeviceMemoryBlock* GetBlock() const { VMA_ASSERT(m_Type == ALLOCATION_TYPE_BLOCK); return m_BlockAllocation.m_Block; }
      |                         ^
      |                           _Nullable
/Users/runner/work/PTVisionPro/PTVisionPro/build/deps/vma-src/include/vk_mem_alloc.h:6691:25: note: insert '_Nonnull' if the pointer should never be null
 6691 |     VmaDeviceMemoryBlock* GetBlock() const { VMA_ASSERT(m_Type == ALLOCATION_TYPE_BLOCK); return m_BlockAllocation.m_Block; }
      |                         ^
      |                           _Nonnull
/Users/runner/work/PTVisionPro/PTVisionPro/build/deps/vma-src/include/vk_mem_alloc.h:6696:22: warning: pointer is missing a nullability type specifier (_Nonnull, _Nullable, or _Null_unspecified) [-Wnullability-completeness]
 6696 |     void SetUserData(VmaAllocator hAllocator, void* pUserData) { m_pUserData = pUserData; }
      |                      ^
/Users/runner/work/PTVisionPro/PTVisionPro/build/deps/vma-src/include/vk_mem_alloc.h:6696:22: note: insert '_Nullable' if the pointer may be null
 6696 |     void SetUserData(VmaAllocator hAllocator, void* pUserData) { m_pUserData = pUserData; }
      |                      ^
      |                                   _Nullable
/Users/runner/work/PTVisionPro/PTVisionPro/build/deps/vma-src/include/vk_mem_alloc.h:6696:22: note: insert '_Nonnull' if the pointer should never be null
 6696 |     void SetUserData(VmaAllocator hAllocator, void* pUserData) { m_pUserData = pUserData; }
      |                      ^
      |                                   _Nonnull
/Users/runner/work/PTVisionPro/PTVisionPro/build/deps/vma-src/include/vk_mem_alloc.h:6696:51: warning: pointer is missing a nullability type specifier (_Nonnull, _Nullable, or _Null_unspecified) [-Wnullability-completeness]
 6696 |     void SetUserData(VmaAllocator hAllocator, void* pUserData) { m_pUserData = pUserData; }
      |                                                   ^
/Users/runner/work/PTVisionPro/PTVisionPro/build/deps/vma-src/include/vk_mem_alloc.h:6696:51: note: insert '_Nullable' if the pointer may be null
 6696 |     void SetUserData(VmaAllocator hAllocator, void* pUserData) { m_pUserData = pUserData; }
      |                                                   ^
      |                                                     _Nullable
/Users/runner/work/PTVisionPro/PTVisionPro/build/deps/vma-src/include/vk_mem_alloc.h:6696:51: note: insert '_Nonnull' if the pointer should never be null
 6696 |     void SetUserData(VmaAllocator hAllocator, void* pUserData) { m_pUserData = pUserData; }
      |                                                   ^
      |                                                     _Nonnull
/Users/runner/work/PTVisionPro/PTVisionPro/build/deps/vma-src/include/vk_mem_alloc.h:6697:18: warning: pointer is missing a nullability type specifier (_Nonnull, _Nullable, or _Null_unspecified) [-Wnullability-completeness]
 6697 |     void SetName(VmaAllocator hAllocator, const char* pName);
      |                  ^
/Users/runner/work/PTVisionPro/PTVisionPro/build/deps/vma-src/include/vk_mem_alloc.h:6697:18: note: insert '_Nullable' if the pointer may be null
 6697 |     void SetName(VmaAllocator hAllocator, const char* pName);
      |                  ^
      |                               _Nullable
/Users/runner/work/PTVisionPro/PTVisionPro/build/deps/vma-src/include/vk_mem_alloc.h:6697:18: note: insert '_Nonnull' if the pointer should never be null
 6697 |     void SetName(VmaAllocator hAllocator, const char* pName);
      |                  ^
      |                               _Nonnull
/Users/runner/work/PTVisionPro/PTVisionPro/build/deps/vma-src/include/vk_mem_alloc.h:6697:53: warning: pointer is missing a nullability type specifier (_Nonnull, _Nullable, or _Null_unspecified) [-Wnullability-completeness]
 6697 |     void SetName(VmaAllocator hAllocator, const char* pName);
      |                                                     ^
/Users/runner/work/PTVisionPro/PTVisionPro/build/deps/vma-src/include/vk_mem_alloc.h:6697:53: note: insert '_Nullable' if the pointer may be null
 6697 |     void SetName(VmaAllocator hAllocator, const char* pName);
      |                                                     ^
      |                                                       _Nullable
/Users/runner/work/PTVisionPro/PTVisionPro/build/deps/vma-src/include/vk_mem_alloc.h:6697:53: note: insert '_Nonnull' if the pointer should never be null
 6697 |     void SetName(VmaAllocator hAllocator, const char* pName);
      |                                                     ^
      |                                                       _Nonnull
/Users/runner/work/PTVisionPro/PTVisionPro/build/deps/vma-src/include/vk_mem_alloc.h:6698:19: warning: pointer is missing a nullability type specifier (_Nonnull, _Nullable, or _Null_unspecified) [-Wnullability-completeness]
 6698 |     void FreeName(VmaAllocator hAllocator);
      |                   ^
/Users/runner/work/PTVisionPro/PTVisionPro/build/deps/vma-src/include/vk_mem_alloc.h:6698:19: note: insert '_Nullable' if the pointer may be null
 6698 |     void FreeName(VmaAllocator hAllocator);
      |                   ^
      |                                _Nullable
/Users/runner/work/PTVisionPro/PTVisionPro/build/deps/vma-src/include/vk_mem_alloc.h:6698:19: note: insert '_Nonnull' if the pointer should never be null
 6698 |     void FreeName(VmaAllocator hAllocator);
      |                   ^
      |                                _Nonnull
/Users/runner/work/PTVisionPro/PTVisionPro/build/deps/vma-src/include/vk_mem_alloc.h:6699:33: warning: pointer is missing a nullability type specifier (_Nonnull, _Nullable, or _Null_unspecified) [-Wnullability-completeness]
 6699 |     uint8_t SwapBlockAllocation(VmaAllocator hAllocator, VmaAllocation allocation);
      |                                 ^
/Users/runner/work/PTVisionPro/PTVisionPro/build/deps/vma-src/include/vk_mem_alloc.h:6699:33: note: insert '_Nullable' if the pointer may be null
 6699 |     uint8_t SwapBlockAllocation(VmaAllocator hAllocator, VmaAllocation allocation);
      |                                 ^
      |                                              _Nullable
/Users/runner/work/PTVisionPro/PTVisionPro/build/deps/vma-src/include/vk_mem_alloc.h:6699:33: note: insert '_Nonnull' if the pointer should never be null
 6699 |     uint8_t SwapBlockAllocation(VmaAllocator hAllocator, VmaAllocation allocation);
      |                                 ^
      |                                              _Nonnull
/Users/runner/work/PTVisionPro/PTVisionPro/build/deps/vma-src/include/vk_mem_alloc.h:6699:58: warning: pointer is missing a nullability type specifier (_Nonnull, _Nullable, or _Null_unspecified) [-Wnullability-completeness]
 6699 |     uint8_t SwapBlockAllocation(VmaAllocator hAllocator, VmaAllocation allocation);
      |                                                          ^
/Users/runner/work/PTVisionPro/PTVisionPro/build/deps/vma-src/include/vk_mem_alloc.h:6699:58: note: insert '_Nullable' if the pointer may be null
 6699 |     uint8_t SwapBlockAllocation(VmaAllocator hAllocator, VmaAllocation allocation);
      |                                                          ^
      |                                                                        _Nullable
/Users/runner/work/PTVisionPro/PTVisionPro/build/deps/vma-src/include/vk_mem_alloc.h:6699:58: note: insert '_Nonnull' if the pointer should never be null
 6699 |     uint8_t SwapBlockAllocation(VmaAllocator hAllocator, VmaAllocation allocation);
      |                                                          ^
      |                                                                        _Nonnull
/Users/runner/work/PTVisionPro/PTVisionPro/build/deps/vma-src/include/vk_mem_alloc.h:6700:5: warning: pointer is missing a nullability type specifier (_Nonnull, _Nullable, or _Null_unspecified) [-Wnullability-completeness]
 6700 |     VmaAllocHandle GetAllocHandle() const;
      |     ^
/Users/runner/work/PTVisionPro/PTVisionPro/build/deps/vma-src/include/vk_mem_alloc.h:6700:5: note: insert '_Nullable' if the pointer may be null
 6700 |     VmaAllocHandle GetAllocHandle() const;
      |     ^
      |                    _Nullable
/Users/runner/work/PTVisionPro/PTVisionPro/build/deps/vma-src/include/vk_mem_alloc.h:6700:5: note: insert '_Nonnull' if the pointer should never be null
 6700 |     VmaAllocHandle GetAllocHandle() const;
      |     ^
      |                    _Nonnull
/Users/runner/work/PTVisionPro/PTVisionPro/build/deps/vma-src/include/vk_mem_alloc.h:6702:5: warning: pointer is missing a nullability type specifier (_Nonnull, _Nullable, or _Null_unspecified) [-Wnullability-completeness]
 6702 |     VmaPool GetParentPool() const;
      |     ^
/Users/runner/work/PTVisionPro/PTVisionPro/build/deps/vma-src/include/vk_mem_alloc.h:6702:5: note: insert '_Nullable' if the pointer may be null
 6702 |     VmaPool GetParentPool() const;
      |     ^
      |             _Nullable
/Users/runner/work/PTVisionPro/PTVisionPro/build/deps/vma-src/include/vk_mem_alloc.h:6702:5: note: insert '_Nonnull' if the pointer should never be null
 6702 |     VmaPool GetParentPool() const;
      |     ^
      |             _Nonnull
/Users/runner/work/PTVisionPro/PTVisionPro/build/deps/vma-src/include/vk_mem_alloc.h:6703:5: warning: pointer is missing a nullability type specifier (_Nonnull, _Nullable, or _Null_unspecified) [-Wnullability-completeness]
 6703 |     VkDeviceMemory GetMemory() const;
      |     ^
/Users/runner/work/PTVisionPro/PTVisionPro/build/deps/vma-src/include/vk_mem_alloc.h:6703:5: note: insert '_Nullable' if the pointer may be null
 6703 |     VkDeviceMemory GetMemory() const;
      |     ^
      |                    _Nullable
/Users/runner/work/PTVisionPro/PTVisionPro/build/deps/vma-src/include/vk_mem_alloc.h:6703:5: note: insert '_Nonnull' if the pointer should never be null
 6703 |     VkDeviceMemory GetMemory() const;
      |     ^
      |                    _Nonnull
/Users/runner/work/PTVisionPro/PTVisionPro/build/deps/vma-src/include/vk_mem_alloc.h:6704:9: warning: pointer is missing a nullability type specifier (_Nonnull, _Nullable, or _Null_unspecified) [-Wnullability-completeness]
 6704 |     void* GetMappedData() const;
      |         ^
/Users/runner/work/PTVisionPro/PTVisionPro/build/deps/vma-src/include/vk_mem_alloc.h:6704:9: note: insert '_Nullable' if the pointer may be null
 6704 |     void* GetMappedData() const;
      |         ^
      |           _Nullable
/Users/runner/work/PTVisionPro/PTVisionPro/build/deps/vma-src/include/vk_mem_alloc.h:6704:9: note: insert '_Nonnull' if the pointer should never be null
 6704 |     void* GetMappedData() const;
      |         ^
      |           _Nonnull
/Users/runner/work/PTVisionPro/PTVisionPro/build/deps/vma-src/include/vk_mem_alloc.h:6708:32: warning: pointer is missing a nullability type specifier (_Nonnull, _Nullable, or _Null_unspecified) [-Wnullability-completeness]
 6708 |     VkResult DedicatedAllocMap(VmaAllocator hAllocator, void** ppData);
      |                                ^
/Users/runner/work/PTVisionPro/PTVisionPro/build/deps/vma-src/include/vk_mem_alloc.h:6708:32: note: insert '_Nullable' if the pointer may be null
 6708 |     VkResult DedicatedAllocMap(VmaAllocator hAllocator, void** ppData);
      |                                ^
      |                                             _Nullable
/Users/runner/work/PTVisionPro/PTVisionPro/build/deps/vma-src/include/vk_mem_alloc.h:6708:32: note: insert '_Nonnull' if the pointer should never be null
 6708 |     VkResult DedicatedAllocMap(VmaAllocator hAllocator, void** ppData);
      |                                ^
      |                                             _Nonnull
/Users/runner/work/PTVisionPro/PTVisionPro/build/deps/vma-src/include/vk_mem_alloc.h:6708:61: warning: pointer is missing a nullability type specifier (_Nonnull, _Nullable, or _Null_unspecified) [-Wnullability-completeness]
 6708 |     VkResult DedicatedAllocMap(VmaAllocator hAllocator, void** ppData);
      |                                                             ^
/Users/runner/work/PTVisionPro/PTVisionPro/build/deps/vma-src/include/vk_mem_alloc.h:6708:61: note: insert '_Nullable' if the pointer may be null
 6708 |     VkResult DedicatedAllocMap(VmaAllocator hAllocator, void** ppData);
      |                                                             ^
      |                                                              _Nullable
/Users/runner/work/PTVisionPro/PTVisionPro/build/deps/vma-src/include/vk_mem_alloc.h:6708:61: note: insert '_Nonnull' if the pointer should never be null
 6708 |     VkResult DedicatedAllocMap(VmaAllocator hAllocator, void** ppData);
      |                                                             ^
      |                                                              _Nonnull
/Users/runner/work/PTVisionPro/PTVisionPro/build/deps/vma-src/include/vk_mem_alloc.h:6708:62: warning: pointer is missing a nullability type specifier (_Nonnull, _Nullable, or _Null_unspecified) [-Wnullability-completeness]
 6708 |     VkResult DedicatedAllocMap(VmaAllocator hAllocator, void** ppData);
      |                                                              ^
/Users/runner/work/PTVisionPro/PTVisionPro/build/deps/vma-src/include/vk_mem_alloc.h:6708:62: note: insert '_Nullable' if the pointer may be null
 6708 |     VkResult DedicatedAllocMap(VmaAllocator hAllocator, void** ppData);
      |                                                              ^
      |                                                                _Nullable
/Users/runner/work/PTVisionPro/PTVisionPro/build/deps/vma-src/include/vk_mem_alloc.h:6708:62: note: insert '_Nonnull' if the pointer should never be null
 6708 |     VkResult DedicatedAllocMap(VmaAllocator hAllocator, void** ppData);
      |                                                              ^
      |                                                                _Nonnull
/Users/runner/work/PTVisionPro/PTVisionPro/build/deps/vma-src/include/vk_mem_alloc.h:6709:30: warning: pointer is missing a nullability type specifier (_Nonnull, _Nullable, or _Null_unspecified) [-Wnullability-completeness]
 6709 |     void DedicatedAllocUnmap(VmaAllocator hAllocator);
      |                              ^
/Users/runner/work/PTVisionPro/PTVisionPro/build/deps/vma-src/include/vk_mem_alloc.h:6709:30: note: insert '_Nullable' if the pointer may be null
 6709 |     void DedicatedAllocUnmap(VmaAllocator hAllocator);
      |                              ^
      |                                           _Nullable
/Users/runner/work/PTVisionPro/PTVisionPro/build/deps/vma-src/include/vk_mem_alloc.h:6709:30: note: insert '_Nonnull' if the pointer should never be null
 6709 |     void DedicatedAllocUnmap(VmaAllocator hAllocator);
      |                              ^
      |                                           _Nonnull
/Users/runner/work/PTVisionPro/PTVisionPro/build/deps/vma-src/include/vk_mem_alloc.h:6734:29: warning: pointer is missing a nullability type specifier (_Nonnull, _Nullable, or _Null_unspecified) [-Wnullability-completeness]
 6734 |         VmaDeviceMemoryBlock* m_Block;
      |                             ^
/Users/runner/work/PTVisionPro/PTVisionPro/build/deps/vma-src/include/vk_mem_alloc.h:6734:29: note: insert '_Nullable' if the pointer may be null
 6734 |         VmaDeviceMemoryBlock* m_Block;
      |                             ^
      |                               _Nullable
/Users/runner/work/PTVisionPro/PTVisionPro/build/deps/vma-src/include/vk_mem_alloc.h:6734:29: note: insert '_Nonnull' if the pointer should never be null
 6734 |         VmaDeviceMemoryBlock* m_Block;
      |                             ^
      |                               _Nonnull
/Users/runner/work/PTVisionPro/PTVisionPro/build/deps/vma-src/include/vk_mem_alloc.h:6735:9: warning: pointer is missing a nullability type specifier (_Nonnull, _Nullable, or _Null_unspecified) [-Wnullability-completeness]
 6735 |         VmaAllocHandle m_AllocHandle;
      |         ^
/Users/runner/work/PTVisionPro/PTVisionPro/build/deps/vma-src/include/vk_mem_alloc.h:6735:9: note: insert '_Nullable' if the pointer may be null
 6735 |         VmaAllocHandle m_AllocHandle;
      |         ^
      |                        _Nullable
/Users/runner/work/PTVisionPro/PTVisionPro/build/deps/vma-src/include/vk_mem_alloc.h:6735:9: note: insert '_Nonnull' if the pointer should never be null
 6735 |         VmaAllocHandle m_AllocHandle;
      |         ^
      |                        _Nonnull
/Users/runner/work/PTVisionPro/PTVisionPro/build/deps/vma-src/include/vk_mem_alloc.h:6740:9: warning: pointer is missing a nullability type specifier (_Nonnull, _Nullable, or _Null_unspecified) [-Wnullability-completeness]
 6740 |         VmaPool m_hParentPool; // VK_NULL_HANDLE if not belongs to custom pool.
      |         ^
/Users/runner/work/PTVisionPro/PTVisionPro/build/deps/vma-src/include/vk_mem_alloc.h:6740:9: note: insert '_Nullable' if the pointer may be null
 6740 |         VmaPool m_hParentPool; // VK_NULL_HANDLE if not belongs to custom pool.
      |         ^
      |                 _Nullable
/Users/runner/work/PTVisionPro/PTVisionPro/build/deps/vma-src/include/vk_mem_alloc.h:6740:9: note: insert '_Nonnull' if the pointer should never be null
 6740 |         VmaPool m_hParentPool; // VK_NULL_HANDLE if not belongs to custom pool.
      |         ^
      |                 _Nonnull
/Users/runner/work/PTVisionPro/PTVisionPro/build/deps/vma-src/include/vk_mem_alloc.h:6741:9: warning: pointer is missing a nullability type specifier (_Nonnull, _Nullable, or _Null_unspecified) [-Wnullability-completeness]
 6741 |         VkDeviceMemory m_hMemory;
      |         ^
/Users/runner/work/PTVisionPro/PTVisionPro/build/deps/vma-src/include/vk_mem_alloc.h:6741:9: note: insert '_Nullable' if the pointer may be null
 6741 |         VkDeviceMemory m_hMemory;
      |         ^
      |                        _Nullable
/Users/runner/work/PTVisionPro/PTVisionPro/build/deps/vma-src/include/vk_mem_alloc.h:6741:9: note: insert '_Nonnull' if the pointer should never be null
 6741 |         VkDeviceMemory m_hMemory;
      |         ^
      |                        _Nonnull
/Users/runner/work/PTVisionPro/PTVisionPro/build/deps/vma-src/include/vk_mem_alloc.h:6742:31: warning: pointer is missing a nullability type specifier (_Nonnull, _Nullable, or _Null_unspecified) [-Wnullability-completeness]
 6742 |         VmaAllocationExtraData* m_ExtraData;
      |                               ^
/Users/runner/work/PTVisionPro/PTVisionPro/build/deps/vma-src/include/vk_mem_alloc.h:6742:31: note: insert '_Nullable' if the pointer may be null
 6742 |         VmaAllocationExtraData* m_ExtraData;
      |                               ^
      |                                 _Nullable
/Users/runner/work/PTVisionPro/PTVisionPro/build/deps/vma-src/include/vk_mem_alloc.h:6742:31: note: insert '_Nonnull' if the pointer should never be null
 6742 |         VmaAllocationExtraData* m_ExtraData;
      |                               ^
      |                                 _Nonnull
/Users/runner/work/PTVisionPro/PTVisionPro/build/deps/vma-src/include/vk_mem_alloc.h:6743:24: warning: pointer is missing a nullability type specifier (_Nonnull, _Nullable, or _Null_unspecified) [-Wnullability-completeness]
 6743 |         VmaAllocation_T* m_Prev;
      |                        ^
/Users/runner/work/PTVisionPro/PTVisionPro/build/deps/vma-src/include/vk_mem_alloc.h:6743:24: note: insert '_Nullable' if the pointer may be null
 6743 |         VmaAllocation_T* m_Prev;
      |                        ^
      |                          _Nullable
/Users/runner/work/PTVisionPro/PTVisionPro/build/deps/vma-src/include/vk_mem_alloc.h:6743:24: note: insert '_Nonnull' if the pointer should never be null
 6743 |         VmaAllocation_T* m_Prev;
      |                        ^
      |                          _Nonnull
/Users/runner/work/PTVisionPro/PTVisionPro/build/deps/vma-src/include/vk_mem_alloc.h:6744:24: warning: pointer is missing a nullability type specifier (_Nonnull, _Nullable, or _Null_unspecified) [-Wnullability-completeness]
 6744 |         VmaAllocation_T* m_Next;
      |                        ^
/Users/runner/work/PTVisionPro/PTVisionPro/build/deps/vma-src/include/vk_mem_alloc.h:6744:24: note: insert '_Nullable' if the pointer may be null
 6744 |         VmaAllocation_T* m_Next;
      |                        ^
      |                          _Nullable
/Users/runner/work/PTVisionPro/PTVisionPro/build/deps/vma-src/include/vk_mem_alloc.h:6744:24: note: insert '_Nonnull' if the pointer should never be null
 6744 |         VmaAllocation_T* m_Next;
      |                        ^
      |                          _Nonnull
/Users/runner/work/PTVisionPro/PTVisionPro/build/deps/vma-src/include/vk_mem_alloc.h:6756:9: warning: pointer is missing a nullability type specifier (_Nonnull, _Nullable, or _Null_unspecified) [-Wnullability-completeness]
 6756 |     void* m_pUserData;
      |         ^
/Users/runner/work/PTVisionPro/PTVisionPro/build/deps/vma-src/include/vk_mem_alloc.h:6756:9: note: insert '_Nullable' if the pointer may be null
 6756 |     void* m_pUserData;
      |         ^
      |           _Nullable
/Users/runner/work/PTVisionPro/PTVisionPro/build/deps/vma-src/include/vk_mem_alloc.h:6756:9: note: insert '_Nonnull' if the pointer should never be null
 6756 |     void* m_pUserData;
      |         ^
      |           _Nonnull
/Users/runner/work/PTVisionPro/PTVisionPro/build/deps/vma-src/include/vk_mem_alloc.h:6757:9: warning: pointer is missing a nullability type specifier (_Nonnull, _Nullable, or _Null_unspecified) [-Wnullability-completeness]
 6757 |     char* m_pName;
      |         ^
/Users/runner/work/PTVisionPro/PTVisionPro/build/deps/vma-src/include/vk_mem_alloc.h:6757:9: note: insert '_Nullable' if the pointer may be null
 6757 |     char* m_pName;
      |         ^
      |           _Nullable
/Users/runner/work/PTVisionPro/PTVisionPro/build/deps/vma-src/include/vk_mem_alloc.h:6757:9: note: insert '_Nonnull' if the pointer should never be null
 6757 |     char* m_pName;
      |         ^
      |           _Nonnull
/Users/runner/work/PTVisionPro/PTVisionPro/build/deps/vma-src/include/vk_mem_alloc.h:6768:26: warning: pointer is missing a nullability type specifier (_Nonnull, _Nullable, or _Null_unspecified) [-Wnullability-completeness]
 6768 |     void EnsureExtraData(VmaAllocator hAllocator);
      |                          ^
/Users/runner/work/PTVisionPro/PTVisionPro/build/deps/vma-src/include/vk_mem_alloc.h:6768:26: note: insert '_Nullable' if the pointer may be null
 6768 |     void EnsureExtraData(VmaAllocator hAllocator);
      |                          ^
      |                                       _Nullable
/Users/runner/work/PTVisionPro/PTVisionPro/build/deps/vma-src/include/vk_mem_alloc.h:6768:26: note: insert '_Nonnull' if the pointer should never be null
 6768 |     void EnsureExtraData(VmaAllocator hAllocator);
      |                          ^
      |                                       _Nonnull
/Users/runner/work/PTVisionPro/PTVisionPro/build/deps/vma-src/include/vk_mem_alloc.h:6777:44: warning: pointer is missing a nullability type specifier (_Nonnull, _Nullable, or _Null_unspecified) [-Wnullability-completeness]
 6777 |     static ItemType* GetPrev(const ItemType* item)
      |                                            ^
/Users/runner/work/PTVisionPro/PTVisionPro/build/deps/vma-src/include/vk_mem_alloc.h:6777:44: note: insert '_Nullable' if the pointer may be null
 6777 |     static ItemType* GetPrev(const ItemType* item)
      |                                            ^
      |                                              _Nullable
/Users/runner/work/PTVisionPro/PTVisionPro/build/deps/vma-src/include/vk_mem_alloc.h:6777:44: note: insert '_Nonnull' if the pointer should never be null
 6777 |     static ItemType* GetPrev(const ItemType* item)
      |                                            ^
      |                                              _Nonnull
/Users/runner/work/PTVisionPro/PTVisionPro/build/deps/vma-src/include/vk_mem_alloc.h:6777:20: warning: pointer is missing a nullability type specifier (_Nonnull, _Nullable, or _Null_unspecified) [-Wnullability-completeness]
 6777 |     static ItemType* GetPrev(const ItemType* item)
      |                    ^
/Users/runner/work/PTVisionPro/PTVisionPro/build/deps/vma-src/include/vk_mem_alloc.h:6777:20: note: insert '_Nullable' if the pointer may be null
 6777 |     static ItemType* GetPrev(const ItemType* item)
      |                    ^
      |                      _Nullable
/Users/runner/work/PTVisionPro/PTVisionPro/build/deps/vma-src/include/vk_mem_alloc.h:6777:20: note: insert '_Nonnull' if the pointer should never be null
 6777 |     static ItemType* GetPrev(const ItemType* item)
      |                    ^
      |                      _Nonnull
/Users/runner/work/PTVisionPro/PTVisionPro/build/deps/vma-src/include/vk_mem_alloc.h:6782:44: warning: pointer is missing a nullability type specifier (_Nonnull, _Nullable, or _Null_unspecified) [-Wnullability-completeness]
 6782 |     static ItemType* GetNext(const ItemType* item)
      |                                            ^
/Users/runner/work/PTVisionPro/PTVisionPro/build/deps/vma-src/include/vk_mem_alloc.h:6782:44: note: insert '_Nullable' if the pointer may be null
 6782 |     static ItemType* GetNext(const ItemType* item)
      |                                            ^
      |                                              _Nullable
/Users/runner/work/PTVisionPro/PTVisionPro/build/deps/vma-src/include/vk_mem_alloc.h:6782:44: note: insert '_Nonnull' if the pointer should never be null
 6782 |     static ItemType* GetNext(const ItemType* item)
      |                                            ^
      |                                              _Nonnull
/Users/runner/work/PTVisionPro/PTVisionPro/build/deps/vma-src/include/vk_mem_alloc.h:6782:20: warning: pointer is missing a nullability type specifier (_Nonnull, _Nullable, or _Null_unspecified) [-Wnullability-completeness]
 6782 |     static ItemType* GetNext(const ItemType* item)
      |                    ^
/Users/runner/work/PTVisionPro/PTVisionPro/build/deps/vma-src/include/vk_mem_alloc.h:6782:20: note: insert '_Nullable' if the pointer may be null
 6782 |     static ItemType* GetNext(const ItemType* item)
      |                    ^
      |                      _Nullable
/Users/runner/work/PTVisionPro/PTVisionPro/build/deps/vma-src/include/vk_mem_alloc.h:6782:20: note: insert '_Nonnull' if the pointer should never be null
 6782 |     static ItemType* GetNext(const ItemType* item)
      |                    ^
      |                      _Nonnull
/Users/runner/work/PTVisionPro/PTVisionPro/build/deps/vma-src/include/vk_mem_alloc.h:6787:42: warning: pointer is missing a nullability type specifier (_Nonnull, _Nullable, or _Null_unspecified) [-Wnullability-completeness]
 6787 |     static ItemType*& AccessPrev(ItemType* item)
      |                                          ^
/Users/runner/work/PTVisionPro/PTVisionPro/build/deps/vma-src/include/vk_mem_alloc.h:6787:42: note: insert '_Nullable' if the pointer may be null
 6787 |     static ItemType*& AccessPrev(ItemType* item)
      |                                          ^
      |                                            _Nullable
/Users/runner/work/PTVisionPro/PTVisionPro/build/deps/vma-src/include/vk_mem_alloc.h:6787:42: note: insert '_Nonnull' if the pointer should never be null
 6787 |     static ItemType*& AccessPrev(ItemType* item)
      |                                          ^
      |                                            _Nonnull
/Users/runner/work/PTVisionPro/PTVisionPro/build/deps/vma-src/include/vk_mem_alloc.h:6787:20: warning: pointer is missing a nullability type specifier (_Nonnull, _Nullable, or _Null_unspecified) [-Wnullability-completeness]
 6787 |     static ItemType*& AccessPrev(ItemType* item)
      |                    ^
/Users/runner/work/PTVisionPro/PTVisionPro/build/deps/vma-src/include/vk_mem_alloc.h:6787:20: note: insert '_Nullable' if the pointer may be null
 6787 |     static ItemType*& AccessPrev(ItemType* item)
      |                    ^
      |                     _Nullable
/Users/runner/work/PTVisionPro/PTVisionPro/build/deps/vma-src/include/vk_mem_alloc.h:6787:20: note: insert '_Nonnull' if the pointer should never be null
 6787 |     static ItemType*& AccessPrev(ItemType* item)
      |                    ^
      |                     _Nonnull
/Users/runner/work/PTVisionPro/PTVisionPro/build/deps/vma-src/include/vk_mem_alloc.h:6792:42: warning: pointer is missing a nullability type specifier (_Nonnull, _Nullable, or _Null_unspecified) [-Wnullability-completeness]
 6792 |     static ItemType*& AccessNext(ItemType* item)
      |                                          ^
/Users/runner/work/PTVisionPro/PTVisionPro/build/deps/vma-src/include/vk_mem_alloc.h:6792:42: note: insert '_Nullable' if the pointer may be null
 6792 |     static ItemType*& AccessNext(ItemType* item)
      |                                          ^
      |                                            _Nullable
/Users/runner/work/PTVisionPro/PTVisionPro/build/deps/vma-src/include/vk_mem_alloc.h:6792:42: note: insert '_Nonnull' if the pointer should never be null
 6792 |     static ItemType*& AccessNext(ItemType* item)
      |                                          ^
      |                                            _Nonnull
/Users/runner/work/PTVisionPro/PTVisionPro/build/deps/vma-src/include/vk_mem_alloc.h:6792:20: warning: pointer is missing a nullability type specifier (_Nonnull, _Nullable, or _Null_unspecified) [-Wnullability-completeness]
 6792 |     static ItemType*& AccessNext(ItemType* item)
      |                    ^
/Users/runner/work/PTVisionPro/PTVisionPro/build/deps/vma-src/include/vk_mem_alloc.h:6792:20: note: insert '_Nullable' if the pointer may be null
 6792 |     static ItemType*& AccessNext(ItemType* item)
      |                    ^
      |                     _Nullable
/Users/runner/work/PTVisionPro/PTVisionPro/build/deps/vma-src/include/vk_mem_alloc.h:6792:20: note: insert '_Nonnull' if the pointer should never be null
 6792 |     static ItemType*& AccessNext(ItemType* item)
      |                    ^
      |                     _Nonnull
/Users/runner/work/PTVisionPro/PTVisionPro/build/deps/vma-src/include/vk_mem_alloc.h:6823:19: warning: pointer is missing a nullability type specifier (_Nonnull, _Nullable, or _Null_unspecified) [-Wnullability-completeness]
 6823 |     void Register(VmaAllocation alloc);
      |                   ^
/Users/runner/work/PTVisionPro/PTVisionPro/build/deps/vma-src/include/vk_mem_alloc.h:6823:19: note: insert '_Nullable' if the pointer may be null
 6823 |     void Register(VmaAllocation alloc);
      |                   ^
      |                                 _Nullable
/Users/runner/work/PTVisionPro/PTVisionPro/build/deps/vma-src/include/vk_mem_alloc.h:6823:19: note: insert '_Nonnull' if the pointer should never be null
 6823 |     void Register(VmaAllocation alloc);
      |                   ^
      |                                 _Nonnull
/Users/runner/work/PTVisionPro/PTVisionPro/build/deps/vma-src/include/vk_mem_alloc.h:6824:21: warning: pointer is missing a nullability type specifier (_Nonnull, _Nullable, or _Null_unspecified) [-Wnullability-completeness]
 6824 |     void Unregister(VmaAllocation alloc);
      |                     ^
/Users/runner/work/PTVisionPro/PTVisionPro/build/deps/vma-src/include/vk_mem_alloc.h:6824:21: note: insert '_Nullable' if the pointer may be null
 6824 |     void Unregister(VmaAllocation alloc);
      |                     ^
      |                                   _Nullable
/Users/runner/work/PTVisionPro/PTVisionPro/build/deps/vma-src/include/vk_mem_alloc.h:6824:21: note: insert '_Nonnull' if the pointer should never be null
 6824 |     void Unregister(VmaAllocation alloc);
      |                     ^
      |                                   _Nonnull
/Users/runner/work/PTVisionPro/PTVisionPro/build/deps/vma-src/include/vk_mem_alloc.h:6910:43: warning: pointer is missing a nullability type specifier (_Nonnull, _Nullable, or _Null_unspecified) [-Wnullability-completeness]
 6910 | void VmaDedicatedAllocationList::Register(VmaAllocation alloc)
      |                                           ^
/Users/runner/work/PTVisionPro/PTVisionPro/build/deps/vma-src/include/vk_mem_alloc.h:6910:43: note: insert '_Nullable' if the pointer may be null
 6910 | void VmaDedicatedAllocationList::Register(VmaAllocation alloc)
      |                                           ^
      |                                                         _Nullable
/Users/runner/work/PTVisionPro/PTVisionPro/build/deps/vma-src/include/vk_mem_alloc.h:6910:43: note: insert '_Nonnull' if the pointer should never be null
 6910 | void VmaDedicatedAllocationList::Register(VmaAllocation alloc)
      |                                           ^
      |                                                         _Nonnull
/Users/runner/work/PTVisionPro/PTVisionPro/build/deps/vma-src/include/vk_mem_alloc.h:6916:45: warning: pointer is missing a nullability type specifier (_Nonnull, _Nullable, or _Null_unspecified) [-Wnullability-completeness]
 6916 | void VmaDedicatedAllocationList::Unregister(VmaAllocation alloc)
      |                                             ^
/Users/runner/work/PTVisionPro/PTVisionPro/build/deps/vma-src/include/vk_mem_alloc.h:6916:45: note: insert '_Nullable' if the pointer may be null
 6916 | void VmaDedicatedAllocationList::Unregister(VmaAllocation alloc)
      |                                             ^
      |                                                           _Nullable
/Users/runner/work/PTVisionPro/PTVisionPro/build/deps/vma-src/include/vk_mem_alloc.h:6916:45: note: insert '_Nonnull' if the pointer should never be null
 6916 | void VmaDedicatedAllocationList::Unregister(VmaAllocation alloc)
      |                                             ^
      |                                                           _Nonnull
/Users/runner/work/PTVisionPro/PTVisionPro/build/deps/vma-src/include/vk_mem_alloc.h:6933:9: warning: pointer is missing a nullability type specifier (_Nonnull, _Nullable, or _Null_unspecified) [-Wnullability-completeness]
 6933 |     void* userData;
      |         ^
/Users/runner/work/PTVisionPro/PTVisionPro/build/deps/vma-src/include/vk_mem_alloc.h:6933:9: note: insert '_Nullable' if the pointer may be null
 6933 |     void* userData;
      |         ^
      |           _Nullable
/Users/runner/work/PTVisionPro/PTVisionPro/build/deps/vma-src/include/vk_mem_alloc.h:6933:9: note: insert '_Nonnull' if the pointer should never be null
 6933 |     void* userData;
      |         ^
      |           _Nonnull
/Users/runner/work/PTVisionPro/PTVisionPro/build/deps/vma-src/include/vk_mem_alloc.h:6977:5: warning: pointer is missing a nullability type specifier (_Nonnull, _Nullable, or _Null_unspecified) [-Wnullability-completeness]
 6977 |     VmaAllocHandle allocHandle;
      |     ^
/Users/runner/work/PTVisionPro/PTVisionPro/build/deps/vma-src/include/vk_mem_alloc.h:6977:5: note: insert '_Nullable' if the pointer may be null
 6977 |     VmaAllocHandle allocHandle;
      |     ^
      |                    _Nullable
/Users/runner/work/PTVisionPro/PTVisionPro/build/deps/vma-src/include/vk_mem_alloc.h:6977:5: note: insert '_Nonnull' if the pointer should never be null
 6977 |     VmaAllocHandle allocHandle;
      |     ^
      |                    _Nonnull
/Users/runner/work/PTVisionPro/PTVisionPro/build/deps/vma-src/include/vk_mem_alloc.h:6980:9: warning: pointer is missing a nullability type specifier (_Nonnull, _Nullable, or _Null_unspecified) [-Wnullability-completeness]
 6980 |     void* customData;
      |         ^
/Users/runner/work/PTVisionPro/PTVisionPro/build/deps/vma-src/include/vk_mem_alloc.h:6980:9: note: insert '_Nullable' if the pointer may be null
 6980 |     void* customData;
      |         ^
      |           _Nullable
/Users/runner/work/PTVisionPro/PTVisionPro/build/deps/vma-src/include/vk_mem_alloc.h:6980:9: note: insert '_Nonnull' if the pointer should never be null
 6980 |     void* customData;
      |         ^
      |           _Nonnull
/Users/runner/work/PTVisionPro/PTVisionPro/build/deps/vma-src/include/vk_mem_alloc.h:6996:49: warning: pointer is missing a nullability type specifier (_Nonnull, _Nullable, or _Null_unspecified) [-Wnullability-completeness]
 6996 |     VmaBlockMetadata(const VkAllocationCallbacks* pAllocationCallbacks,
      |                                                 ^
/Users/runner/work/PTVisionPro/PTVisionPro/build/deps/vma-src/include/vk_mem_alloc.h:6996:49: note: insert '_Nullable' if the pointer may be null
 6996 |     VmaBlockMetadata(const VkAllocationCallbacks* pAllocationCallbacks,
      |                                                 ^
      |                                                   _Nullable
/Users/runner/work/PTVisionPro/PTVisionPro/build/deps/vma-src/include/vk_mem_alloc.h:6996:49: note: insert '_Nonnull' if the pointer should never be null
 6996 |     VmaBlockMetadata(const VkAllocationCallbacks* pAllocationCallbacks,
      |                                                 ^
      |                                                   _Nonnull
/Users/runner/work/PTVisionPro/PTVisionPro/build/deps/vma-src/include/vk_mem_alloc.h:7011:36: warning: pointer is missing a nullability type specifier (_Nonnull, _Nullable, or _Null_unspecified) [-Wnullability-completeness]
 7011 |     virtual void GetAllocationInfo(VmaAllocHandle allocHandle, VmaVirtualAllocationInfo& outInfo) = 0;
      |                                    ^
/Users/runner/work/PTVisionPro/PTVisionPro/build/deps/vma-src/include/vk_mem_alloc.h:7011:36: note: insert '_Nullable' if the pointer may be null
 7011 |     virtual void GetAllocationInfo(VmaAllocHandle allocHandle, VmaVirtualAllocationInfo& outInfo) = 0;
      |                                    ^
      |                                                   _Nullable
/Users/runner/work/PTVisionPro/PTVisionPro/build/deps/vma-src/include/vk_mem_alloc.h:7011:36: note: insert '_Nonnull' if the pointer should never be null
 7011 |     virtual void GetAllocationInfo(VmaAllocHandle allocHandle, VmaVirtualAllocationInfo& outInfo) = 0;
      |                                    ^
      |                                                   _Nonnull
/Users/runner/work/PTVisionPro/PTVisionPro/build/deps/vma-src/include/vk_mem_alloc.h:7012:46: warning: pointer is missing a nullability type specifier (_Nonnull, _Nullable, or _Null_unspecified) [-Wnullability-completeness]
 7012 |     virtual VkDeviceSize GetAllocationOffset(VmaAllocHandle allocHandle) const = 0;
      |                                              ^
/Users/runner/work/PTVisionPro/PTVisionPro/build/deps/vma-src/include/vk_mem_alloc.h:7012:46: note: insert '_Nullable' if the pointer may be null
 7012 |     virtual VkDeviceSize GetAllocationOffset(VmaAllocHandle allocHandle) const = 0;
      |                                              ^
      |                                                             _Nullable
/Users/runner/work/PTVisionPro/PTVisionPro/build/deps/vma-src/include/vk_mem_alloc.h:7012:46: note: insert '_Nonnull' if the pointer should never be null
 7012 |     virtual VkDeviceSize GetAllocationOffset(VmaAllocHandle allocHandle) const = 0;
      |                                              ^
      |                                                             _Nonnull
/Users/runner/work/PTVisionPro/PTVisionPro/build/deps/vma-src/include/vk_mem_alloc.h:7013:41: warning: pointer is missing a nullability type specifier (_Nonnull, _Nullable, or _Null_unspecified) [-Wnullability-completeness]
 7013 |     virtual void* GetAllocationUserData(VmaAllocHandle allocHandle) const = 0;
      |                                         ^
/Users/runner/work/PTVisionPro/PTVisionPro/build/deps/vma-src/include/vk_mem_alloc.h:7013:41: note: insert '_Nullable' if the pointer may be null
 7013 |     virtual void* GetAllocationUserData(VmaAllocHandle allocHandle) const = 0;
      |                                         ^
      |                                                        _Nullable
/Users/runner/work/PTVisionPro/PTVisionPro/build/deps/vma-src/include/vk_mem_alloc.h:7013:41: note: insert '_Nonnull' if the pointer should never be null
 7013 |     virtual void* GetAllocationUserData(VmaAllocHandle allocHandle) const = 0;
      |                                         ^
      |                                                        _Nonnull
/Users/runner/work/PTVisionPro/PTVisionPro/build/deps/vma-src/include/vk_mem_alloc.h:7013:17: warning: pointer is missing a nullability type specifier (_Nonnull, _Nullable, or _Null_unspecified) [-Wnullability-completeness]
 7013 |     virtual void* GetAllocationUserData(VmaAllocHandle allocHandle) const = 0;
      |                 ^
/Users/runner/work/PTVisionPro/PTVisionPro/build/deps/vma-src/include/vk_mem_alloc.h:7013:17: note: insert '_Nullable' if the pointer may be null
 7013 |     virtual void* GetAllocationUserData(VmaAllocHandle allocHandle) const = 0;
      |                 ^
      |                   _Nullable
/Users/runner/work/PTVisionPro/PTVisionPro/build/deps/vma-src/include/vk_mem_alloc.h:7013:17: note: insert '_Nonnull' if the pointer should never be null
 7013 |     virtual void* GetAllocationUserData(VmaAllocHandle allocHandle) const = 0;
      |                 ^
      |                   _Nonnull
/Users/runner/work/PTVisionPro/PTVisionPro/build/deps/vma-src/include/vk_mem_alloc.h:7015:13: warning: pointer is missing a nullability type specifier (_Nonnull, _Nullable, or _Null_unspecified) [-Wnullability-completeness]
 7015 |     virtual VmaAllocHandle GetAllocationListBegin() const = 0;
      |             ^
/Users/runner/work/PTVisionPro/PTVisionPro/build/deps/vma-src/include/vk_mem_alloc.h:7015:13: note: insert '_Nullable' if the pointer may be null
 7015 |     virtual VmaAllocHandle GetAllocationListBegin() const = 0;
      |             ^
      |                            _Nullable
/Users/runner/work/PTVisionPro/PTVisionPro/build/deps/vma-src/include/vk_mem_alloc.h:7015:13: note: insert '_Nonnull' if the pointer should never be null
 7015 |     virtual VmaAllocHandle GetAllocationListBegin() const = 0;
      |             ^
      |                            _Nonnull
/Users/runner/work/PTVisionPro/PTVisionPro/build/deps/vma-src/include/vk_mem_alloc.h:7016:46: warning: pointer is missing a nullability type specifier (_Nonnull, _Nullable, or _Null_unspecified) [-Wnullability-completeness]
 7016 |     virtual VmaAllocHandle GetNextAllocation(VmaAllocHandle prevAlloc) const = 0;
      |                                              ^
/Users/runner/work/PTVisionPro/PTVisionPro/build/deps/vma-src/include/vk_mem_alloc.h:7016:46: note: insert '_Nullable' if the pointer may be null
 7016 |     virtual VmaAllocHandle GetNextAllocation(VmaAllocHandle prevAlloc) const = 0;
      |                                              ^
      |                                                             _Nullable
/Users/runner/work/PTVisionPro/PTVisionPro/build/deps/vma-src/include/vk_mem_alloc.h:7016:46: note: insert '_Nonnull' if the pointer should never be null
 7016 |     virtual VmaAllocHandle GetNextAllocation(VmaAllocHandle prevAlloc) const = 0;
      |                                              ^
      |                                                             _Nonnull
/Users/runner/work/PTVisionPro/PTVisionPro/build/deps/vma-src/include/vk_mem_alloc.h:7016:13: warning: pointer is missing a nullability type specifier (_Nonnull, _Nullable, or _Null_unspecified) [-Wnullability-completeness]
 7016 |     virtual VmaAllocHandle GetNextAllocation(VmaAllocHandle prevAlloc) const = 0;
      |             ^
/Users/runner/work/PTVisionPro/PTVisionPro/build/deps/vma-src/include/vk_mem_alloc.h:7016:13: note: insert '_Nullable' if the pointer may be null
 7016 |     virtual VmaAllocHandle GetNextAllocation(VmaAllocHandle prevAlloc) const = 0;
      |             ^
      |                            _Nullable
/Users/runner/work/PTVisionPro/PTVisionPro/build/deps/vma-src/include/vk_mem_alloc.h:7016:13: note: insert '_Nonnull' if the pointer should never be null
 7016 |     virtual VmaAllocHandle GetNextAllocation(VmaAllocHandle prevAlloc) const = 0;
      |             ^
      |                            _Nonnull
/Users/runner/work/PTVisionPro/PTVisionPro/build/deps/vma-src/include/vk_mem_alloc.h:7017:48: warning: pointer is missing a nullability type specifier (_Nonnull, _Nullable, or _Null_unspecified) [-Wnullability-completeness]
 7017 |     virtual VkDeviceSize GetNextFreeRegionSize(VmaAllocHandle alloc) const = 0;
      |                                                ^
/Users/runner/work/PTVisionPro/PTVisionPro/build/deps/vma-src/include/vk_mem_alloc.h:7017:48: note: insert '_Nullable' if the pointer may be null
 7017 |     virtual VkDeviceSize GetNextFreeRegionSize(VmaAllocHandle alloc) const = 0;
      |                                                ^
      |                                                               _Nullable
/Users/runner/work/PTVisionPro/PTVisionPro/build/deps/vma-src/include/vk_mem_alloc.h:7017:48: note: insert '_Nonnull' if the pointer should never be null
 7017 |     virtual VkDeviceSize GetNextFreeRegionSize(VmaAllocHandle alloc) const = 0;
      |                                                ^
      |                                                               _Nonnull
/Users/runner/work/PTVisionPro/PTVisionPro/build/deps/vma-src/include/vk_mem_alloc.h:7037:29: warning: pointer is missing a nullability type specifier (_Nonnull, _Nullable, or _Null_unspecified) [-Wnullability-completeness]
 7037 |         VmaAllocationRequest* pAllocationRequest) = 0;
      |                             ^
/Users/runner/work/PTVisionPro/PTVisionPro/build/deps/vma-src/include/vk_mem_alloc.h:7037:29: note: insert '_Nullable' if the pointer may be null
 7037 |         VmaAllocationRequest* pAllocationRequest) = 0;
      |                             ^
      |                               _Nullable
/Users/runner/work/PTVisionPro/PTVisionPro/build/deps/vma-src/include/vk_mem_alloc.h:7037:29: note: insert '_Nonnull' if the pointer should never be null
 7037 |         VmaAllocationRequest* pAllocationRequest) = 0;
      |                             ^
      |                               _Nonnull
/Users/runner/work/PTVisionPro/PTVisionPro/build/deps/vma-src/include/vk_mem_alloc.h:7039:48: warning: pointer is missing a nullability type specifier (_Nonnull, _Nullable, or _Null_unspecified) [-Wnullability-completeness]
 7039 |     virtual VkResult CheckCorruption(const void* pBlockData) = 0;
      |                                                ^
/Users/runner/work/PTVisionPro/PTVisionPro/build/deps/vma-src/include/vk_mem_alloc.h:7039:48: note: insert '_Nullable' if the pointer may be null
 7039 |     virtual VkResult CheckCorruption(const void* pBlockData) = 0;
      |                                                ^
      |                                                  _Nullable
/Users/runner/work/PTVisionPro/PTVisionPro/build/deps/vma-src/include/vk_mem_alloc.h:7039:48: note: insert '_Nonnull' if the pointer should never be null
 7039 |     virtual VkResult CheckCorruption(const void* pBlockData) = 0;
      |                                                ^
      |                                                  _Nonnull
/Users/runner/work/PTVisionPro/PTVisionPro/build/deps/vma-src/include/vk_mem_alloc.h:7045:13: warning: pointer is missing a nullability type specifier (_Nonnull, _Nullable, or _Null_unspecified) [-Wnullability-completeness]
 7045 |         void* userData) = 0;
      |             ^
/Users/runner/work/PTVisionPro/PTVisionPro/build/deps/vma-src/include/vk_mem_alloc.h:7045:13: note: insert '_Nullable' if the pointer may be null
 7045 |         void* userData) = 0;
      |             ^
      |               _Nullable
/Users/runner/work/PTVisionPro/PTVisionPro/build/deps/vma-src/include/vk_mem_alloc.h:7045:13: note: insert '_Nonnull' if the pointer should never be null
 7045 |         void* userData) = 0;
      |             ^
      |               _Nonnull
/Users/runner/work/PTVisionPro/PTVisionPro/build/deps/vma-src/include/vk_mem_alloc.h:7048:23: warning: pointer is missing a nullability type specifier (_Nonnull, _Nullable, or _Null_unspecified) [-Wnullability-completeness]
 7048 |     virtual void Free(VmaAllocHandle allocHandle) = 0;
      |                       ^
/Users/runner/work/PTVisionPro/PTVisionPro/build/deps/vma-src/include/vk_mem_alloc.h:7048:23: note: insert '_Nullable' if the pointer may be null
 7048 |     virtual void Free(VmaAllocHandle allocHandle) = 0;
      |                       ^
      |                                      _Nullable
/Users/runner/work/PTVisionPro/PTVisionPro/build/deps/vma-src/include/vk_mem_alloc.h:7048:23: note: insert '_Nonnull' if the pointer should never be null
 7048 |     virtual void Free(VmaAllocHandle allocHandle) = 0;
      |                       ^
      |                                      _Nonnull
/Users/runner/work/PTVisionPro/PTVisionPro/build/deps/vma-src/include/vk_mem_alloc.h:7054:40: warning: pointer is missing a nullability type specifier (_Nonnull, _Nullable, or _Null_unspecified) [-Wnullability-completeness]
 7054 |     virtual void SetAllocationUserData(VmaAllocHandle allocHandle, void* userData) = 0;
      |                                        ^
/Users/runner/work/PTVisionPro/PTVisionPro/build/deps/vma-src/include/vk_mem_alloc.h:7054:40: note: insert '_Nullable' if the pointer may be null
 7054 |     virtual void SetAllocationUserData(VmaAllocHandle allocHandle, void* userData) = 0;
      |                                        ^
      |                                                       _Nullable
/Users/runner/work/PTVisionPro/PTVisionPro/build/deps/vma-src/include/vk_mem_alloc.h:7054:40: note: insert '_Nonnull' if the pointer should never be null
 7054 |     virtual void SetAllocationUserData(VmaAllocHandle allocHandle, void* userData) = 0;
      |                                        ^
      |                                                       _Nonnull
/Users/runner/work/PTVisionPro/PTVisionPro/build/deps/vma-src/include/vk_mem_alloc.h:7054:72: warning: pointer is missing a nullability type specifier (_Nonnull, _Nullable, or _Null_unspecified) [-Wnullability-completeness]
 7054 |     virtual void SetAllocationUserData(VmaAllocHandle allocHandle, void* userData) = 0;
      |                                                                        ^
/Users/runner/work/PTVisionPro/PTVisionPro/build/deps/vma-src/include/vk_mem_alloc.h:7054:72: note: insert '_Nullable' if the pointer may be null
 7054 |     virtual void SetAllocationUserData(VmaAllocHandle allocHandle, void* userData) = 0;
      |                                                                        ^
      |                                                                          _Nullable
/Users/runner/work/PTVisionPro/PTVisionPro/build/deps/vma-src/include/vk_mem_alloc.h:7054:72: note: insert '_Nonnull' if the pointer should never be null
 7054 |     virtual void SetAllocationUserData(VmaAllocHandle allocHandle, void* userData) = 0;
      |                                                                        ^
      |                                                                          _Nonnull
/Users/runner/work/PTVisionPro/PTVisionPro/build/deps/vma-src/include/vk_mem_alloc.h:7058:32: warning: pointer is missing a nullability type specifier (_Nonnull, _Nullable, or _Null_unspecified) [-Wnullability-completeness]
 7058 |     const VkAllocationCallbacks* GetAllocationCallbacks() const { return m_pAllocationCallbacks; }
      |                                ^
/Users/runner/work/PTVisionPro/PTVisionPro/build/deps/vma-src/include/vk_mem_alloc.h:7058:32: note: insert '_Nullable' if the pointer may be null
 7058 |     const VkAllocationCallbacks* GetAllocationCallbacks() const { return m_pAllocationCallbacks; }
      |                                ^
      |                                  _Nullable
/Users/runner/work/PTVisionPro/PTVisionPro/build/deps/vma-src/include/vk_mem_alloc.h:7058:32: note: insert '_Nonnull' if the pointer should never be null
 7058 |     const VkAllocationCallbacks* GetAllocationCallbacks() const { return m_pAllocationCallbacks; }
      |                                ^
      |                                  _Nonnull
/Users/runner/work/PTVisionPro/PTVisionPro/build/deps/vma-src/include/vk_mem_alloc.h:7062:73: warning: pointer is missing a nullability type specifier (_Nonnull, _Nullable, or _Null_unspecified) [-Wnullability-completeness]
 7062 |     void DebugLogAllocation(VkDeviceSize offset, VkDeviceSize size, void* userData) const;
      |                                                                         ^
/Users/runner/work/PTVisionPro/PTVisionPro/build/deps/vma-src/include/vk_mem_alloc.h:7062:73: note: insert '_Nullable' if the pointer may be null
 7062 |     void DebugLogAllocation(VkDeviceSize offset, VkDeviceSize size, void* userData) const;
      |                                                                         ^
      |                                                                           _Nullable
/Users/runner/work/PTVisionPro/PTVisionPro/build/deps/vma-src/include/vk_mem_alloc.h:7062:73: note: insert '_Nonnull' if the pointer should never be null
 7062 |     void DebugLogAllocation(VkDeviceSize offset, VkDeviceSize size, void* userData) const;
      |                                                                         ^
      |                                                                           _Nonnull
/Users/runner/work/PTVisionPro/PTVisionPro/build/deps/vma-src/include/vk_mem_alloc.h:7070:53: warning: pointer is missing a nullability type specifier (_Nonnull, _Nullable, or _Null_unspecified) [-Wnullability-completeness]
 7070 |         VkDeviceSize offset, VkDeviceSize size, void* userData) const;
      |                                                     ^
/Users/runner/work/PTVisionPro/PTVisionPro/build/deps/vma-src/include/vk_mem_alloc.h:7070:53: note: insert '_Nullable' if the pointer may be null
 7070 |         VkDeviceSize offset, VkDeviceSize size, void* userData) const;
      |                                                     ^
      |                                                       _Nullable
/Users/runner/work/PTVisionPro/PTVisionPro/build/deps/vma-src/include/vk_mem_alloc.h:7070:53: note: insert '_Nonnull' if the pointer should never be null
 7070 |         VkDeviceSize offset, VkDeviceSize size, void* userData) const;
      |                                                     ^
      |                                                       _Nonnull
/Users/runner/work/PTVisionPro/PTVisionPro/build/deps/vma-src/include/vk_mem_alloc.h:7079:32: warning: pointer is missing a nullability type specifier (_Nonnull, _Nullable, or _Null_unspecified) [-Wnullability-completeness]
 7079 |     const VkAllocationCallbacks* m_pAllocationCallbacks;
      |                                ^
/Users/runner/work/PTVisionPro/PTVisionPro/build/deps/vma-src/include/vk_mem_alloc.h:7079:32: note: insert '_Nullable' if the pointer may be null
 7079 |     const VkAllocationCallbacks* m_pAllocationCallbacks;
      |                                ^
      |                                  _Nullable
/Users/runner/work/PTVisionPro/PTVisionPro/build/deps/vma-src/include/vk_mem_alloc.h:7079:32: note: insert '_Nonnull' if the pointer should never be null
 7079 |     const VkAllocationCallbacks* m_pAllocationCallbacks;
      |                                ^
      |                                  _Nonnull
/Users/runner/work/PTVisionPro/PTVisionPro/build/deps/vma-src/include/vk_mem_alloc.h:7085:63: warning: pointer is missing a nullability type specifier (_Nonnull, _Nullable, or _Null_unspecified) [-Wnullability-completeness]
 7085 | VmaBlockMetadata::VmaBlockMetadata(const VkAllocationCallbacks* pAllocationCallbacks,
      |                                                               ^
/Users/runner/work/PTVisionPro/PTVisionPro/build/deps/vma-src/include/vk_mem_alloc.h:7085:63: note: insert '_Nullable' if the pointer may be null
 7085 | VmaBlockMetadata::VmaBlockMetadata(const VkAllocationCallbacks* pAllocationCallbacks,
      |                                                               ^
      |                                                                 _Nullable
/Users/runner/work/PTVisionPro/PTVisionPro/build/deps/vma-src/include/vk_mem_alloc.h:7085:63: note: insert '_Nonnull' if the pointer should never be null
 7085 | VmaBlockMetadata::VmaBlockMetadata(const VkAllocationCallbacks* pAllocationCallbacks,
      |                                                               ^
      |                                                                 _Nonnull
/Users/runner/work/PTVisionPro/PTVisionPro/build/deps/vma-src/include/vk_mem_alloc.h:7092:87: warning: pointer is missing a nullability type specifier (_Nonnull, _Nullable, or _Null_unspecified) [-Wnullability-completeness]
 7092 | void VmaBlockMetadata::DebugLogAllocation(VkDeviceSize offset, VkDeviceSize size, void* userData) const
      |                                                                                       ^
/Users/runner/work/PTVisionPro/PTVisionPro/build/deps/vma-src/include/vk_mem_alloc.h:7092:87: note: insert '_Nullable' if the pointer may be null
 7092 | void VmaBlockMetadata::DebugLogAllocation(VkDeviceSize offset, VkDeviceSize size, void* userData) const
      |                                                                                       ^
      |                                                                                         _Nullable
/Users/runner/work/PTVisionPro/PTVisionPro/build/deps/vma-src/include/vk_mem_alloc.h:7092:87: note: insert '_Nonnull' if the pointer should never be null
 7092 | void VmaBlockMetadata::DebugLogAllocation(VkDeviceSize offset, VkDeviceSize size, void* userData) const
      |                                                                                       ^
      |                                                                                         _Nonnull
/Users/runner/work/PTVisionPro/PTVisionPro/build/deps/vma-src/include/vk_mem_alloc.h:7141:49: warning: pointer is missing a nullability type specifier (_Nonnull, _Nullable, or _Null_unspecified) [-Wnullability-completeness]
 7141 |     VkDeviceSize offset, VkDeviceSize size, void* userData) const
      |                                                 ^
/Users/runner/work/PTVisionPro/PTVisionPro/build/deps/vma-src/include/vk_mem_alloc.h:7141:49: note: insert '_Nullable' if the pointer may be null
 7141 |     VkDeviceSize offset, VkDeviceSize size, void* userData) const
      |                                                 ^
      |                                                   _Nullable
/Users/runner/work/PTVisionPro/PTVisionPro/build/deps/vma-src/include/vk_mem_alloc.h:7141:49: note: insert '_Nonnull' if the pointer should never be null
 7141 |     VkDeviceSize offset, VkDeviceSize size, void* userData) const
      |                                                 ^
      |                                                   _Nonnull
/Users/runner/work/PTVisionPro/PTVisionPro/build/deps/vma-src/include/vk_mem_alloc.h:7208:36: warning: pointer is missing a nullability type specifier (_Nonnull, _Nullable, or _Null_unspecified) [-Wnullability-completeness]
 7208 |         const VkAllocationCallbacks* allocCallbacks;
      |                                    ^
/Users/runner/work/PTVisionPro/PTVisionPro/build/deps/vma-src/include/vk_mem_alloc.h:7208:36: note: insert '_Nullable' if the pointer may be null
 7208 |         const VkAllocationCallbacks* allocCallbacks;
      |                                    ^
      |                                      _Nullable
/Users/runner/work/PTVisionPro/PTVisionPro/build/deps/vma-src/include/vk_mem_alloc.h:7208:36: note: insert '_Nonnull' if the pointer should never be null
 7208 |         const VkAllocationCallbacks* allocCallbacks;
      |                                    ^
      |                                      _Nonnull
/Users/runner/work/PTVisionPro/PTVisionPro/build/deps/vma-src/include/vk_mem_alloc.h:7209:17: warning: pointer is missing a nullability type specifier (_Nonnull, _Nullable, or _Null_unspecified) [-Wnullability-completeness]
 7209 |         uint16_t* pageAllocs;
      |                 ^
/Users/runner/work/PTVisionPro/PTVisionPro/build/deps/vma-src/include/vk_mem_alloc.h:7209:17: note: insert '_Nullable' if the pointer may be null
 7209 |         uint16_t* pageAllocs;
      |                 ^
      |                   _Nullable
/Users/runner/work/PTVisionPro/PTVisionPro/build/deps/vma-src/include/vk_mem_alloc.h:7209:17: note: insert '_Nonnull' if the pointer should never be null
 7209 |         uint16_t* pageAllocs;
      |                 ^
      |                   _Nonnull
/Users/runner/work/PTVisionPro/PTVisionPro/build/deps/vma-src/include/vk_mem_alloc.h:7217:42: warning: pointer is missing a nullability type specifier (_Nonnull, _Nullable, or _Null_unspecified) [-Wnullability-completeness]
 7217 |     void Init(const VkAllocationCallbacks* pAllocationCallbacks, VkDeviceSize size);
      |                                          ^
/Users/runner/work/PTVisionPro/PTVisionPro/build/deps/vma-src/include/vk_mem_alloc.h:7217:42: note: insert '_Nullable' if the pointer may be null
 7217 |     void Init(const VkAllocationCallbacks* pAllocationCallbacks, VkDeviceSize size);
      |                                          ^
      |                                            _Nullable
/Users/runner/work/PTVisionPro/PTVisionPro/build/deps/vma-src/include/vk_mem_alloc.h:7217:42: note: insert '_Nonnull' if the pointer should never be null
 7217 |     void Init(const VkAllocationCallbacks* pAllocationCallbacks, VkDeviceSize size);
      |                                          ^
      |                                            _Nonnull
/Users/runner/work/PTVisionPro/PTVisionPro/build/deps/vma-src/include/vk_mem_alloc.h:7219:45: warning: pointer is missing a nullability type specifier (_Nonnull, _Nullable, or _Null_unspecified) [-Wnullability-completeness]
 7219 |     void Destroy(const VkAllocationCallbacks* pAllocationCallbacks);
      |                                             ^
/Users/runner/work/PTVisionPro/PTVisionPro/build/deps/vma-src/include/vk_mem_alloc.h:7219:45: note: insert '_Nullable' if the pointer may be null
 7219 |     void Destroy(const VkAllocationCallbacks* pAllocationCallbacks);
      |                                             ^
      |                                               _Nullable
/Users/runner/work/PTVisionPro/PTVisionPro/build/deps/vma-src/include/vk_mem_alloc.h:7219:45: note: insert '_Nonnull' if the pointer should never be null
 7219 |     void Destroy(const VkAllocationCallbacks* pAllocationCallbacks);
      |                                             ^
      |                                               _Nonnull
/Users/runner/work/PTVisionPro/PTVisionPro/build/deps/vma-src/include/vk_mem_alloc.h:7250:66: warning: pointer is missing a nullability type specifier (_Nonnull, _Nullable, or _Null_unspecified) [-Wnullability-completeness]
 7250 |     ValidationContext StartValidation(const VkAllocationCallbacks* pAllocationCallbacks,
      |                                                                  ^
/Users/runner/work/PTVisionPro/PTVisionPro/build/deps/vma-src/include/vk_mem_alloc.h:7250:66: note: insert '_Nullable' if the pointer may be null
 7250 |     ValidationContext StartValidation(const VkAllocationCallbacks* pAllocationCallbacks,
      |                                                                  ^
      |                                                                    _Nullable
/Users/runner/work/PTVisionPro/PTVisionPro/build/deps/vma-src/include/vk_mem_alloc.h:7250:66: note: insert '_Nonnull' if the pointer should never be null
 7250 |     ValidationContext StartValidation(const VkAllocationCallbacks* pAllocationCallbacks,
      |                                                                  ^
      |                                                                    _Nonnull
/Users/runner/work/PTVisionPro/PTVisionPro/build/deps/vma-src/include/vk_mem_alloc.h:7266:15: warning: pointer is missing a nullability type specifier (_Nonnull, _Nullable, or _Null_unspecified) [-Wnullability-completeness]
 7266 |     RegionInfo* m_RegionInfo;
      |               ^
/Users/runner/work/PTVisionPro/PTVisionPro/build/deps/vma-src/include/vk_mem_alloc.h:7266:15: note: insert '_Nullable' if the pointer may be null
 7266 |     RegionInfo* m_RegionInfo;
      |               ^
      |                 _Nullable
/Users/runner/work/PTVisionPro/PTVisionPro/build/deps/vma-src/include/vk_mem_alloc.h:7266:15: note: insert '_Nonnull' if the pointer should never be null
 7266 |     RegionInfo* m_RegionInfo;
      |               ^
      |                 _Nonnull
/Users/runner/work/PTVisionPro/PTVisionPro/build/deps/vma-src/include/vk_mem_alloc.h:7286:70: warning: pointer is missing a nullability type specifier (_Nonnull, _Nullable, or _Null_unspecified) [-Wnullability-completeness]
 7286 | void VmaBlockBufferImageGranularity::Init(const VkAllocationCallbacks* pAllocationCallbacks, VkDeviceSize size)
      |                                                                      ^
/Users/runner/work/PTVisionPro/PTVisionPro/build/deps/vma-src/include/vk_mem_alloc.h:7286:70: note: insert '_Nullable' if the pointer may be null
 7286 | void VmaBlockBufferImageGranularity::Init(const VkAllocationCallbacks* pAllocationCallbacks, VkDeviceSize size)
      |                                                                      ^
      |                                                                        _Nullable
/Users/runner/work/PTVisionPro/PTVisionPro/build/deps/vma-src/include/vk_mem_alloc.h:7286:70: note: insert '_Nonnull' if the pointer should never be null
 7286 | void VmaBlockBufferImageGranularity::Init(const VkAllocationCallbacks* pAllocationCallbacks, VkDeviceSize size)
      |                                                                      ^
      |                                                                        _Nonnull
/Users/runner/work/PTVisionPro/PTVisionPro/build/deps/vma-src/include/vk_mem_alloc.h:7296:73: warning: pointer is missing a nullability type specifier (_Nonnull, _Nullable, or _Null_unspecified) [-Wnullability-completeness]
 7296 | void VmaBlockBufferImageGranularity::Destroy(const VkAllocationCallbacks* pAllocationCallbacks)
      |                                                                         ^
/Users/runner/work/PTVisionPro/PTVisionPro/build/deps/vma-src/include/vk_mem_alloc.h:7296:73: note: insert '_Nullable' if the pointer may be null
 7296 | void VmaBlockBufferImageGranularity::Destroy(const VkAllocationCallbacks* pAllocationCallbacks)
      |                                                                         ^
      |                                                                           _Nullable
/Users/runner/work/PTVisionPro/PTVisionPro/build/deps/vma-src/include/vk_mem_alloc.h:7296:73: note: insert '_Nonnull' if the pointer should never be null
 7296 | void VmaBlockBufferImageGranularity::Destroy(const VkAllocationCallbacks* pAllocationCallbacks)
      |                                                                         ^
      |                                                                           _Nonnull
/Users/runner/work/PTVisionPro/PTVisionPro/build/deps/vma-src/include/vk_mem_alloc.h:7394:32: warning: pointer is missing a nullability type specifier (_Nonnull, _Nullable, or _Null_unspecified) [-Wnullability-completeness]
 7394 |     const VkAllocationCallbacks* pAllocationCallbacks, bool isVirutal) const
      |                                ^
/Users/runner/work/PTVisionPro/PTVisionPro/build/deps/vma-src/include/vk_mem_alloc.h:7394:32: note: insert '_Nullable' if the pointer may be null
 7394 |     const VkAllocationCallbacks* pAllocationCallbacks, bool isVirutal) const
      |                                ^
      |                                  _Nullable
/Users/runner/work/PTVisionPro/PTVisionPro/build/deps/vma-src/include/vk_mem_alloc.h:7394:32: note: insert '_Nonnull' if the pointer should never be null
 7394 |     const VkAllocationCallbacks* pAllocationCallbacks, bool isVirutal) const
      |                                ^
      |                                  _Nonnull
/Users/runner/work/PTVisionPro/PTVisionPro/build/deps/vma-src/include/vk_mem_alloc.h:7542:56: warning: pointer is missing a nullability type specifier (_Nonnull, _Nullable, or _Null_unspecified) [-Wnullability-completeness]
 7542 |     VmaBlockMetadata_Linear(const VkAllocationCallbacks* pAllocationCallbacks,
      |                                                        ^
/Users/runner/work/PTVisionPro/PTVisionPro/build/deps/vma-src/include/vk_mem_alloc.h:7542:56: note: insert '_Nullable' if the pointer may be null
 7542 |     VmaBlockMetadata_Linear(const VkAllocationCallbacks* pAllocationCallbacks,
      |                                                        ^
      |                                                          _Nullable
/Users/runner/work/PTVisionPro/PTVisionPro/build/deps/vma-src/include/vk_mem_alloc.h:7542:56: note: insert '_Nonnull' if the pointer should never be null
 7542 |     VmaBlockMetadata_Linear(const VkAllocationCallbacks* pAllocationCallbacks,
      |                                                        ^
      |                                                          _Nonnull
/Users/runner/work/PTVisionPro/PTVisionPro/build/deps/vma-src/include/vk_mem_alloc.h:7548:38: warning: pointer is missing a nullability type specifier (_Nonnull, _Nullable, or _Null_unspecified) [-Wnullability-completeness]
 7548 |     VkDeviceSize GetAllocationOffset(VmaAllocHandle allocHandle) const override { return (VkDeviceSize)allocHandle - 1; }
      |                                      ^
/Users/runner/work/PTVisionPro/PTVisionPro/build/deps/vma-src/include/vk_mem_alloc.h:7548:38: note: insert '_Nullable' if the pointer may be null
 7548 |     VkDeviceSize GetAllocationOffset(VmaAllocHandle allocHandle) const override { return (VkDeviceSize)allocHandle - 1; }
      |                                      ^
      |                                                     _Nullable
/Users/runner/work/PTVisionPro/PTVisionPro/build/deps/vma-src/include/vk_mem_alloc.h:7548:38: note: insert '_Nonnull' if the pointer should never be null
 7548 |     VkDeviceSize GetAllocationOffset(VmaAllocHandle allocHandle) const override { return (VkDeviceSize)allocHandle - 1; }
      |                                      ^
      |                                                     _Nonnull
/Users/runner/work/PTVisionPro/PTVisionPro/build/deps/vma-src/include/vk_mem_alloc.h:7568:29: warning: pointer is missing a nullability type specifier (_Nonnull, _Nullable, or _Null_unspecified) [-Wnullability-completeness]
 7568 |         VmaAllocationRequest* pAllocationRequest) override;
      |                             ^
/Users/runner/work/PTVisionPro/PTVisionPro/build/deps/vma-src/include/vk_mem_alloc.h:7568:29: note: insert '_Nullable' if the pointer may be null
 7568 |         VmaAllocationRequest* pAllocationRequest) override;
      |                             ^
      |                               _Nullable
/Users/runner/work/PTVisionPro/PTVisionPro/build/deps/vma-src/include/vk_mem_alloc.h:7568:29: note: insert '_Nonnull' if the pointer should never be null
 7568 |         VmaAllocationRequest* pAllocationRequest) override;
      |                             ^
      |                               _Nonnull
/Users/runner/work/PTVisionPro/PTVisionPro/build/deps/vma-src/include/vk_mem_alloc.h:7570:40: warning: pointer is missing a nullability type specifier (_Nonnull, _Nullable, or _Null_unspecified) [-Wnullability-completeness]
 7570 |     VkResult CheckCorruption(const void* pBlockData) override;
      |                                        ^
/Users/runner/work/PTVisionPro/PTVisionPro/build/deps/vma-src/include/vk_mem_alloc.h:7570:40: note: insert '_Nullable' if the pointer may be null
 7570 |     VkResult CheckCorruption(const void* pBlockData) override;
      |                                        ^
      |                                          _Nullable
/Users/runner/work/PTVisionPro/PTVisionPro/build/deps/vma-src/include/vk_mem_alloc.h:7570:40: note: insert '_Nonnull' if the pointer should never be null
 7570 |     VkResult CheckCorruption(const void* pBlockData) override;
      |                                        ^
      |                                          _Nonnull
/Users/runner/work/PTVisionPro/PTVisionPro/build/deps/vma-src/include/vk_mem_alloc.h:7575:13: warning: pointer is missing a nullability type specifier (_Nonnull, _Nullable, or _Null_unspecified) [-Wnullability-completeness]
 7575 |         void* userData) override;
      |             ^
/Users/runner/work/PTVisionPro/PTVisionPro/build/deps/vma-src/include/vk_mem_alloc.h:7575:13: note: insert '_Nullable' if the pointer may be null
 7575 |         void* userData) override;
      |             ^
      |               _Nullable
/Users/runner/work/PTVisionPro/PTVisionPro/build/deps/vma-src/include/vk_mem_alloc.h:7575:13: note: insert '_Nonnull' if the pointer should never be null
 7575 |         void* userData) override;
      |             ^
      |               _Nonnull
/Users/runner/work/PTVisionPro/PTVisionPro/build/deps/vma-src/include/vk_mem_alloc.h:7577:15: warning: pointer is missing a nullability type specifier (_Nonnull, _Nullable, or _Null_unspecified) [-Wnullability-completeness]
 7577 |     void Free(VmaAllocHandle allocHandle) override;
      |               ^
/Users/runner/work/PTVisionPro/PTVisionPro/build/deps/vma-src/include/vk_mem_alloc.h:7577:15: note: insert '_Nullable' if the pointer may be null
 7577 |     void Free(VmaAllocHandle allocHandle) override;
      |               ^
      |                              _Nullable
/Users/runner/work/PTVisionPro/PTVisionPro/build/deps/vma-src/include/vk_mem_alloc.h:7577:15: note: insert '_Nonnull' if the pointer should never be null
 7577 |     void Free(VmaAllocHandle allocHandle) override;
      |               ^
      |                              _Nonnull
/Users/runner/work/PTVisionPro/PTVisionPro/build/deps/vma-src/include/vk_mem_alloc.h:7578:28: warning: pointer is missing a nullability type specifier (_Nonnull, _Nullable, or _Null_unspecified) [-Wnullability-completeness]
 7578 |     void GetAllocationInfo(VmaAllocHandle allocHandle, VmaVirtualAllocationInfo& outInfo) override;
      |                            ^
/Users/runner/work/PTVisionPro/PTVisionPro/build/deps/vma-src/include/vk_mem_alloc.h:7578:28: note: insert '_Nullable' if the pointer may be null
 7578 |     void GetAllocationInfo(VmaAllocHandle allocHandle, VmaVirtualAllocationInfo& outInfo) override;
      |                            ^
      |                                           _Nullable
/Users/runner/work/PTVisionPro/PTVisionPro/build/deps/vma-src/include/vk_mem_alloc.h:7578:28: note: insert '_Nonnull' if the pointer should never be null
 7578 |     void GetAllocationInfo(VmaAllocHandle allocHandle, VmaVirtualAllocationInfo& outInfo) override;
      |                            ^
      |                                           _Nonnull
/Users/runner/work/PTVisionPro/PTVisionPro/build/deps/vma-src/include/vk_mem_alloc.h:7579:33: warning: pointer is missing a nullability type specifier (_Nonnull, _Nullable, or _Null_unspecified) [-Wnullability-completeness]
 7579 |     void* GetAllocationUserData(VmaAllocHandle allocHandle) const override;
      |                                 ^
/Users/runner/work/PTVisionPro/PTVisionPro/build/deps/vma-src/include/vk_mem_alloc.h:7579:33: note: insert '_Nullable' if the pointer may be null
 7579 |     void* GetAllocationUserData(VmaAllocHandle allocHandle) const override;
      |                                 ^
      |                                                _Nullable
/Users/runner/work/PTVisionPro/PTVisionPro/build/deps/vma-src/include/vk_mem_alloc.h:7579:33: note: insert '_Nonnull' if the pointer should never be null
 7579 |     void* GetAllocationUserData(VmaAllocHandle allocHandle) const override;
      |                                 ^
      |                                                _Nonnull
/Users/runner/work/PTVisionPro/PTVisionPro/build/deps/vma-src/include/vk_mem_alloc.h:7579:9: warning: pointer is missing a nullability type specifier (_Nonnull, _Nullable, or _Null_unspecified) [-Wnullability-completeness]
 7579 |     void* GetAllocationUserData(VmaAllocHandle allocHandle) const override;
      |         ^
/Users/runner/work/PTVisionPro/PTVisionPro/build/deps/vma-src/include/vk_mem_alloc.h:7579:9: note: insert '_Nullable' if the pointer may be null
 7579 |     void* GetAllocationUserData(VmaAllocHandle allocHandle) const override;
      |         ^
      |           _Nullable
/Users/runner/work/PTVisionPro/PTVisionPro/build/deps/vma-src/include/vk_mem_alloc.h:7579:9: note: insert '_Nonnull' if the pointer should never be null
 7579 |     void* GetAllocationUserData(VmaAllocHandle allocHandle) const override;
      |         ^
      |           _Nonnull
/Users/runner/work/PTVisionPro/PTVisionPro/build/deps/vma-src/include/vk_mem_alloc.h:7580:5: warning: pointer is missing a nullability type specifier (_Nonnull, _Nullable, or _Null_unspecified) [-Wnullability-completeness]
 7580 |     VmaAllocHandle GetAllocationListBegin() const override;
      |     ^
/Users/runner/work/PTVisionPro/PTVisionPro/build/deps/vma-src/include/vk_mem_alloc.h:7580:5: note: insert '_Nullable' if the pointer may be null
 7580 |     VmaAllocHandle GetAllocationListBegin() const override;
      |     ^
      |                    _Nullable
/Users/runner/work/PTVisionPro/PTVisionPro/build/deps/vma-src/include/vk_mem_alloc.h:7580:5: note: insert '_Nonnull' if the pointer should never be null
 7580 |     VmaAllocHandle GetAllocationListBegin() const override;
      |     ^
      |                    _Nonnull
/Users/runner/work/PTVisionPro/PTVisionPro/build/deps/vma-src/include/vk_mem_alloc.h:7581:38: warning: pointer is missing a nullability type specifier (_Nonnull, _Nullable, or _Null_unspecified) [-Wnullability-completeness]
 7581 |     VmaAllocHandle GetNextAllocation(VmaAllocHandle prevAlloc) const override;
      |                                      ^
/Users/runner/work/PTVisionPro/PTVisionPro/build/deps/vma-src/include/vk_mem_alloc.h:7581:38: note: insert '_Nullable' if the pointer may be null
 7581 |     VmaAllocHandle GetNextAllocation(VmaAllocHandle prevAlloc) const override;
      |                                      ^
      |                                                     _Nullable
/Users/runner/work/PTVisionPro/PTVisionPro/build/deps/vma-src/include/vk_mem_alloc.h:7581:38: note: insert '_Nonnull' if the pointer should never be null
 7581 |     VmaAllocHandle GetNextAllocation(VmaAllocHandle prevAlloc) const override;
      |                                      ^
      |                                                     _Nonnull
/Users/runner/work/PTVisionPro/PTVisionPro/build/deps/vma-src/include/vk_mem_alloc.h:7581:5: warning: pointer is missing a nullability type specifier (_Nonnull, _Nullable, or _Null_unspecified) [-Wnullability-completeness]
 7581 |     VmaAllocHandle GetNextAllocation(VmaAllocHandle prevAlloc) const override;
      |     ^
/Users/runner/work/PTVisionPro/PTVisionPro/build/deps/vma-src/include/vk_mem_alloc.h:7581:5: note: insert '_Nullable' if the pointer may be null
 7581 |     VmaAllocHandle GetNextAllocation(VmaAllocHandle prevAlloc) const override;
      |     ^
      |                    _Nullable
/Users/runner/work/PTVisionPro/PTVisionPro/build/deps/vma-src/include/vk_mem_alloc.h:7581:5: note: insert '_Nonnull' if the pointer should never be null
 7581 |     VmaAllocHandle GetNextAllocation(VmaAllocHandle prevAlloc) const override;
      |     ^
      |                    _Nonnull
/Users/runner/work/PTVisionPro/PTVisionPro/build/deps/vma-src/include/vk_mem_alloc.h:7582:40: warning: pointer is missing a nullability type specifier (_Nonnull, _Nullable, or _Null_unspecified) [-Wnullability-completeness]
 7582 |     VkDeviceSize GetNextFreeRegionSize(VmaAllocHandle alloc) const override;
      |                                        ^
/Users/runner/work/PTVisionPro/PTVisionPro/build/deps/vma-src/include/vk_mem_alloc.h:7582:40: note: insert '_Nullable' if the pointer may be null
 7582 |     VkDeviceSize GetNextFreeRegionSize(VmaAllocHandle alloc) const override;
      |                                        ^
      |                                                       _Nullable
/Users/runner/work/PTVisionPro/PTVisionPro/build/deps/vma-src/include/vk_mem_alloc.h:7582:40: note: insert '_Nonnull' if the pointer should never be null
 7582 |     VkDeviceSize GetNextFreeRegionSize(VmaAllocHandle alloc) const override;
      |                                        ^
      |                                                       _Nonnull
/Users/runner/work/PTVisionPro/PTVisionPro/build/deps/vma-src/include/vk_mem_alloc.h:7584:32: warning: pointer is missing a nullability type specifier (_Nonnull, _Nullable, or _Null_unspecified) [-Wnullability-completeness]
 7584 |     void SetAllocationUserData(VmaAllocHandle allocHandle, void* userData) override;
      |                                ^
/Users/runner/work/PTVisionPro/PTVisionPro/build/deps/vma-src/include/vk_mem_alloc.h:7584:32: note: insert '_Nullable' if the pointer may be null
 7584 |     void SetAllocationUserData(VmaAllocHandle allocHandle, void* userData) override;
      |                                ^
      |                                               _Nullable
/Users/runner/work/PTVisionPro/PTVisionPro/build/deps/vma-src/include/vk_mem_alloc.h:7584:32: note: insert '_Nonnull' if the pointer should never be null
 7584 |     void SetAllocationUserData(VmaAllocHandle allocHandle, void* userData) override;
      |                                ^
      |                                               _Nonnull
/Users/runner/work/PTVisionPro/PTVisionPro/build/deps/vma-src/include/vk_mem_alloc.h:7584:64: warning: pointer is missing a nullability type specifier (_Nonnull, _Nullable, or _Null_unspecified) [-Wnullability-completeness]
 7584 |     void SetAllocationUserData(VmaAllocHandle allocHandle, void* userData) override;
      |                                                                ^
/Users/runner/work/PTVisionPro/PTVisionPro/build/deps/vma-src/include/vk_mem_alloc.h:7584:64: note: insert '_Nullable' if the pointer may be null
 7584 |     void SetAllocationUserData(VmaAllocHandle allocHandle, void* userData) override;
      |                                                                ^
      |                                                                  _Nullable
/Users/runner/work/PTVisionPro/PTVisionPro/build/deps/vma-src/include/vk_mem_alloc.h:7584:64: note: insert '_Nonnull' if the pointer should never be null
 7584 |     void SetAllocationUserData(VmaAllocHandle allocHandle, void* userData) override;
      |                                                                ^
      |                                                                  _Nonnull
/Users/runner/work/PTVisionPro/PTVisionPro/build/deps/vma-src/include/vk_mem_alloc.h:7638:29: warning: pointer is missing a nullability type specifier (_Nonnull, _Nullable, or _Null_unspecified) [-Wnullability-completeness]
 7638 |         VmaAllocationRequest* pAllocationRequest);
      |                             ^
/Users/runner/work/PTVisionPro/PTVisionPro/build/deps/vma-src/include/vk_mem_alloc.h:7638:29: note: insert '_Nullable' if the pointer may be null
 7638 |         VmaAllocationRequest* pAllocationRequest);
      |                             ^
      |                               _Nullable
/Users/runner/work/PTVisionPro/PTVisionPro/build/deps/vma-src/include/vk_mem_alloc.h:7638:29: note: insert '_Nonnull' if the pointer should never be null
 7638 |         VmaAllocationRequest* pAllocationRequest);
      |                             ^
      |                               _Nonnull
/Users/runner/work/PTVisionPro/PTVisionPro/build/deps/vma-src/include/vk_mem_alloc.h:7644:29: warning: pointer is missing a nullability type specifier (_Nonnull, _Nullable, or _Null_unspecified) [-Wnullability-completeness]
 7644 |         VmaAllocationRequest* pAllocationRequest);
      |                             ^
/Users/runner/work/PTVisionPro/PTVisionPro/build/deps/vma-src/include/vk_mem_alloc.h:7644:29: note: insert '_Nullable' if the pointer may be null
 7644 |         VmaAllocationRequest* pAllocationRequest);
      |                             ^
      |                               _Nullable
/Users/runner/work/PTVisionPro/PTVisionPro/build/deps/vma-src/include/vk_mem_alloc.h:7644:29: note: insert '_Nonnull' if the pointer should never be null
 7644 |         VmaAllocationRequest* pAllocationRequest);
      |                             ^
      |                               _Nonnull
/Users/runner/work/PTVisionPro/PTVisionPro/build/deps/vma-src/include/vk_mem_alloc.h:7648:77: warning: pointer is missing a nullability type specifier (_Nonnull, _Nullable, or _Null_unspecified) [-Wnullability-completeness]
 7648 | VmaBlockMetadata_Linear::VmaBlockMetadata_Linear(const VkAllocationCallbacks* pAllocationCallbacks,
      |                                                                             ^
/Users/runner/work/PTVisionPro/PTVisionPro/build/deps/vma-src/include/vk_mem_alloc.h:7648:77: note: insert '_Nullable' if the pointer may be null
 7648 | VmaBlockMetadata_Linear::VmaBlockMetadata_Linear(const VkAllocationCallbacks* pAllocationCallbacks,
      |                                                                             ^
      |                                                                               _Nullable
/Users/runner/work/PTVisionPro/PTVisionPro/build/deps/vma-src/include/vk_mem_alloc.h:7648:77: note: insert '_Nonnull' if the pointer should never be null
 7648 | VmaBlockMetadata_Linear::VmaBlockMetadata_Linear(const VkAllocationCallbacks* pAllocationCallbacks,
      |                                                                             ^
      |                                                                               _Nonnull
/Users/runner/work/PTVisionPro/PTVisionPro/build/deps/vma-src/include/vk_mem_alloc.h:8429:25: warning: pointer is missing a nullability type specifier (_Nonnull, _Nullable, or _Null_unspecified) [-Wnullability-completeness]
 8429 |     VmaAllocationRequest* pAllocationRequest)
      |                         ^
/Users/runner/work/PTVisionPro/PTVisionPro/build/deps/vma-src/include/vk_mem_alloc.h:8429:25: note: insert '_Nullable' if the pointer may be null
 8429 |     VmaAllocationRequest* pAllocationRequest)
      |                         ^
      |                           _Nullable
/Users/runner/work/PTVisionPro/PTVisionPro/build/deps/vma-src/include/vk_mem_alloc.h:8429:25: note: insert '_Nonnull' if the pointer should never be null
 8429 |     VmaAllocationRequest* pAllocationRequest)
      |                         ^
      |                           _Nonnull
/Users/runner/work/PTVisionPro/PTVisionPro/build/deps/vma-src/include/vk_mem_alloc.h:8447:61: warning: pointer is missing a nullability type specifier (_Nonnull, _Nullable, or _Null_unspecified) [-Wnullability-completeness]
 8447 | VkResult VmaBlockMetadata_Linear::CheckCorruption(const void* pBlockData)
      |                                                             ^
/Users/runner/work/PTVisionPro/PTVisionPro/build/deps/vma-src/include/vk_mem_alloc.h:8447:61: note: insert '_Nullable' if the pointer may be null
 8447 | VkResult VmaBlockMetadata_Linear::CheckCorruption(const void* pBlockData)
      |                                                             ^
      |                                                               _Nullable
/Users/runner/work/PTVisionPro/PTVisionPro/build/deps/vma-src/include/vk_mem_alloc.h:8447:61: note: insert '_Nonnull' if the pointer should never be null
 8447 | VkResult VmaBlockMetadata_Linear::CheckCorruption(const void* pBlockData)
      |                                                             ^
      |                                                               _Nonnull
/Users/runner/work/PTVisionPro/PTVisionPro/build/deps/vma-src/include/vk_mem_alloc.h:8484:9: warning: pointer is missing a nullability type specifier (_Nonnull, _Nullable, or _Null_unspecified) [-Wnullability-completeness]
 8484 |     void* userData)
      |         ^
/Users/runner/work/PTVisionPro/PTVisionPro/build/deps/vma-src/include/vk_mem_alloc.h:8484:9: note: insert '_Nullable' if the pointer may be null
 8484 |     void* userData)
      |         ^
      |           _Nullable
/Users/runner/work/PTVisionPro/PTVisionPro/build/deps/vma-src/include/vk_mem_alloc.h:8484:9: note: insert '_Nonnull' if the pointer should never be null
 8484 |     void* userData)
      |         ^
      |           _Nonnull
/Users/runner/work/PTVisionPro/PTVisionPro/build/deps/vma-src/include/vk_mem_alloc.h:8548:36: warning: pointer is missing a nullability type specifier (_Nonnull, _Nullable, or _Null_unspecified) [-Wnullability-completeness]
 8548 | void VmaBlockMetadata_Linear::Free(VmaAllocHandle allocHandle)
      |                                    ^
/Users/runner/work/PTVisionPro/PTVisionPro/build/deps/vma-src/include/vk_mem_alloc.h:8548:36: note: insert '_Nullable' if the pointer may be null
 8548 | void VmaBlockMetadata_Linear::Free(VmaAllocHandle allocHandle)
      |                                    ^
      |                                                   _Nullable
/Users/runner/work/PTVisionPro/PTVisionPro/build/deps/vma-src/include/vk_mem_alloc.h:8548:36: note: insert '_Nonnull' if the pointer should never be null
 8548 | void VmaBlockMetadata_Linear::Free(VmaAllocHandle allocHandle)
      |                                    ^
      |                                                   _Nonnull
/Users/runner/work/PTVisionPro/PTVisionPro/build/deps/vma-src/include/vk_mem_alloc.h:8637:49: warning: pointer is missing a nullability type specifier (_Nonnull, _Nullable, or _Null_unspecified) [-Wnullability-completeness]
 8637 | void VmaBlockMetadata_Linear::GetAllocationInfo(VmaAllocHandle allocHandle, VmaVirtualAllocationInfo& outInfo)
      |                                                 ^
/Users/runner/work/PTVisionPro/PTVisionPro/build/deps/vma-src/include/vk_mem_alloc.h:8637:49: note: insert '_Nullable' if the pointer may be null
 8637 | void VmaBlockMetadata_Linear::GetAllocationInfo(VmaAllocHandle allocHandle, VmaVirtualAllocationInfo& outInfo)
      |                                                 ^
      |                                                                _Nullable
/Users/runner/work/PTVisionPro/PTVisionPro/build/deps/vma-src/include/vk_mem_alloc.h:8637:49: note: insert '_Nonnull' if the pointer should never be null
 8637 | void VmaBlockMetadata_Linear::GetAllocationInfo(VmaAllocHandle allocHandle, VmaVirtualAllocationInfo& outInfo)
      |                                                 ^
      |                                                                _Nonnull
/Users/runner/work/PTVisionPro/PTVisionPro/build/deps/vma-src/include/vk_mem_alloc.h:8645:54: warning: pointer is missing a nullability type specifier (_Nonnull, _Nullable, or _Null_unspecified) [-Wnullability-completeness]
 8645 | void* VmaBlockMetadata_Linear::GetAllocationUserData(VmaAllocHandle allocHandle) const
      |                                                      ^
/Users/runner/work/PTVisionPro/PTVisionPro/build/deps/vma-src/include/vk_mem_alloc.h:8645:54: note: insert '_Nullable' if the pointer may be null
 8645 | void* VmaBlockMetadata_Linear::GetAllocationUserData(VmaAllocHandle allocHandle) const
      |                                                      ^
      |                                                                     _Nullable
/Users/runner/work/PTVisionPro/PTVisionPro/build/deps/vma-src/include/vk_mem_alloc.h:8645:54: note: insert '_Nonnull' if the pointer should never be null
 8645 | void* VmaBlockMetadata_Linear::GetAllocationUserData(VmaAllocHandle allocHandle) const
      |                                                      ^
      |                                                                     _Nonnull
/Users/runner/work/PTVisionPro/PTVisionPro/build/deps/vma-src/include/vk_mem_alloc.h:8645:5: warning: pointer is missing a nullability type specifier (_Nonnull, _Nullable, or _Null_unspecified) [-Wnullability-completeness]
 8645 | void* VmaBlockMetadata_Linear::GetAllocationUserData(VmaAllocHandle allocHandle) const
      |     ^
/Users/runner/work/PTVisionPro/PTVisionPro/build/deps/vma-src/include/vk_mem_alloc.h:8645:5: note: insert '_Nullable' if the pointer may be null
 8645 | void* VmaBlockMetadata_Linear::GetAllocationUserData(VmaAllocHandle allocHandle) const
      |     ^
      |       _Nullable
/Users/runner/work/PTVisionPro/PTVisionPro/build/deps/vma-src/include/vk_mem_alloc.h:8645:5: note: insert '_Nonnull' if the pointer should never be null
 8645 | void* VmaBlockMetadata_Linear::GetAllocationUserData(VmaAllocHandle allocHandle) const
      |     ^
      |       _Nonnull
/Users/runner/work/PTVisionPro/PTVisionPro/build/deps/vma-src/include/vk_mem_alloc.h:8650:1: warning: pointer is missing a nullability type specifier (_Nonnull, _Nullable, or _Null_unspecified) [-Wnullability-completeness]
 8650 | VmaAllocHandle VmaBlockMetadata_Linear::GetAllocationListBegin() const
      | ^
/Users/runner/work/PTVisionPro/PTVisionPro/build/deps/vma-src/include/vk_mem_alloc.h:8650:1: note: insert '_Nullable' if the pointer may be null
 8650 | VmaAllocHandle VmaBlockMetadata_Linear::GetAllocationListBegin() const
      | ^
      |                _Nullable
/Users/runner/work/PTVisionPro/PTVisionPro/build/deps/vma-src/include/vk_mem_alloc.h:8650:1: note: insert '_Nonnull' if the pointer should never be null
 8650 | VmaAllocHandle VmaBlockMetadata_Linear::GetAllocationListBegin() const
      | ^
      |                _Nonnull
/Users/runner/work/PTVisionPro/PTVisionPro/build/deps/vma-src/include/vk_mem_alloc.h:8657:59: warning: pointer is missing a nullability type specifier (_Nonnull, _Nullable, or _Null_unspecified) [-Wnullability-completeness]
 8657 | VmaAllocHandle VmaBlockMetadata_Linear::GetNextAllocation(VmaAllocHandle prevAlloc) const
      |                                                           ^
/Users/runner/work/PTVisionPro/PTVisionPro/build/deps/vma-src/include/vk_mem_alloc.h:8657:59: note: insert '_Nullable' if the pointer may be null
 8657 | VmaAllocHandle VmaBlockMetadata_Linear::GetNextAllocation(VmaAllocHandle prevAlloc) const
      |                                                           ^
      |                                                                          _Nullable
/Users/runner/work/PTVisionPro/PTVisionPro/build/deps/vma-src/include/vk_mem_alloc.h:8657:59: note: insert '_Nonnull' if the pointer should never be null
 8657 | VmaAllocHandle VmaBlockMetadata_Linear::GetNextAllocation(VmaAllocHandle prevAlloc) const
      |                                                           ^
      |                                                                          _Nonnull
/Users/runner/work/PTVisionPro/PTVisionPro/build/deps/vma-src/include/vk_mem_alloc.h:8657:1: warning: pointer is missing a nullability type specifier (_Nonnull, _Nullable, or _Null_unspecified) [-Wnullability-completeness]
 8657 | VmaAllocHandle VmaBlockMetadata_Linear::GetNextAllocation(VmaAllocHandle prevAlloc) const
      | ^
/Users/runner/work/PTVisionPro/PTVisionPro/build/deps/vma-src/include/vk_mem_alloc.h:8657:1: note: insert '_Nullable' if the pointer may be null
 8657 | VmaAllocHandle VmaBlockMetadata_Linear::GetNextAllocation(VmaAllocHandle prevAlloc) const
      | ^
      |                _Nullable
/Users/runner/work/PTVisionPro/PTVisionPro/build/deps/vma-src/include/vk_mem_alloc.h:8657:1: note: insert '_Nonnull' if the pointer should never be null
 8657 | VmaAllocHandle VmaBlockMetadata_Linear::GetNextAllocation(VmaAllocHandle prevAlloc) const
      | ^
      |                _Nonnull
/Users/runner/work/PTVisionPro/PTVisionPro/build/deps/vma-src/include/vk_mem_alloc.h:8664:61: warning: pointer is missing a nullability type specifier (_Nonnull, _Nullable, or _Null_unspecified) [-Wnullability-completeness]
 8664 | VkDeviceSize VmaBlockMetadata_Linear::GetNextFreeRegionSize(VmaAllocHandle alloc) const
      |                                                             ^
/Users/runner/work/PTVisionPro/PTVisionPro/build/deps/vma-src/include/vk_mem_alloc.h:8664:61: note: insert '_Nullable' if the pointer may be null
 8664 | VkDeviceSize VmaBlockMetadata_Linear::GetNextFreeRegionSize(VmaAllocHandle alloc) const
      |                                                             ^
      |                                                                            _Nullable
/Users/runner/work/PTVisionPro/PTVisionPro/build/deps/vma-src/include/vk_mem_alloc.h:8664:61: note: insert '_Nonnull' if the pointer should never be null
 8664 | VkDeviceSize VmaBlockMetadata_Linear::GetNextFreeRegionSize(VmaAllocHandle alloc) const
      |                                                             ^
      |                                                                            _Nonnull
/Users/runner/work/PTVisionPro/PTVisionPro/build/deps/vma-src/include/vk_mem_alloc.h:8683:53: warning: pointer is missing a nullability type specifier (_Nonnull, _Nullable, or _Null_unspecified) [-Wnullability-completeness]
 8683 | void VmaBlockMetadata_Linear::SetAllocationUserData(VmaAllocHandle allocHandle, void* userData)
      |                                                     ^
/Users/runner/work/PTVisionPro/PTVisionPro/build/deps/vma-src/include/vk_mem_alloc.h:8683:53: note: insert '_Nullable' if the pointer may be null
 8683 | void VmaBlockMetadata_Linear::SetAllocationUserData(VmaAllocHandle allocHandle, void* userData)
      |                                                     ^
      |                                                                    _Nullable
/Users/runner/work/PTVisionPro/PTVisionPro/build/deps/vma-src/include/vk_mem_alloc.h:8683:53: note: insert '_Nonnull' if the pointer should never be null
 8683 | void VmaBlockMetadata_Linear::SetAllocationUserData(VmaAllocHandle allocHandle, void* userData)
      |                                                     ^
      |                                                                    _Nonnull
/Users/runner/work/PTVisionPro/PTVisionPro/build/deps/vma-src/include/vk_mem_alloc.h:8683:85: warning: pointer is missing a nullability type specifier (_Nonnull, _Nullable, or _Null_unspecified) [-Wnullability-completeness]
 8683 | void VmaBlockMetadata_Linear::SetAllocationUserData(VmaAllocHandle allocHandle, void* userData)
      |                                                                                     ^
/Users/runner/work/PTVisionPro/PTVisionPro/build/deps/vma-src/include/vk_mem_alloc.h:8683:85: note: insert '_Nullable' if the pointer may be null
 8683 | void VmaBlockMetadata_Linear::SetAllocationUserData(VmaAllocHandle allocHandle, void* userData)
      |                                                                                     ^
      |                                                                                       _Nullable
/Users/runner/work/PTVisionPro/PTVisionPro/build/deps/vma-src/include/vk_mem_alloc.h:8683:85: note: insert '_Nonnull' if the pointer should never be null
 8683 | void VmaBlockMetadata_Linear::SetAllocationUserData(VmaAllocHandle allocHandle, void* userData)
      |                                                                                     ^
      |                                                                                       _Nonnull
/Users/runner/work/PTVisionPro/PTVisionPro/build/deps/vma-src/include/vk_mem_alloc.h:8857:25: warning: pointer is missing a nullability type specifier (_Nonnull, _Nullable, or _Null_unspecified) [-Wnullability-completeness]
 8857 |     VmaAllocationRequest* pAllocationRequest)
      |                         ^
/Users/runner/work/PTVisionPro/PTVisionPro/build/deps/vma-src/include/vk_mem_alloc.h:8857:25: note: insert '_Nullable' if the pointer may be null
 8857 |     VmaAllocationRequest* pAllocationRequest)
      |                         ^
      |                           _Nullable
/Users/runner/work/PTVisionPro/PTVisionPro/build/deps/vma-src/include/vk_mem_alloc.h:8857:25: note: insert '_Nonnull' if the pointer should never be null
 8857 |     VmaAllocationRequest* pAllocationRequest)
      |                         ^
      |                           _Nonnull
/Users/runner/work/PTVisionPro/PTVisionPro/build/deps/vma-src/include/vk_mem_alloc.h:9035:25: warning: pointer is missing a nullability type specifier (_Nonnull, _Nullable, or _Null_unspecified) [-Wnullability-completeness]
 9035 |     VmaAllocationRequest* pAllocationRequest)
      |                         ^
/Users/runner/work/PTVisionPro/PTVisionPro/build/deps/vma-src/include/vk_mem_alloc.h:9035:25: note: insert '_Nullable' if the pointer may be null
 9035 |     VmaAllocationRequest* pAllocationRequest)
      |                         ^
      |                           _Nullable
/Users/runner/work/PTVisionPro/PTVisionPro/build/deps/vma-src/include/vk_mem_alloc.h:9035:25: note: insert '_Nonnull' if the pointer should never be null
 9035 |     VmaAllocationRequest* pAllocationRequest)
      |                         ^
      |                           _Nonnull
/Users/runner/work/PTVisionPro/PTVisionPro/build/deps/vma-src/include/vk_mem_alloc.h:9157:54: warning: pointer is missing a nullability type specifier (_Nonnull, _Nullable, or _Null_unspecified) [-Wnullability-completeness]
 9157 |     VmaBlockMetadata_TLSF(const VkAllocationCallbacks* pAllocationCallbacks,
      |                                                      ^
/Users/runner/work/PTVisionPro/PTVisionPro/build/deps/vma-src/include/vk_mem_alloc.h:9157:54: note: insert '_Nullable' if the pointer may be null
 9157 |     VmaBlockMetadata_TLSF(const VkAllocationCallbacks* pAllocationCallbacks,
      |                                                      ^
      |                                                        _Nullable
/Users/runner/work/PTVisionPro/PTVisionPro/build/deps/vma-src/include/vk_mem_alloc.h:9157:54: note: insert '_Nonnull' if the pointer should never be null
 9157 |     VmaBlockMetadata_TLSF(const VkAllocationCallbacks* pAllocationCallbacks,
      |                                                      ^
      |                                                        _Nonnull
/Users/runner/work/PTVisionPro/PTVisionPro/build/deps/vma-src/include/vk_mem_alloc.h:9165:38: warning: pointer is missing a nullability type specifier (_Nonnull, _Nullable, or _Null_unspecified) [-Wnullability-completeness]
 9165 |     VkDeviceSize GetAllocationOffset(VmaAllocHandle allocHandle) const override { return ((Block*)allocHandle)->offset; }
      |                                      ^
/Users/runner/work/PTVisionPro/PTVisionPro/build/deps/vma-src/include/vk_mem_alloc.h:9165:38: note: insert '_Nullable' if the pointer may be null
 9165 |     VkDeviceSize GetAllocationOffset(VmaAllocHandle allocHandle) const override { return ((Block*)allocHandle)->offset; }
      |                                      ^
      |                                                     _Nullable
/Users/runner/work/PTVisionPro/PTVisionPro/build/deps/vma-src/include/vk_mem_alloc.h:9165:38: note: insert '_Nonnull' if the pointer should never be null
 9165 |     VkDeviceSize GetAllocationOffset(VmaAllocHandle allocHandle) const override { return ((Block*)allocHandle)->offset; }
      |                                      ^
      |                                                     _Nonnull
/Users/runner/work/PTVisionPro/PTVisionPro/build/deps/vma-src/include/vk_mem_alloc.h:9183:29: warning: pointer is missing a nullability type specifier (_Nonnull, _Nullable, or _Null_unspecified) [-Wnullability-completeness]
 9183 |         VmaAllocationRequest* pAllocationRequest) override;
      |                             ^
/Users/runner/work/PTVisionPro/PTVisionPro/build/deps/vma-src/include/vk_mem_alloc.h:9183:29: note: insert '_Nullable' if the pointer may be null
 9183 |         VmaAllocationRequest* pAllocationRequest) override;
      |                             ^
      |                               _Nullable
/Users/runner/work/PTVisionPro/PTVisionPro/build/deps/vma-src/include/vk_mem_alloc.h:9183:29: note: insert '_Nonnull' if the pointer should never be null
 9183 |         VmaAllocationRequest* pAllocationRequest) override;
      |                             ^
      |                               _Nonnull
/Users/runner/work/PTVisionPro/PTVisionPro/build/deps/vma-src/include/vk_mem_alloc.h:9185:40: warning: pointer is missing a nullability type specifier (_Nonnull, _Nullable, or _Null_unspecified) [-Wnullability-completeness]
 9185 |     VkResult CheckCorruption(const void* pBlockData) override;
      |                                        ^
/Users/runner/work/PTVisionPro/PTVisionPro/build/deps/vma-src/include/vk_mem_alloc.h:9185:40: note: insert '_Nullable' if the pointer may be null
 9185 |     VkResult CheckCorruption(const void* pBlockData) override;
      |                                        ^
      |                                          _Nullable
/Users/runner/work/PTVisionPro/PTVisionPro/build/deps/vma-src/include/vk_mem_alloc.h:9185:40: note: insert '_Nonnull' if the pointer should never be null
 9185 |     VkResult CheckCorruption(const void* pBlockData) override;
      |                                        ^
      |                                          _Nonnull
/Users/runner/work/PTVisionPro/PTVisionPro/build/deps/vma-src/include/vk_mem_alloc.h:9189:13: warning: pointer is missing a nullability type specifier (_Nonnull, _Nullable, or _Null_unspecified) [-Wnullability-completeness]
 9189 |         void* userData) override;
      |             ^
/Users/runner/work/PTVisionPro/PTVisionPro/build/deps/vma-src/include/vk_mem_alloc.h:9189:13: note: insert '_Nullable' if the pointer may be null
 9189 |         void* userData) override;
      |             ^
      |               _Nullable
/Users/runner/work/PTVisionPro/PTVisionPro/build/deps/vma-src/include/vk_mem_alloc.h:9189:13: note: insert '_Nonnull' if the pointer should never be null
 9189 |         void* userData) override;
      |             ^
      |               _Nonnull
/Users/runner/work/PTVisionPro/PTVisionPro/build/deps/vma-src/include/vk_mem_alloc.h:9191:15: warning: pointer is missing a nullability type specifier (_Nonnull, _Nullable, or _Null_unspecified) [-Wnullability-completeness]
 9191 |     void Free(VmaAllocHandle allocHandle) override;
      |               ^
/Users/runner/work/PTVisionPro/PTVisionPro/build/deps/vma-src/include/vk_mem_alloc.h:9191:15: note: insert '_Nullable' if the pointer may be null
 9191 |     void Free(VmaAllocHandle allocHandle) override;
      |               ^
      |                              _Nullable
/Users/runner/work/PTVisionPro/PTVisionPro/build/deps/vma-src/include/vk_mem_alloc.h:9191:15: note: insert '_Nonnull' if the pointer should never be null
 9191 |     void Free(VmaAllocHandle allocHandle) override;
      |               ^
      |                              _Nonnull
/Users/runner/work/PTVisionPro/PTVisionPro/build/deps/vma-src/include/vk_mem_alloc.h:9192:28: warning: pointer is missing a nullability type specifier (_Nonnull, _Nullable, or _Null_unspecified) [-Wnullability-completeness]
 9192 |     void GetAllocationInfo(VmaAllocHandle allocHandle, VmaVirtualAllocationInfo& outInfo) override;
      |                            ^
/Users/runner/work/PTVisionPro/PTVisionPro/build/deps/vma-src/include/vk_mem_alloc.h:9192:28: note: insert '_Nullable' if the pointer may be null
 9192 |     void GetAllocationInfo(VmaAllocHandle allocHandle, VmaVirtualAllocationInfo& outInfo) override;
      |                            ^
      |                                           _Nullable
/Users/runner/work/PTVisionPro/PTVisionPro/build/deps/vma-src/include/vk_mem_alloc.h:9192:28: note: insert '_Nonnull' if the pointer should never be null
 9192 |     void GetAllocationInfo(VmaAllocHandle allocHandle, VmaVirtualAllocationInfo& outInfo) override;
      |                            ^
      |                                           _Nonnull
/Users/runner/work/PTVisionPro/PTVisionPro/build/deps/vma-src/include/vk_mem_alloc.h:9193:33: warning: pointer is missing a nullability type specifier (_Nonnull, _Nullable, or _Null_unspecified) [-Wnullability-completeness]
 9193 |     void* GetAllocationUserData(VmaAllocHandle allocHandle) const override;
      |                                 ^
/Users/runner/work/PTVisionPro/PTVisionPro/build/deps/vma-src/include/vk_mem_alloc.h:9193:33: note: insert '_Nullable' if the pointer may be null
 9193 |     void* GetAllocationUserData(VmaAllocHandle allocHandle) const override;
      |                                 ^
      |                                                _Nullable
/Users/runner/work/PTVisionPro/PTVisionPro/build/deps/vma-src/include/vk_mem_alloc.h:9193:33: note: insert '_Nonnull' if the pointer should never be null
 9193 |     void* GetAllocationUserData(VmaAllocHandle allocHandle) const override;
      |                                 ^
      |                                                _Nonnull
/Users/runner/work/PTVisionPro/PTVisionPro/build/deps/vma-src/include/vk_mem_alloc.h:9193:9: warning: pointer is missing a nullability type specifier (_Nonnull, _Nullable, or _Null_unspecified) [-Wnullability-completeness]
 9193 |     void* GetAllocationUserData(VmaAllocHandle allocHandle) const override;
      |         ^
/Users/runner/work/PTVisionPro/PTVisionPro/build/deps/vma-src/include/vk_mem_alloc.h:9193:9: note: insert '_Nullable' if the pointer may be null
 9193 |     void* GetAllocationUserData(VmaAllocHandle allocHandle) const override;
      |         ^
      |           _Nullable
/Users/runner/work/PTVisionPro/PTVisionPro/build/deps/vma-src/include/vk_mem_alloc.h:9193:9: note: insert '_Nonnull' if the pointer should never be null
 9193 |     void* GetAllocationUserData(VmaAllocHandle allocHandle) const override;
      |         ^
      |           _Nonnull
/Users/runner/work/PTVisionPro/PTVisionPro/build/deps/vma-src/include/vk_mem_alloc.h:9194:5: warning: pointer is missing a nullability type specifier (_Nonnull, _Nullable, or _Null_unspecified) [-Wnullability-completeness]
 9194 |     VmaAllocHandle GetAllocationListBegin() const override;
      |     ^
/Users/runner/work/PTVisionPro/PTVisionPro/build/deps/vma-src/include/vk_mem_alloc.h:9194:5: note: insert '_Nullable' if the pointer may be null
 9194 |     VmaAllocHandle GetAllocationListBegin() const override;
      |     ^
      |                    _Nullable
/Users/runner/work/PTVisionPro/PTVisionPro/build/deps/vma-src/include/vk_mem_alloc.h:9194:5: note: insert '_Nonnull' if the pointer should never be null
 9194 |     VmaAllocHandle GetAllocationListBegin() const override;
      |     ^
      |                    _Nonnull
/Users/runner/work/PTVisionPro/PTVisionPro/build/deps/vma-src/include/vk_mem_alloc.h:9195:38: warning: pointer is missing a nullability type specifier (_Nonnull, _Nullable, or _Null_unspecified) [-Wnullability-completeness]
 9195 |     VmaAllocHandle GetNextAllocation(VmaAllocHandle prevAlloc) const override;
      |                                      ^
/Users/runner/work/PTVisionPro/PTVisionPro/build/deps/vma-src/include/vk_mem_alloc.h:9195:38: note: insert '_Nullable' if the pointer may be null
 9195 |     VmaAllocHandle GetNextAllocation(VmaAllocHandle prevAlloc) const override;
      |                                      ^
      |                                                     _Nullable
/Users/runner/work/PTVisionPro/PTVisionPro/build/deps/vma-src/include/vk_mem_alloc.h:9195:38: note: insert '_Nonnull' if the pointer should never be null
 9195 |     VmaAllocHandle GetNextAllocation(VmaAllocHandle prevAlloc) const override;
      |                                      ^
      |                                                     _Nonnull
/Users/runner/work/PTVisionPro/PTVisionPro/build/deps/vma-src/include/vk_mem_alloc.h:9195:5: warning: pointer is missing a nullability type specifier (_Nonnull, _Nullable, or _Null_unspecified) [-Wnullability-completeness]
 9195 |     VmaAllocHandle GetNextAllocation(VmaAllocHandle prevAlloc) const override;
      |     ^
/Users/runner/work/PTVisionPro/PTVisionPro/build/deps/vma-src/include/vk_mem_alloc.h:9195:5: note: insert '_Nullable' if the pointer may be null
 9195 |     VmaAllocHandle GetNextAllocation(VmaAllocHandle prevAlloc) const override;
      |     ^
      |                    _Nullable
/Users/runner/work/PTVisionPro/PTVisionPro/build/deps/vma-src/include/vk_mem_alloc.h:9195:5: note: insert '_Nonnull' if the pointer should never be null
 9195 |     VmaAllocHandle GetNextAllocation(VmaAllocHandle prevAlloc) const override;
      |     ^
      |                    _Nonnull
/Users/runner/work/PTVisionPro/PTVisionPro/build/deps/vma-src/include/vk_mem_alloc.h:9196:40: warning: pointer is missing a nullability type specifier (_Nonnull, _Nullable, or _Null_unspecified) [-Wnullability-completeness]
 9196 |     VkDeviceSize GetNextFreeRegionSize(VmaAllocHandle alloc) const override;
      |                                        ^
/Users/runner/work/PTVisionPro/PTVisionPro/build/deps/vma-src/include/vk_mem_alloc.h:9196:40: note: insert '_Nullable' if the pointer may be null
 9196 |     VkDeviceSize GetNextFreeRegionSize(VmaAllocHandle alloc) const override;
      |                                        ^
      |                                                       _Nullable
/Users/runner/work/PTVisionPro/PTVisionPro/build/deps/vma-src/include/vk_mem_alloc.h:9196:40: note: insert '_Nonnull' if the pointer should never be null
 9196 |     VkDeviceSize GetNextFreeRegionSize(VmaAllocHandle alloc) const override;
      |                                        ^
      |                                                       _Nonnull
/Users/runner/work/PTVisionPro/PTVisionPro/build/deps/vma-src/include/vk_mem_alloc.h:9198:32: warning: pointer is missing a nullability type specifier (_Nonnull, _Nullable, or _Null_unspecified) [-Wnullability-completeness]
 9198 |     void SetAllocationUserData(VmaAllocHandle allocHandle, void* userData) override;
      |                                ^
/Users/runner/work/PTVisionPro/PTVisionPro/build/deps/vma-src/include/vk_mem_alloc.h:9198:32: note: insert '_Nullable' if the pointer may be null
 9198 |     void SetAllocationUserData(VmaAllocHandle allocHandle, void* userData) override;
      |                                ^
      |                                               _Nullable
/Users/runner/work/PTVisionPro/PTVisionPro/build/deps/vma-src/include/vk_mem_alloc.h:9198:32: note: insert '_Nonnull' if the pointer should never be null
 9198 |     void SetAllocationUserData(VmaAllocHandle allocHandle, void* userData) override;
      |                                ^
      |                                               _Nonnull
/Users/runner/work/PTVisionPro/PTVisionPro/build/deps/vma-src/include/vk_mem_alloc.h:9198:64: warning: pointer is missing a nullability type specifier (_Nonnull, _Nullable, or _Null_unspecified) [-Wnullability-completeness]
 9198 |     void SetAllocationUserData(VmaAllocHandle allocHandle, void* userData) override;
      |                                                                ^
/Users/runner/work/PTVisionPro/PTVisionPro/build/deps/vma-src/include/vk_mem_alloc.h:9198:64: note: insert '_Nullable' if the pointer may be null
 9198 |     void SetAllocationUserData(VmaAllocHandle allocHandle, void* userData) override;
      |                                                                ^
      |                                                                  _Nullable
/Users/runner/work/PTVisionPro/PTVisionPro/build/deps/vma-src/include/vk_mem_alloc.h:9198:64: note: insert '_Nonnull' if the pointer should never be null
 9198 |     void SetAllocationUserData(VmaAllocHandle allocHandle, void* userData) override;
      |                                                                ^
      |                                                                  _Nonnull
/Users/runner/work/PTVisionPro/PTVisionPro/build/deps/vma-src/include/vk_mem_alloc.h:9216:14: warning: pointer is missing a nullability type specifier (_Nonnull, _Nullable, or _Null_unspecified) [-Wnullability-completeness]
 9216 |         Block* prevPhysical;
      |              ^
/Users/runner/work/PTVisionPro/PTVisionPro/build/deps/vma-src/include/vk_mem_alloc.h:9216:14: note: insert '_Nullable' if the pointer may be null
 9216 |         Block* prevPhysical;
      |              ^
      |                _Nullable
/Users/runner/work/PTVisionPro/PTVisionPro/build/deps/vma-src/include/vk_mem_alloc.h:9216:14: note: insert '_Nonnull' if the pointer should never be null
 9216 |         Block* prevPhysical;
      |              ^
      |                _Nonnull
/Users/runner/work/PTVisionPro/PTVisionPro/build/deps/vma-src/include/vk_mem_alloc.h:9217:14: warning: pointer is missing a nullability type specifier (_Nonnull, _Nullable, or _Null_unspecified) [-Wnullability-completeness]
 9217 |         Block* nextPhysical;
      |              ^
/Users/runner/work/PTVisionPro/PTVisionPro/build/deps/vma-src/include/vk_mem_alloc.h:9217:14: note: insert '_Nullable' if the pointer may be null
 9217 |         Block* nextPhysical;
      |              ^
      |                _Nullable
/Users/runner/work/PTVisionPro/PTVisionPro/build/deps/vma-src/include/vk_mem_alloc.h:9217:14: note: insert '_Nonnull' if the pointer should never be null
 9217 |         Block* nextPhysical;
      |              ^
      |                _Nonnull
/Users/runner/work/PTVisionPro/PTVisionPro/build/deps/vma-src/include/vk_mem_alloc.h:9222:13: warning: pointer is missing a nullability type specifier (_Nonnull, _Nullable, or _Null_unspecified) [-Wnullability-completeness]
 9222 |         void*& UserData() { VMA_HEAVY_ASSERT(!IsFree()); return userData; }
      |             ^
/Users/runner/work/PTVisionPro/PTVisionPro/build/deps/vma-src/include/vk_mem_alloc.h:9222:13: note: insert '_Nullable' if the pointer may be null
 9222 |         void*& UserData() { VMA_HEAVY_ASSERT(!IsFree()); return userData; }
      |             ^
      |              _Nullable
/Users/runner/work/PTVisionPro/PTVisionPro/build/deps/vma-src/include/vk_mem_alloc.h:9222:13: note: insert '_Nonnull' if the pointer should never be null
 9222 |         void*& UserData() { VMA_HEAVY_ASSERT(!IsFree()); return userData; }
      |             ^
      |              _Nonnull
/Users/runner/work/PTVisionPro/PTVisionPro/build/deps/vma-src/include/vk_mem_alloc.h:9223:14: warning: pointer is missing a nullability type specifier (_Nonnull, _Nullable, or _Null_unspecified) [-Wnullability-completeness]
 9223 |         Block*& PrevFree() { return prevFree; }
      |              ^
/Users/runner/work/PTVisionPro/PTVisionPro/build/deps/vma-src/include/vk_mem_alloc.h:9223:14: note: insert '_Nullable' if the pointer may be null
 9223 |         Block*& PrevFree() { return prevFree; }
      |              ^
      |               _Nullable
/Users/runner/work/PTVisionPro/PTVisionPro/build/deps/vma-src/include/vk_mem_alloc.h:9223:14: note: insert '_Nonnull' if the pointer should never be null
 9223 |         Block*& PrevFree() { return prevFree; }
      |              ^
      |               _Nonnull
/Users/runner/work/PTVisionPro/PTVisionPro/build/deps/vma-src/include/vk_mem_alloc.h:9224:14: warning: pointer is missing a nullability type specifier (_Nonnull, _Nullable, or _Null_unspecified) [-Wnullability-completeness]
 9224 |         Block*& NextFree() { VMA_HEAVY_ASSERT(IsFree()); return nextFree; }
      |              ^
/Users/runner/work/PTVisionPro/PTVisionPro/build/deps/vma-src/include/vk_mem_alloc.h:9224:14: note: insert '_Nullable' if the pointer may be null
 9224 |         Block*& NextFree() { VMA_HEAVY_ASSERT(IsFree()); return nextFree; }
      |              ^
      |               _Nullable
/Users/runner/work/PTVisionPro/PTVisionPro/build/deps/vma-src/include/vk_mem_alloc.h:9224:14: note: insert '_Nonnull' if the pointer should never be null
 9224 |         Block*& NextFree() { VMA_HEAVY_ASSERT(IsFree()); return nextFree; }
      |              ^
      |               _Nonnull
/Users/runner/work/PTVisionPro/PTVisionPro/build/deps/vma-src/include/vk_mem_alloc.h:9227:14: warning: pointer is missing a nullability type specifier (_Nonnull, _Nullable, or _Null_unspecified) [-Wnullability-completeness]
 9227 |         Block* prevFree; // Address of the same block here indicates that block is taken
      |              ^
/Users/runner/work/PTVisionPro/PTVisionPro/build/deps/vma-src/include/vk_mem_alloc.h:9227:14: note: insert '_Nullable' if the pointer may be null
 9227 |         Block* prevFree; // Address of the same block here indicates that block is taken
      |              ^
      |                _Nullable
/Users/runner/work/PTVisionPro/PTVisionPro/build/deps/vma-src/include/vk_mem_alloc.h:9227:14: note: insert '_Nonnull' if the pointer should never be null
 9227 |         Block* prevFree; // Address of the same block here indicates that block is taken
      |              ^
      |                _Nonnull
/Users/runner/work/PTVisionPro/PTVisionPro/build/deps/vma-src/include/vk_mem_alloc.h:9230:18: warning: pointer is missing a nullability type specifier (_Nonnull, _Nullable, or _Null_unspecified) [-Wnullability-completeness]
 9230 |             Block* nextFree;
      |                  ^
/Users/runner/work/PTVisionPro/PTVisionPro/build/deps/vma-src/include/vk_mem_alloc.h:9230:18: note: insert '_Nullable' if the pointer may be null
 9230 |             Block* nextFree;
      |                  ^
      |                    _Nullable
/Users/runner/work/PTVisionPro/PTVisionPro/build/deps/vma-src/include/vk_mem_alloc.h:9230:18: note: insert '_Nonnull' if the pointer should never be null
 9230 |             Block* nextFree;
      |                  ^
      |                    _Nonnull
/Users/runner/work/PTVisionPro/PTVisionPro/build/deps/vma-src/include/vk_mem_alloc.h:9231:17: warning: pointer is missing a nullability type specifier (_Nonnull, _Nullable, or _Null_unspecified) [-Wnullability-completeness]
 9231 |             void* userData;
      |                 ^
/Users/runner/work/PTVisionPro/PTVisionPro/build/deps/vma-src/include/vk_mem_alloc.h:9231:17: note: insert '_Nullable' if the pointer may be null
 9231 |             void* userData;
      |                 ^
      |                   _Nullable
/Users/runner/work/PTVisionPro/PTVisionPro/build/deps/vma-src/include/vk_mem_alloc.h:9231:17: note: insert '_Nonnull' if the pointer should never be null
 9231 |             void* userData;
      |                 ^
      |                   _Nonnull
/Users/runner/work/PTVisionPro/PTVisionPro/build/deps/vma-src/include/vk_mem_alloc.h:9248:10: warning: pointer is missing a nullability type specifier (_Nonnull, _Nullable, or _Null_unspecified) [-Wnullability-completeness]
 9248 |     Block** m_FreeList;
      |          ^
/Users/runner/work/PTVisionPro/PTVisionPro/build/deps/vma-src/include/vk_mem_alloc.h:9248:10: note: insert '_Nullable' if the pointer may be null
 9248 |     Block** m_FreeList;
      |          ^
      |           _Nullable
/Users/runner/work/PTVisionPro/PTVisionPro/build/deps/vma-src/include/vk_mem_alloc.h:9248:10: note: insert '_Nonnull' if the pointer should never be null
 9248 |     Block** m_FreeList;
      |          ^
      |           _Nonnull
/Users/runner/work/PTVisionPro/PTVisionPro/build/deps/vma-src/include/vk_mem_alloc.h:9248:11: warning: pointer is missing a nullability type specifier (_Nonnull, _Nullable, or _Null_unspecified) [-Wnullability-completeness]
 9248 |     Block** m_FreeList;
      |           ^
/Users/runner/work/PTVisionPro/PTVisionPro/build/deps/vma-src/include/vk_mem_alloc.h:9248:11: note: insert '_Nullable' if the pointer may be null
 9248 |     Block** m_FreeList;
      |           ^
      |             _Nullable
/Users/runner/work/PTVisionPro/PTVisionPro/build/deps/vma-src/include/vk_mem_alloc.h:9248:11: note: insert '_Nonnull' if the pointer should never be null
 9248 |     Block** m_FreeList;
      |           ^
      |             _Nonnull
/Users/runner/work/PTVisionPro/PTVisionPro/build/deps/vma-src/include/vk_mem_alloc.h:9250:10: warning: pointer is missing a nullability type specifier (_Nonnull, _Nullable, or _Null_unspecified) [-Wnullability-completeness]
 9250 |     Block* m_NullBlock;
      |          ^
/Users/runner/work/PTVisionPro/PTVisionPro/build/deps/vma-src/include/vk_mem_alloc.h:9250:10: note: insert '_Nullable' if the pointer may be null
 9250 |     Block* m_NullBlock;
      |          ^
      |            _Nullable
/Users/runner/work/PTVisionPro/PTVisionPro/build/deps/vma-src/include/vk_mem_alloc.h:9250:10: note: insert '_Nonnull' if the pointer should never be null
 9250 |     Block* m_NullBlock;
      |          ^
      |            _Nonnull
/Users/runner/work/PTVisionPro/PTVisionPro/build/deps/vma-src/include/vk_mem_alloc.h:9258:31: warning: pointer is missing a nullability type specifier (_Nonnull, _Nullable, or _Null_unspecified) [-Wnullability-completeness]
 9258 |     void RemoveFreeBlock(Block* block);
      |                               ^
/Users/runner/work/PTVisionPro/PTVisionPro/build/deps/vma-src/include/vk_mem_alloc.h:9258:31: note: insert '_Nullable' if the pointer may be null
 9258 |     void RemoveFreeBlock(Block* block);
      |                               ^
      |                                 _Nullable
/Users/runner/work/PTVisionPro/PTVisionPro/build/deps/vma-src/include/vk_mem_alloc.h:9258:31: note: insert '_Nonnull' if the pointer should never be null
 9258 |     void RemoveFreeBlock(Block* block);
      |                               ^
      |                                 _Nonnull
/Users/runner/work/PTVisionPro/PTVisionPro/build/deps/vma-src/include/vk_mem_alloc.h:9259:31: warning: pointer is missing a nullability type specifier (_Nonnull, _Nullable, or _Null_unspecified) [-Wnullability-completeness]
 9259 |     void InsertFreeBlock(Block* block);
      |                               ^
/Users/runner/work/PTVisionPro/PTVisionPro/build/deps/vma-src/include/vk_mem_alloc.h:9259:31: note: insert '_Nullable' if the pointer may be null
 9259 |     void InsertFreeBlock(Block* block);
      |                               ^
      |                                 _Nullable
/Users/runner/work/PTVisionPro/PTVisionPro/build/deps/vma-src/include/vk_mem_alloc.h:9259:31: note: insert '_Nonnull' if the pointer should never be null
 9259 |     void InsertFreeBlock(Block* block);
      |                               ^
      |                                 _Nonnull
/Users/runner/work/PTVisionPro/PTVisionPro/build/deps/vma-src/include/vk_mem_alloc.h:9260:26: warning: pointer is missing a nullability type specifier (_Nonnull, _Nullable, or _Null_unspecified) [-Wnullability-completeness]
 9260 |     void MergeBlock(Block* block, Block* prev);
      |                          ^
/Users/runner/work/PTVisionPro/PTVisionPro/build/deps/vma-src/include/vk_mem_alloc.h:9260:26: note: insert '_Nullable' if the pointer may be null
 9260 |     void MergeBlock(Block* block, Block* prev);
      |                          ^
      |                            _Nullable
/Users/runner/work/PTVisionPro/PTVisionPro/build/deps/vma-src/include/vk_mem_alloc.h:9260:26: note: insert '_Nonnull' if the pointer should never be null
 9260 |     void MergeBlock(Block* block, Block* prev);
      |                          ^
      |                            _Nonnull
/Users/runner/work/PTVisionPro/PTVisionPro/build/deps/vma-src/include/vk_mem_alloc.h:9260:40: warning: pointer is missing a nullability type specifier (_Nonnull, _Nullable, or _Null_unspecified) [-Wnullability-completeness]
 9260 |     void MergeBlock(Block* block, Block* prev);
      |                                        ^
/Users/runner/work/PTVisionPro/PTVisionPro/build/deps/vma-src/include/vk_mem_alloc.h:9260:40: note: insert '_Nullable' if the pointer may be null
 9260 |     void MergeBlock(Block* block, Block* prev);
      |                                        ^
      |                                          _Nullable
/Users/runner/work/PTVisionPro/PTVisionPro/build/deps/vma-src/include/vk_mem_alloc.h:9260:40: note: insert '_Nonnull' if the pointer should never be null
 9260 |     void MergeBlock(Block* block, Block* prev);
      |                                        ^
      |                                          _Nonnull
/Users/runner/work/PTVisionPro/PTVisionPro/build/deps/vma-src/include/vk_mem_alloc.h:9262:10: warning: pointer is missing a nullability type specifier (_Nonnull, _Nullable, or _Null_unspecified) [-Wnullability-completeness]
 9262 |     Block* FindFreeBlock(VkDeviceSize size, uint32_t& listIndex) const;
      |          ^
/Users/runner/work/PTVisionPro/PTVisionPro/build/deps/vma-src/include/vk_mem_alloc.h:9262:10: note: insert '_Nullable' if the pointer may be null
 9262 |     Block* FindFreeBlock(VkDeviceSize size, uint32_t& listIndex) const;
      |          ^
      |            _Nullable
/Users/runner/work/PTVisionPro/PTVisionPro/build/deps/vma-src/include/vk_mem_alloc.h:9262:10: note: insert '_Nonnull' if the pointer should never be null
 9262 |     Block* FindFreeBlock(VkDeviceSize size, uint32_t& listIndex) const;
      |          ^
      |            _Nonnull
/Users/runner/work/PTVisionPro/PTVisionPro/build/deps/vma-src/include/vk_mem_alloc.h:9269:29: warning: pointer is missing a nullability type specifier (_Nonnull, _Nullable, or _Null_unspecified) [-Wnullability-completeness]
 9269 |         VmaAllocationRequest* pAllocationRequest);
      |                             ^
/Users/runner/work/PTVisionPro/PTVisionPro/build/deps/vma-src/include/vk_mem_alloc.h:9269:29: note: insert '_Nullable' if the pointer may be null
 9269 |         VmaAllocationRequest* pAllocationRequest);
      |                             ^
      |                               _Nullable
/Users/runner/work/PTVisionPro/PTVisionPro/build/deps/vma-src/include/vk_mem_alloc.h:9269:29: note: insert '_Nonnull' if the pointer should never be null
 9269 |         VmaAllocationRequest* pAllocationRequest);
      |                             ^
      |                               _Nonnull
/Users/runner/work/PTVisionPro/PTVisionPro/build/deps/vma-src/include/vk_mem_alloc.h:9273:73: warning: pointer is missing a nullability type specifier (_Nonnull, _Nullable, or _Null_unspecified) [-Wnullability-completeness]
 9273 | VmaBlockMetadata_TLSF::VmaBlockMetadata_TLSF(const VkAllocationCallbacks* pAllocationCallbacks,
      |                                                                         ^
/Users/runner/work/PTVisionPro/PTVisionPro/build/deps/vma-src/include/vk_mem_alloc.h:9273:73: note: insert '_Nullable' if the pointer may be null
 9273 | VmaBlockMetadata_TLSF::VmaBlockMetadata_TLSF(const VkAllocationCallbacks* pAllocationCallbacks,
      |                                                                         ^
      |                                                                           _Nullable
/Users/runner/work/PTVisionPro/PTVisionPro/build/deps/vma-src/include/vk_mem_alloc.h:9273:73: note: insert '_Nonnull' if the pointer should never be null
 9273 | VmaBlockMetadata_TLSF::VmaBlockMetadata_TLSF(const VkAllocationCallbacks* pAllocationCallbacks,
      |                                                                         ^
      |                                                                           _Nonnull
/Users/runner/work/PTVisionPro/PTVisionPro/build/deps/vma-src/include/vk_mem_alloc.h:9490:25: warning: pointer is missing a nullability type specifier (_Nonnull, _Nullable, or _Null_unspecified) [-Wnullability-completeness]
 9490 |     VmaAllocationRequest* pAllocationRequest)
      |                         ^
/Users/runner/work/PTVisionPro/PTVisionPro/build/deps/vma-src/include/vk_mem_alloc.h:9490:25: note: insert '_Nullable' if the pointer may be null
 9490 |     VmaAllocationRequest* pAllocationRequest)
      |                         ^
      |                           _Nullable
/Users/runner/work/PTVisionPro/PTVisionPro/build/deps/vma-src/include/vk_mem_alloc.h:9490:25: note: insert '_Nonnull' if the pointer should never be null
 9490 |     VmaAllocationRequest* pAllocationRequest)
      |                         ^
      |                           _Nonnull
/Users/runner/work/PTVisionPro/PTVisionPro/build/deps/vma-src/include/vk_mem_alloc.h:9646:59: warning: pointer is missing a nullability type specifier (_Nonnull, _Nullable, or _Null_unspecified) [-Wnullability-completeness]
 9646 | VkResult VmaBlockMetadata_TLSF::CheckCorruption(const void* pBlockData)
      |                                                           ^
/Users/runner/work/PTVisionPro/PTVisionPro/build/deps/vma-src/include/vk_mem_alloc.h:9646:59: note: insert '_Nullable' if the pointer may be null
 9646 | VkResult VmaBlockMetadata_TLSF::CheckCorruption(const void* pBlockData)
      |                                                           ^
      |                                                             _Nullable
/Users/runner/work/PTVisionPro/PTVisionPro/build/deps/vma-src/include/vk_mem_alloc.h:9646:59: note: insert '_Nonnull' if the pointer should never be null
 9646 | VkResult VmaBlockMetadata_TLSF::CheckCorruption(const void* pBlockData)
      |                                                           ^
      |                                                             _Nonnull
/Users/runner/work/PTVisionPro/PTVisionPro/build/deps/vma-src/include/vk_mem_alloc.h:9666:9: warning: pointer is missing a nullability type specifier (_Nonnull, _Nullable, or _Null_unspecified) [-Wnullability-completeness]
 9666 |     void* userData)
      |         ^
/Users/runner/work/PTVisionPro/PTVisionPro/build/deps/vma-src/include/vk_mem_alloc.h:9666:9: note: insert '_Nullable' if the pointer may be null
 9666 |     void* userData)
      |         ^
      |           _Nullable
/Users/runner/work/PTVisionPro/PTVisionPro/build/deps/vma-src/include/vk_mem_alloc.h:9666:9: note: insert '_Nonnull' if the pointer should never be null
 9666 |     void* userData)
      |         ^
      |           _Nonnull
/Users/runner/work/PTVisionPro/PTVisionPro/build/deps/vma-src/include/vk_mem_alloc.h:9789:34: warning: pointer is missing a nullability type specifier (_Nonnull, _Nullable, or _Null_unspecified) [-Wnullability-completeness]
 9789 | void VmaBlockMetadata_TLSF::Free(VmaAllocHandle allocHandle)
      |                                  ^
/Users/runner/work/PTVisionPro/PTVisionPro/build/deps/vma-src/include/vk_mem_alloc.h:9789:34: note: insert '_Nullable' if the pointer may be null
 9789 | void VmaBlockMetadata_TLSF::Free(VmaAllocHandle allocHandle)
      |                                  ^
      |                                                 _Nullable
/Users/runner/work/PTVisionPro/PTVisionPro/build/deps/vma-src/include/vk_mem_alloc.h:9789:34: note: insert '_Nonnull' if the pointer should never be null
 9789 | void VmaBlockMetadata_TLSF::Free(VmaAllocHandle allocHandle)
      |                                  ^
      |                                                 _Nonnull
/Users/runner/work/PTVisionPro/PTVisionPro/build/deps/vma-src/include/vk_mem_alloc.h:9828:47: warning: pointer is missing a nullability type specifier (_Nonnull, _Nullable, or _Null_unspecified) [-Wnullability-completeness]
 9828 | void VmaBlockMetadata_TLSF::GetAllocationInfo(VmaAllocHandle allocHandle, VmaVirtualAllocationInfo& outInfo)
      |                                               ^
/Users/runner/work/PTVisionPro/PTVisionPro/build/deps/vma-src/include/vk_mem_alloc.h:9828:47: note: insert '_Nullable' if the pointer may be null
 9828 | void VmaBlockMetadata_TLSF::GetAllocationInfo(VmaAllocHandle allocHandle, VmaVirtualAllocationInfo& outInfo)
      |                                               ^
      |                                                              _Nullable
/Users/runner/work/PTVisionPro/PTVisionPro/build/deps/vma-src/include/vk_mem_alloc.h:9828:47: note: insert '_Nonnull' if the pointer should never be null
 9828 | void VmaBlockMetadata_TLSF::GetAllocationInfo(VmaAllocHandle allocHandle, VmaVirtualAllocationInfo& outInfo)
      |                                               ^
      |                                                              _Nonnull
/Users/runner/work/PTVisionPro/PTVisionPro/build/deps/vma-src/include/vk_mem_alloc.h:9837:52: warning: pointer is missing a nullability type specifier (_Nonnull, _Nullable, or _Null_unspecified) [-Wnullability-completeness]
 9837 | void* VmaBlockMetadata_TLSF::GetAllocationUserData(VmaAllocHandle allocHandle) const
      |                                                    ^
/Users/runner/work/PTVisionPro/PTVisionPro/build/deps/vma-src/include/vk_mem_alloc.h:9837:52: note: insert '_Nullable' if the pointer may be null
 9837 | void* VmaBlockMetadata_TLSF::GetAllocationUserData(VmaAllocHandle allocHandle) const
      |                                                    ^
      |                                                                   _Nullable
/Users/runner/work/PTVisionPro/PTVisionPro/build/deps/vma-src/include/vk_mem_alloc.h:9837:52: note: insert '_Nonnull' if the pointer should never be null
 9837 | void* VmaBlockMetadata_TLSF::GetAllocationUserData(VmaAllocHandle allocHandle) const
      |                                                    ^
      |                                                                   _Nonnull
/Users/runner/work/PTVisionPro/PTVisionPro/build/deps/vma-src/include/vk_mem_alloc.h:9837:5: warning: pointer is missing a nullability type specifier (_Nonnull, _Nullable, or _Null_unspecified) [-Wnullability-completeness]
 9837 | void* VmaBlockMetadata_TLSF::GetAllocationUserData(VmaAllocHandle allocHandle) const
      |     ^
/Users/runner/work/PTVisionPro/PTVisionPro/build/deps/vma-src/include/vk_mem_alloc.h:9837:5: note: insert '_Nullable' if the pointer may be null
 9837 | void* VmaBlockMetadata_TLSF::GetAllocationUserData(VmaAllocHandle allocHandle) const
      |     ^
      |       _Nullable
/Users/runner/work/PTVisionPro/PTVisionPro/build/deps/vma-src/include/vk_mem_alloc.h:9837:5: note: insert '_Nonnull' if the pointer should never be null
 9837 | void* VmaBlockMetadata_TLSF::GetAllocationUserData(VmaAllocHandle allocHandle) const
      |     ^
      |       _Nonnull
/Users/runner/work/PTVisionPro/PTVisionPro/build/deps/vma-src/include/vk_mem_alloc.h:9844:1: warning: pointer is missing a nullability type specifier (_Nonnull, _Nullable, or _Null_unspecified) [-Wnullability-completeness]
 9844 | VmaAllocHandle VmaBlockMetadata_TLSF::GetAllocationListBegin() const
      | ^
/Users/runner/work/PTVisionPro/PTVisionPro/build/deps/vma-src/include/vk_mem_alloc.h:9844:1: note: insert '_Nullable' if the pointer may be null
 9844 | VmaAllocHandle VmaBlockMetadata_TLSF::GetAllocationListBegin() const
      | ^
      |                _Nullable
/Users/runner/work/PTVisionPro/PTVisionPro/build/deps/vma-src/include/vk_mem_alloc.h:9844:1: note: insert '_Nonnull' if the pointer should never be null
 9844 | VmaAllocHandle VmaBlockMetadata_TLSF::GetAllocationListBegin() const
      | ^
      |                _Nonnull
/Users/runner/work/PTVisionPro/PTVisionPro/build/deps/vma-src/include/vk_mem_alloc.h:9858:57: warning: pointer is missing a nullability type specifier (_Nonnull, _Nullable, or _Null_unspecified) [-Wnullability-completeness]
 9858 | VmaAllocHandle VmaBlockMetadata_TLSF::GetNextAllocation(VmaAllocHandle prevAlloc) const
      |                                                         ^
/Users/runner/work/PTVisionPro/PTVisionPro/build/deps/vma-src/include/vk_mem_alloc.h:9858:57: note: insert '_Nullable' if the pointer may be null
 9858 | VmaAllocHandle VmaBlockMetadata_TLSF::GetNextAllocation(VmaAllocHandle prevAlloc) const
      |                                                         ^
      |                                                                        _Nullable
/Users/runner/work/PTVisionPro/PTVisionPro/build/deps/vma-src/include/vk_mem_alloc.h:9858:57: note: insert '_Nonnull' if the pointer should never be null
 9858 | VmaAllocHandle VmaBlockMetadata_TLSF::GetNextAllocation(VmaAllocHandle prevAlloc) const
      |                                                         ^
      |                                                                        _Nonnull
/Users/runner/work/PTVisionPro/PTVisionPro/build/deps/vma-src/include/vk_mem_alloc.h:9858:1: warning: pointer is missing a nullability type specifier (_Nonnull, _Nullable, or _Null_unspecified) [-Wnullability-completeness]
 9858 | VmaAllocHandle VmaBlockMetadata_TLSF::GetNextAllocation(VmaAllocHandle prevAlloc) const
      | ^
/Users/runner/work/PTVisionPro/PTVisionPro/build/deps/vma-src/include/vk_mem_alloc.h:9858:1: note: insert '_Nullable' if the pointer may be null
 9858 | VmaAllocHandle VmaBlockMetadata_TLSF::GetNextAllocation(VmaAllocHandle prevAlloc) const
      | ^
      |                _Nullable
/Users/runner/work/PTVisionPro/PTVisionPro/build/deps/vma-src/include/vk_mem_alloc.h:9858:1: note: insert '_Nonnull' if the pointer should never be null
 9858 | VmaAllocHandle VmaBlockMetadata_TLSF::GetNextAllocation(VmaAllocHandle prevAlloc) const
      | ^
      |                _Nonnull
/Users/runner/work/PTVisionPro/PTVisionPro/build/deps/vma-src/include/vk_mem_alloc.h:9871:59: warning: pointer is missing a nullability type specifier (_Nonnull, _Nullable, or _Null_unspecified) [-Wnullability-completeness]
 9871 | VkDeviceSize VmaBlockMetadata_TLSF::GetNextFreeRegionSize(VmaAllocHandle alloc) const
      |                                                           ^
/Users/runner/work/PTVisionPro/PTVisionPro/build/deps/vma-src/include/vk_mem_alloc.h:9871:59: note: insert '_Nullable' if the pointer may be null
 9871 | VkDeviceSize VmaBlockMetadata_TLSF::GetNextFreeRegionSize(VmaAllocHandle alloc) const
      |                                                           ^
      |                                                                          _Nullable
/Users/runner/work/PTVisionPro/PTVisionPro/build/deps/vma-src/include/vk_mem_alloc.h:9871:59: note: insert '_Nonnull' if the pointer should never be null
 9871 | VkDeviceSize VmaBlockMetadata_TLSF::GetNextFreeRegionSize(VmaAllocHandle alloc) const
      |                                                           ^
      |                                                                          _Nonnull
/Users/runner/work/PTVisionPro/PTVisionPro/build/deps/vma-src/include/vk_mem_alloc.h:9902:51: warning: pointer is missing a nullability type specifier (_Nonnull, _Nullable, or _Null_unspecified) [-Wnullability-completeness]
 9902 | void VmaBlockMetadata_TLSF::SetAllocationUserData(VmaAllocHandle allocHandle, void* userData)
      |                                                   ^
/Users/runner/work/PTVisionPro/PTVisionPro/build/deps/vma-src/include/vk_mem_alloc.h:9902:51: note: insert '_Nullable' if the pointer may be null
 9902 | void VmaBlockMetadata_TLSF::SetAllocationUserData(VmaAllocHandle allocHandle, void* userData)
      |                                                   ^
      |                                                                  _Nullable
/Users/runner/work/PTVisionPro/PTVisionPro/build/deps/vma-src/include/vk_mem_alloc.h:9902:51: note: insert '_Nonnull' if the pointer should never be null
 9902 | void VmaBlockMetadata_TLSF::SetAllocationUserData(VmaAllocHandle allocHandle, void* userData)
      |                                                   ^
      |                                                                  _Nonnull
/Users/runner/work/PTVisionPro/PTVisionPro/build/deps/vma-src/include/vk_mem_alloc.h:9902:83: warning: pointer is missing a nullability type specifier (_Nonnull, _Nullable, or _Null_unspecified) [-Wnullability-completeness]
 9902 | void VmaBlockMetadata_TLSF::SetAllocationUserData(VmaAllocHandle allocHandle, void* userData)
      |                                                                                   ^
/Users/runner/work/PTVisionPro/PTVisionPro/build/deps/vma-src/include/vk_mem_alloc.h:9902:83: note: insert '_Nullable' if the pointer may be null
 9902 | void VmaBlockMetadata_TLSF::SetAllocationUserData(VmaAllocHandle allocHandle, void* userData)
      |                                                                                   ^
      |                                                                                     _Nullable
/Users/runner/work/PTVisionPro/PTVisionPro/build/deps/vma-src/include/vk_mem_alloc.h:9902:83: note: insert '_Nonnull' if the pointer should never be null
 9902 | void VmaBlockMetadata_TLSF::SetAllocationUserData(VmaAllocHandle allocHandle, void* userData)
      |                                                                                   ^
      |                                                                                     _Nonnull
/Users/runner/work/PTVisionPro/PTVisionPro/build/deps/vma-src/include/vk_mem_alloc.h:9951:50: warning: pointer is missing a nullability type specifier (_Nonnull, _Nullable, or _Null_unspecified) [-Wnullability-completeness]
 9951 | void VmaBlockMetadata_TLSF::RemoveFreeBlock(Block* block)
      |                                                  ^
/Users/runner/work/PTVisionPro/PTVisionPro/build/deps/vma-src/include/vk_mem_alloc.h:9951:50: note: insert '_Nullable' if the pointer may be null
 9951 | void VmaBlockMetadata_TLSF::RemoveFreeBlock(Block* block)
      |                                                  ^
      |                                                    _Nullable
/Users/runner/work/PTVisionPro/PTVisionPro/build/deps/vma-src/include/vk_mem_alloc.h:9951:50: note: insert '_Nonnull' if the pointer should never be null
 9951 | void VmaBlockMetadata_TLSF::RemoveFreeBlock(Block* block)
      |                                                  ^
      |                                                    _Nonnull
/Users/runner/work/PTVisionPro/PTVisionPro/build/deps/vma-src/include/vk_mem_alloc.h:9980:50: warning: pointer is missing a nullability type specifier (_Nonnull, _Nullable, or _Null_unspecified) [-Wnullability-completeness]
 9980 | void VmaBlockMetadata_TLSF::InsertFreeBlock(Block* block)
      |                                                  ^
/Users/runner/work/PTVisionPro/PTVisionPro/build/deps/vma-src/include/vk_mem_alloc.h:9980:50: note: insert '_Nullable' if the pointer may be null
 9980 | void VmaBlockMetadata_TLSF::InsertFreeBlock(Block* block)
      |                                                  ^
      |                                                    _Nullable
/Users/runner/work/PTVisionPro/PTVisionPro/build/deps/vma-src/include/vk_mem_alloc.h:9980:50: note: insert '_Nonnull' if the pointer should never be null
 9980 | void VmaBlockMetadata_TLSF::InsertFreeBlock(Block* block)
      |                                                  ^
      |                                                    _Nonnull
/Users/runner/work/PTVisionPro/PTVisionPro/build/deps/vma-src/include/vk_mem_alloc.h:10003:45: warning: pointer is missing a nullability type specifier (_Nonnull, _Nullable, or _Null_unspecified) [-Wnullability-completeness]
 10003 | void VmaBlockMetadata_TLSF::MergeBlock(Block* block, Block* prev)
       |                                             ^
/Users/runner/work/PTVisionPro/PTVisionPro/build/deps/vma-src/include/vk_mem_alloc.h:10003:45: note: insert '_Nullable' if the pointer may be null
 10003 | void VmaBlockMetadata_TLSF::MergeBlock(Block* block, Block* prev)
       |                                             ^
       |                                               _Nullable
/Users/runner/work/PTVisionPro/PTVisionPro/build/deps/vma-src/include/vk_mem_alloc.h:10003:45: note: insert '_Nonnull' if the pointer should never be null
 10003 | void VmaBlockMetadata_TLSF::MergeBlock(Block* block, Block* prev)
       |                                             ^
       |                                               _Nonnull
/Users/runner/work/PTVisionPro/PTVisionPro/build/deps/vma-src/include/vk_mem_alloc.h:10003:59: warning: pointer is missing a nullability type specifier (_Nonnull, _Nullable, or _Null_unspecified) [-Wnullability-completeness]
 10003 | void VmaBlockMetadata_TLSF::MergeBlock(Block* block, Block* prev)
       |                                                           ^
/Users/runner/work/PTVisionPro/PTVisionPro/build/deps/vma-src/include/vk_mem_alloc.h:10003:59: note: insert '_Nullable' if the pointer may be null
 10003 | void VmaBlockMetadata_TLSF::MergeBlock(Block* block, Block* prev)
       |                                                           ^
       |                                                             _Nullable
/Users/runner/work/PTVisionPro/PTVisionPro/build/deps/vma-src/include/vk_mem_alloc.h:10003:59: note: insert '_Nonnull' if the pointer should never be null
 10003 | void VmaBlockMetadata_TLSF::MergeBlock(Block* block, Block* prev)
       |                                                           ^
       |                                                             _Nonnull
/Users/runner/work/PTVisionPro/PTVisionPro/build/deps/vma-src/include/vk_mem_alloc.h:10016:29: warning: pointer is missing a nullability type specifier (_Nonnull, _Nullable, or _Null_unspecified) [-Wnullability-completeness]
 10016 | VmaBlockMetadata_TLSF::Block* VmaBlockMetadata_TLSF::FindFreeBlock(VkDeviceSize size, uint32_t& listIndex) const
       |                             ^
/Users/runner/work/PTVisionPro/PTVisionPro/build/deps/vma-src/include/vk_mem_alloc.h:10016:29: note: insert '_Nullable' if the pointer may be null
 10016 | VmaBlockMetadata_TLSF::Block* VmaBlockMetadata_TLSF::FindFreeBlock(VkDeviceSize size, uint32_t& listIndex) const
       |                             ^
       |                               _Nullable
/Users/runner/work/PTVisionPro/PTVisionPro/build/deps/vma-src/include/vk_mem_alloc.h:10016:29: note: insert '_Nonnull' if the pointer should never be null
 10016 | VmaBlockMetadata_TLSF::Block* VmaBlockMetadata_TLSF::FindFreeBlock(VkDeviceSize size, uint32_t& listIndex) const
       |                             ^
       |                               _Nonnull
/Users/runner/work/PTVisionPro/PTVisionPro/build/deps/vma-src/include/vk_mem_alloc.h:10044:25: warning: pointer is missing a nullability type specifier (_Nonnull, _Nullable, or _Null_unspecified) [-Wnullability-completeness]
 10044 |     VmaAllocationRequest* pAllocationRequest)
       |                         ^
/Users/runner/work/PTVisionPro/PTVisionPro/build/deps/vma-src/include/vk_mem_alloc.h:10044:25: note: insert '_Nullable' if the pointer may be null
 10044 |     VmaAllocationRequest* pAllocationRequest)
       |                         ^
       |                           _Nullable
/Users/runner/work/PTVisionPro/PTVisionPro/build/deps/vma-src/include/vk_mem_alloc.h:10044:25: note: insert '_Nonnull' if the pointer should never be null
 10044 |     VmaAllocationRequest* pAllocationRequest)
       |                         ^
       |                           _Nonnull
/Users/runner/work/PTVisionPro/PTVisionPro/build/deps/vma-src/include/vk_mem_alloc.h:10095:9: warning: pointer is missing a nullability type specifier (_Nonnull, _Nullable, or _Null_unspecified) [-Wnullability-completeness]
 10095 |         VmaAllocator hAllocator,
       |         ^
/Users/runner/work/PTVisionPro/PTVisionPro/build/deps/vma-src/include/vk_mem_alloc.h:10095:9: note: insert '_Nullable' if the pointer may be null
 10095 |         VmaAllocator hAllocator,
       |         ^
       |                      _Nullable
/Users/runner/work/PTVisionPro/PTVisionPro/build/deps/vma-src/include/vk_mem_alloc.h:10095:9: note: insert '_Nonnull' if the pointer should never be null
 10095 |         VmaAllocator hAllocator,
       |         ^
       |                      _Nonnull
/Users/runner/work/PTVisionPro/PTVisionPro/build/deps/vma-src/include/vk_mem_alloc.h:10096:9: warning: pointer is missing a nullability type specifier (_Nonnull, _Nullable, or _Null_unspecified) [-Wnullability-completeness]
 10096 |         VmaPool hParentPool,
       |         ^
/Users/runner/work/PTVisionPro/PTVisionPro/build/deps/vma-src/include/vk_mem_alloc.h:10096:9: note: insert '_Nullable' if the pointer may be null
 10096 |         VmaPool hParentPool,
       |         ^
       |                 _Nullable
/Users/runner/work/PTVisionPro/PTVisionPro/build/deps/vma-src/include/vk_mem_alloc.h:10096:9: note: insert '_Nonnull' if the pointer should never be null
 10096 |         VmaPool hParentPool,
       |         ^
       |                 _Nonnull
/Users/runner/work/PTVisionPro/PTVisionPro/build/deps/vma-src/include/vk_mem_alloc.h:10106:13: warning: pointer is missing a nullability type specifier (_Nonnull, _Nullable, or _Null_unspecified) [-Wnullability-completeness]
 10106 |         void* pMemoryAllocateNext);
       |             ^
/Users/runner/work/PTVisionPro/PTVisionPro/build/deps/vma-src/include/vk_mem_alloc.h:10106:13: note: insert '_Nullable' if the pointer may be null
 10106 |         void* pMemoryAllocateNext);
       |             ^
       |               _Nullable
/Users/runner/work/PTVisionPro/PTVisionPro/build/deps/vma-src/include/vk_mem_alloc.h:10106:13: note: insert '_Nonnull' if the pointer should never be null
 10106 |         void* pMemoryAllocateNext);
       |             ^
       |               _Nonnull
/Users/runner/work/PTVisionPro/PTVisionPro/build/deps/vma-src/include/vk_mem_alloc.h:10109:5: warning: pointer is missing a nullability type specifier (_Nonnull, _Nullable, or _Null_unspecified) [-Wnullability-completeness]
 10109 |     VmaAllocator GetAllocator() const { return m_hAllocator; }
       |     ^
/Users/runner/work/PTVisionPro/PTVisionPro/build/deps/vma-src/include/vk_mem_alloc.h:10109:5: note: insert '_Nullable' if the pointer may be null
 10109 |     VmaAllocator GetAllocator() const { return m_hAllocator; }
       |     ^
       |                  _Nullable
/Users/runner/work/PTVisionPro/PTVisionPro/build/deps/vma-src/include/vk_mem_alloc.h:10109:5: note: insert '_Nonnull' if the pointer should never be null
 10109 |     VmaAllocator GetAllocator() const { return m_hAllocator; }
       |     ^
       |                  _Nonnull
/Users/runner/work/PTVisionPro/PTVisionPro/build/deps/vma-src/include/vk_mem_alloc.h:10110:5: warning: pointer is missing a nullability type specifier (_Nonnull, _Nullable, or _Null_unspecified) [-Wnullability-completeness]
 10110 |     VmaPool GetParentPool() const { return m_hParentPool; }
       |     ^
/Users/runner/work/PTVisionPro/PTVisionPro/build/deps/vma-src/include/vk_mem_alloc.h:10110:5: note: insert '_Nullable' if the pointer may be null
 10110 |     VmaPool GetParentPool() const { return m_hParentPool; }
       |     ^
       |             _Nullable
/Users/runner/work/PTVisionPro/PTVisionPro/build/deps/vma-src/include/vk_mem_alloc.h:10110:5: note: insert '_Nonnull' if the pointer should never be null
 10110 |     VmaPool GetParentPool() const { return m_hParentPool; }
       |     ^
       |             _Nonnull
/Users/runner/work/PTVisionPro/PTVisionPro/build/deps/vma-src/include/vk_mem_alloc.h:10118:15: warning: pointer is missing a nullability type specifier (_Nonnull, _Nullable, or _Null_unspecified) [-Wnullability-completeness]
 10118 |     const void* GetAllocationNextPtr() const { return m_pMemoryAllocateNext; }
       |               ^
/Users/runner/work/PTVisionPro/PTVisionPro/build/deps/vma-src/include/vk_mem_alloc.h:10118:15: note: insert '_Nullable' if the pointer may be null
 10118 |     const void* GetAllocationNextPtr() const { return m_pMemoryAllocateNext; }
       |               ^
       |                 _Nullable
/Users/runner/work/PTVisionPro/PTVisionPro/build/deps/vma-src/include/vk_mem_alloc.h:10118:15: note: insert '_Nonnull' if the pointer should never be null
 10118 |     const void* GetAllocationNextPtr() const { return m_pMemoryAllocateNext; }
       |               ^
       |                 _Nonnull
/Users/runner/work/PTVisionPro/PTVisionPro/build/deps/vma-src/include/vk_mem_alloc.h:10122:25: warning: pointer is missing a nullability type specifier (_Nonnull, _Nullable, or _Null_unspecified) [-Wnullability-completeness]
 10122 |     VmaDeviceMemoryBlock* GetBlock(size_t index) const { return m_Blocks[index]; }
       |                         ^
/Users/runner/work/PTVisionPro/PTVisionPro/build/deps/vma-src/include/vk_mem_alloc.h:10122:25: note: insert '_Nullable' if the pointer may be null
 10122 |     VmaDeviceMemoryBlock* GetBlock(size_t index) const { return m_Blocks[index]; }
       |                         ^
       |                           _Nullable
/Users/runner/work/PTVisionPro/PTVisionPro/build/deps/vma-src/include/vk_mem_alloc.h:10122:25: note: insert '_Nonnull' if the pointer should never be null
 10122 |     VmaDeviceMemoryBlock* GetBlock(size_t index) const { return m_Blocks[index]; }
       |                         ^
       |                           _Nonnull
/Users/runner/work/PTVisionPro/PTVisionPro/build/deps/vma-src/include/vk_mem_alloc.h:10137:9: warning: pointer is missing a nullability type specifier (_Nonnull, _Nullable, or _Null_unspecified) [-Wnullability-completeness]
 10137 |         VmaAllocation* pAllocations);
       |         ^
/Users/runner/work/PTVisionPro/PTVisionPro/build/deps/vma-src/include/vk_mem_alloc.h:10137:9: note: insert '_Nullable' if the pointer may be null
 10137 |         VmaAllocation* pAllocations);
       |         ^            
       |                       _Nullable 
/Users/runner/work/PTVisionPro/PTVisionPro/build/deps/vma-src/include/vk_mem_alloc.h:10137:9: note: insert '_Nonnull' if the pointer should never be null
 10137 |         VmaAllocation* pAllocations);
       |         ^            
       |                       _Nonnull 
/Users/runner/work/PTVisionPro/PTVisionPro/build/deps/vma-src/include/vk_mem_alloc.h:10137:22: warning: pointer is missing a nullability type specifier (_Nonnull, _Nullable, or _Null_unspecified) [-Wnullability-completeness]
 10137 |         VmaAllocation* pAllocations);
       |                      ^
/Users/runner/work/PTVisionPro/PTVisionPro/build/deps/vma-src/include/vk_mem_alloc.h:10137:22: note: insert '_Nullable' if the pointer may be null
 10137 |         VmaAllocation* pAllocations);
       |                      ^
       |                        _Nullable
/Users/runner/work/PTVisionPro/PTVisionPro/build/deps/vma-src/include/vk_mem_alloc.h:10137:22: note: insert '_Nonnull' if the pointer should never be null
 10137 |         VmaAllocation* pAllocations);
       |                      ^
       |                        _Nonnull
/Users/runner/work/PTVisionPro/PTVisionPro/build/deps/vma-src/include/vk_mem_alloc.h:10139:15: warning: pointer is missing a nullability type specifier (_Nonnull, _Nullable, or _Null_unspecified) [-Wnullability-completeness]
 10139 |     void Free(VmaAllocation hAllocation);
       |               ^
/Users/runner/work/PTVisionPro/PTVisionPro/build/deps/vma-src/include/vk_mem_alloc.h:10139:15: note: insert '_Nullable' if the pointer may be null
 10139 |     void Free(VmaAllocation hAllocation);
       |               ^
       |                             _Nullable
/Users/runner/work/PTVisionPro/PTVisionPro/build/deps/vma-src/include/vk_mem_alloc.h:10139:15: note: insert '_Nonnull' if the pointer should never be null
 10139 |     void Free(VmaAllocation hAllocation);
       |               ^
       |                             _Nonnull
/Users/runner/work/PTVisionPro/PTVisionPro/build/deps/vma-src/include/vk_mem_alloc.h:10148:11: warning: pointer is missing a nullability type specifier (_Nonnull, _Nullable, or _Null_unspecified) [-Wnullability-completeness]
 10148 |     const VmaAllocator m_hAllocator;
       |           ^
/Users/runner/work/PTVisionPro/PTVisionPro/build/deps/vma-src/include/vk_mem_alloc.h:10148:11: note: insert '_Nullable' if the pointer may be null
 10148 |     const VmaAllocator m_hAllocator;
       |           ^
       |                        _Nullable
/Users/runner/work/PTVisionPro/PTVisionPro/build/deps/vma-src/include/vk_mem_alloc.h:10148:11: note: insert '_Nonnull' if the pointer should never be null
 10148 |     const VmaAllocator m_hAllocator;
       |           ^
       |                        _Nonnull
/Users/runner/work/PTVisionPro/PTVisionPro/build/deps/vma-src/include/vk_mem_alloc.h:10149:11: warning: pointer is missing a nullability type specifier (_Nonnull, _Nullable, or _Null_unspecified) [-Wnullability-completeness]
 10149 |     const VmaPool m_hParentPool;
       |           ^
/Users/runner/work/PTVisionPro/PTVisionPro/build/deps/vma-src/include/vk_mem_alloc.h:10149:11: note: insert '_Nullable' if the pointer may be null
 10149 |     const VmaPool m_hParentPool;
       |           ^
       |                   _Nullable
/Users/runner/work/PTVisionPro/PTVisionPro/build/deps/vma-src/include/vk_mem_alloc.h:10149:11: note: insert '_Nonnull' if the pointer should never be null
 10149 |     const VmaPool m_hParentPool;
       |           ^
       |                   _Nonnull
/Users/runner/work/PTVisionPro/PTVisionPro/build/deps/vma-src/include/vk_mem_alloc.h:10160:9: warning: pointer is missing a nullability type specifier (_Nonnull, _Nullable, or _Null_unspecified) [-Wnullability-completeness]
 10160 |     void* const m_pMemoryAllocateNext;
       |         ^
/Users/runner/work/PTVisionPro/PTVisionPro/build/deps/vma-src/include/vk_mem_alloc.h:10160:9: note: insert '_Nullable' if the pointer may be null
 10160 |     void* const m_pMemoryAllocateNext;
       |         ^
       |           _Nullable
/Users/runner/work/PTVisionPro/PTVisionPro/build/deps/vma-src/include/vk_mem_alloc.h:10160:9: note: insert '_Nonnull' if the pointer should never be null
 10160 |     void* const m_pMemoryAllocateNext;
       |         ^
       |           _Nonnull
/Users/runner/work/PTVisionPro/PTVisionPro/build/deps/vma-src/include/vk_mem_alloc.h:10171:37: warning: pointer is missing a nullability type specifier (_Nonnull, _Nullable, or _Null_unspecified) [-Wnullability-completeness]
 10171 |     void Remove(VmaDeviceMemoryBlock* pBlock);
       |                                     ^
/Users/runner/work/PTVisionPro/PTVisionPro/build/deps/vma-src/include/vk_mem_alloc.h:10171:37: note: insert '_Nullable' if the pointer may be null
 10171 |     void Remove(VmaDeviceMemoryBlock* pBlock);
       |                                     ^
       |                                       _Nullable
/Users/runner/work/PTVisionPro/PTVisionPro/build/deps/vma-src/include/vk_mem_alloc.h:10171:37: note: insert '_Nonnull' if the pointer should never be null
 10171 |     void Remove(VmaDeviceMemoryBlock* pBlock);
       |                                     ^
       |                                       _Nonnull
/Users/runner/work/PTVisionPro/PTVisionPro/build/deps/vma-src/include/vk_mem_alloc.h:10182:9: warning: pointer is missing a nullability type specifier (_Nonnull, _Nullable, or _Null_unspecified) [-Wnullability-completeness]
 10182 |         VmaAllocation* pAllocation);
       |         ^
/Users/runner/work/PTVisionPro/PTVisionPro/build/deps/vma-src/include/vk_mem_alloc.h:10182:9: note: insert '_Nullable' if the pointer may be null
 10182 |         VmaAllocation* pAllocation);
       |         ^            
       |                       _Nullable 
/Users/runner/work/PTVisionPro/PTVisionPro/build/deps/vma-src/include/vk_mem_alloc.h:10182:9: note: insert '_Nonnull' if the pointer should never be null
 10182 |         VmaAllocation* pAllocation);
       |         ^            
       |                       _Nonnull 
/Users/runner/work/PTVisionPro/PTVisionPro/build/deps/vma-src/include/vk_mem_alloc.h:10182:22: warning: pointer is missing a nullability type specifier (_Nonnull, _Nullable, or _Null_unspecified) [-Wnullability-completeness]
 10182 |         VmaAllocation* pAllocation);
       |                      ^
/Users/runner/work/PTVisionPro/PTVisionPro/build/deps/vma-src/include/vk_mem_alloc.h:10182:22: note: insert '_Nullable' if the pointer may be null
 10182 |         VmaAllocation* pAllocation);
       |                      ^
       |                        _Nullable
/Users/runner/work/PTVisionPro/PTVisionPro/build/deps/vma-src/include/vk_mem_alloc.h:10182:22: note: insert '_Nonnull' if the pointer should never be null
 10182 |         VmaAllocation* pAllocation);
       |                      ^
       |                        _Nonnull
/Users/runner/work/PTVisionPro/PTVisionPro/build/deps/vma-src/include/vk_mem_alloc.h:10185:29: warning: pointer is missing a nullability type specifier (_Nonnull, _Nullable, or _Null_unspecified) [-Wnullability-completeness]
 10185 |         VmaDeviceMemoryBlock* pBlock,
       |                             ^
/Users/runner/work/PTVisionPro/PTVisionPro/build/deps/vma-src/include/vk_mem_alloc.h:10185:29: note: insert '_Nullable' if the pointer may be null
 10185 |         VmaDeviceMemoryBlock* pBlock,
       |                             ^
       |                               _Nullable
/Users/runner/work/PTVisionPro/PTVisionPro/build/deps/vma-src/include/vk_mem_alloc.h:10185:29: note: insert '_Nonnull' if the pointer should never be null
 10185 |         VmaDeviceMemoryBlock* pBlock,
       |                             ^
       |                               _Nonnull
/Users/runner/work/PTVisionPro/PTVisionPro/build/deps/vma-src/include/vk_mem_alloc.h:10189:13: warning: pointer is missing a nullability type specifier (_Nonnull, _Nullable, or _Null_unspecified) [-Wnullability-completeness]
 10189 |         void* pUserData,
       |             ^
/Users/runner/work/PTVisionPro/PTVisionPro/build/deps/vma-src/include/vk_mem_alloc.h:10189:13: note: insert '_Nullable' if the pointer may be null
 10189 |         void* pUserData,
       |             ^
       |               _Nullable
/Users/runner/work/PTVisionPro/PTVisionPro/build/deps/vma-src/include/vk_mem_alloc.h:10189:13: note: insert '_Nonnull' if the pointer should never be null
 10189 |         void* pUserData,
       |             ^
       |               _Nonnull
/Users/runner/work/PTVisionPro/PTVisionPro/build/deps/vma-src/include/vk_mem_alloc.h:10192:9: warning: pointer is missing a nullability type specifier (_Nonnull, _Nullable, or _Null_unspecified) [-Wnullability-completeness]
 10192 |         VmaAllocation* pAllocation);
       |         ^
/Users/runner/work/PTVisionPro/PTVisionPro/build/deps/vma-src/include/vk_mem_alloc.h:10192:9: note: insert '_Nullable' if the pointer may be null
 10192 |         VmaAllocation* pAllocation);
       |         ^            
       |                       _Nullable 
/Users/runner/work/PTVisionPro/PTVisionPro/build/deps/vma-src/include/vk_mem_alloc.h:10192:9: note: insert '_Nonnull' if the pointer should never be null
 10192 |         VmaAllocation* pAllocation);
       |         ^            
       |                       _Nonnull 
/Users/runner/work/PTVisionPro/PTVisionPro/build/deps/vma-src/include/vk_mem_alloc.h:10192:22: warning: pointer is missing a nullability type specifier (_Nonnull, _Nullable, or _Null_unspecified) [-Wnullability-completeness]
 10192 |         VmaAllocation* pAllocation);
       |                      ^
/Users/runner/work/PTVisionPro/PTVisionPro/build/deps/vma-src/include/vk_mem_alloc.h:10192:22: note: insert '_Nullable' if the pointer may be null
 10192 |         VmaAllocation* pAllocation);
       |                      ^
       |                        _Nullable
/Users/runner/work/PTVisionPro/PTVisionPro/build/deps/vma-src/include/vk_mem_alloc.h:10192:22: note: insert '_Nonnull' if the pointer should never be null
 10192 |         VmaAllocation* pAllocation);
       |                      ^
       |                        _Nonnull
/Users/runner/work/PTVisionPro/PTVisionPro/build/deps/vma-src/include/vk_mem_alloc.h:10196:29: warning: pointer is missing a nullability type specifier (_Nonnull, _Nullable, or _Null_unspecified) [-Wnullability-completeness]
 10196 |         VmaDeviceMemoryBlock* pBlock,
       |                             ^
/Users/runner/work/PTVisionPro/PTVisionPro/build/deps/vma-src/include/vk_mem_alloc.h:10196:29: note: insert '_Nullable' if the pointer may be null
 10196 |         VmaDeviceMemoryBlock* pBlock,
       |                             ^
       |                               _Nullable
/Users/runner/work/PTVisionPro/PTVisionPro/build/deps/vma-src/include/vk_mem_alloc.h:10196:29: note: insert '_Nonnull' if the pointer should never be null
 10196 |         VmaDeviceMemoryBlock* pBlock,
       |                             ^
       |                               _Nonnull
/Users/runner/work/PTVisionPro/PTVisionPro/build/deps/vma-src/include/vk_mem_alloc.h:10199:13: warning: pointer is missing a nullability type specifier (_Nonnull, _Nullable, or _Null_unspecified) [-Wnullability-completeness]
 10199 |         void* pUserData,
       |             ^
/Users/runner/work/PTVisionPro/PTVisionPro/build/deps/vma-src/include/vk_mem_alloc.h:10199:13: note: insert '_Nullable' if the pointer may be null
 10199 |         void* pUserData,
       |             ^
       |               _Nullable
/Users/runner/work/PTVisionPro/PTVisionPro/build/deps/vma-src/include/vk_mem_alloc.h:10199:13: note: insert '_Nonnull' if the pointer should never be null
 10199 |         void* pUserData,
       |             ^
       |               _Nonnull
/Users/runner/work/PTVisionPro/PTVisionPro/build/deps/vma-src/include/vk_mem_alloc.h:10201:9: warning: pointer is missing a nullability type specifier (_Nonnull, _Nullable, or _Null_unspecified) [-Wnullability-completeness]
 10201 |         VmaAllocation* pAllocation);
       |         ^
/Users/runner/work/PTVisionPro/PTVisionPro/build/deps/vma-src/include/vk_mem_alloc.h:10201:9: note: insert '_Nullable' if the pointer may be null
 10201 |         VmaAllocation* pAllocation);
       |         ^            
       |                       _Nullable 
/Users/runner/work/PTVisionPro/PTVisionPro/build/deps/vma-src/include/vk_mem_alloc.h:10201:9: note: insert '_Nonnull' if the pointer should never be null
 10201 |         VmaAllocation* pAllocation);
       |         ^            
       |                       _Nonnull 
/Users/runner/work/PTVisionPro/PTVisionPro/build/deps/vma-src/include/vk_mem_alloc.h:10201:22: warning: pointer is missing a nullability type specifier (_Nonnull, _Nullable, or _Null_unspecified) [-Wnullability-completeness]
 10201 |         VmaAllocation* pAllocation);
       |                      ^
/Users/runner/work/PTVisionPro/PTVisionPro/build/deps/vma-src/include/vk_mem_alloc.h:10201:22: note: insert '_Nullable' if the pointer may be null
 10201 |         VmaAllocation* pAllocation);
       |                      ^
       |                        _Nullable
/Users/runner/work/PTVisionPro/PTVisionPro/build/deps/vma-src/include/vk_mem_alloc.h:10201:22: note: insert '_Nonnull' if the pointer should never be null
 10201 |         VmaAllocation* pAllocation);
       |                      ^
       |                        _Nonnull
/Users/runner/work/PTVisionPro/PTVisionPro/build/deps/vma-src/include/vk_mem_alloc.h:10203:56: warning: pointer is missing a nullability type specifier (_Nonnull, _Nullable, or _Null_unspecified) [-Wnullability-completeness]
 10203 |     VkResult CreateBlock(VkDeviceSize blockSize, size_t* pNewBlockIndex);
       |                                                        ^
/Users/runner/work/PTVisionPro/PTVisionPro/build/deps/vma-src/include/vk_mem_alloc.h:10203:56: note: insert '_Nullable' if the pointer may be null
 10203 |     VkResult CreateBlock(VkDeviceSize blockSize, size_t* pNewBlockIndex);
       |                                                        ^
       |                                                          _Nullable
/Users/runner/work/PTVisionPro/PTVisionPro/build/deps/vma-src/include/vk_mem_alloc.h:10203:56: note: insert '_Nonnull' if the pointer should never be null
 10203 |     VkResult CreateBlock(VkDeviceSize blockSize, size_t* pNewBlockIndex);
       |                                                        ^
       |                                                          _Nonnull
/Users/runner/work/PTVisionPro/PTVisionPro/build/deps/vma-src/include/vk_mem_alloc.h:10214:9: warning: pointer is missing a nullability type specifier (_Nonnull, _Nullable, or _Null_unspecified) [-Wnullability-completeness]
 10214 |         VmaAllocator hAllocator,
       |         ^
/Users/runner/work/PTVisionPro/PTVisionPro/build/deps/vma-src/include/vk_mem_alloc.h:10214:9: note: insert '_Nullable' if the pointer may be null
 10214 |         VmaAllocator hAllocator,
       |         ^
       |                      _Nullable
/Users/runner/work/PTVisionPro/PTVisionPro/build/deps/vma-src/include/vk_mem_alloc.h:10214:9: note: insert '_Nonnull' if the pointer should never be null
 10214 |         VmaAllocator hAllocator,
       |         ^
       |                      _Nonnull
/Users/runner/work/PTVisionPro/PTVisionPro/build/deps/vma-src/include/vk_mem_alloc.h:10231:29: warning: pointer is missing a nullability type specifier (_Nonnull, _Nullable, or _Null_unspecified) [-Wnullability-completeness]
 10231 |         VmaDeviceMemoryBlock* block;
       |                             ^
/Users/runner/work/PTVisionPro/PTVisionPro/build/deps/vma-src/include/vk_mem_alloc.h:10231:29: note: insert '_Nullable' if the pointer may be null
 10231 |         VmaDeviceMemoryBlock* block;
       |                             ^
       |                               _Nullable
/Users/runner/work/PTVisionPro/PTVisionPro/build/deps/vma-src/include/vk_mem_alloc.h:10231:29: note: insert '_Nonnull' if the pointer should never be null
 10231 |         VmaDeviceMemoryBlock* block;
       |                             ^
       |                               _Nonnull
/Users/runner/work/PTVisionPro/PTVisionPro/build/deps/vma-src/include/vk_mem_alloc.h:10261:11: warning: pointer is missing a nullability type specifier (_Nonnull, _Nullable, or _Null_unspecified) [-Wnullability-completeness]
 10261 |     const PFN_vmaCheckDefragmentationBreakFunction m_BreakCallback;
       |           ^
/Users/runner/work/PTVisionPro/PTVisionPro/build/deps/vma-src/include/vk_mem_alloc.h:10261:11: note: insert '_Nullable' if the pointer may be null
 10261 |     const PFN_vmaCheckDefragmentationBreakFunction m_BreakCallback;
       |           ^
       |                                                    _Nullable
/Users/runner/work/PTVisionPro/PTVisionPro/build/deps/vma-src/include/vk_mem_alloc.h:10261:11: note: insert '_Nonnull' if the pointer should never be null
 10261 |     const PFN_vmaCheckDefragmentationBreakFunction m_BreakCallback;
       |           ^
       |                                                    _Nonnull
/Users/runner/work/PTVisionPro/PTVisionPro/build/deps/vma-src/include/vk_mem_alloc.h:10262:9: warning: pointer is missing a nullability type specifier (_Nonnull, _Nullable, or _Null_unspecified) [-Wnullability-completeness]
 10262 |     void* m_BreakCallbackUserData;
       |         ^
/Users/runner/work/PTVisionPro/PTVisionPro/build/deps/vma-src/include/vk_mem_alloc.h:10262:9: note: insert '_Nullable' if the pointer may be null
 10262 |     void* m_BreakCallbackUserData;
       |         ^
       |           _Nullable
/Users/runner/work/PTVisionPro/PTVisionPro/build/deps/vma-src/include/vk_mem_alloc.h:10262:9: note: insert '_Nonnull' if the pointer should never be null
 10262 |     void* m_BreakCallbackUserData;
       |         ^
       |           _Nonnull
/Users/runner/work/PTVisionPro/PTVisionPro/build/deps/vma-src/include/vk_mem_alloc.h:10270:19: warning: pointer is missing a nullability type specifier (_Nonnull, _Nullable, or _Null_unspecified) [-Wnullability-completeness]
 10270 |     VmaBlockVector* m_PoolBlockVector;
       |                   ^
/Users/runner/work/PTVisionPro/PTVisionPro/build/deps/vma-src/include/vk_mem_alloc.h:10270:19: note: insert '_Nullable' if the pointer may be null
 10270 |     VmaBlockVector* m_PoolBlockVector;
       |                   ^
       |                     _Nullable
/Users/runner/work/PTVisionPro/PTVisionPro/build/deps/vma-src/include/vk_mem_alloc.h:10270:19: note: insert '_Nonnull' if the pointer should never be null
 10270 |     VmaBlockVector* m_PoolBlockVector;
       |                   ^
       |                     _Nonnull
/Users/runner/work/PTVisionPro/PTVisionPro/build/deps/vma-src/include/vk_mem_alloc.h:10271:19: warning: pointer is missing a nullability type specifier (_Nonnull, _Nullable, or _Null_unspecified) [-Wnullability-completeness]
 10271 |     VmaBlockVector** m_pBlockVectors;
       |                   ^
/Users/runner/work/PTVisionPro/PTVisionPro/build/deps/vma-src/include/vk_mem_alloc.h:10271:19: note: insert '_Nullable' if the pointer may be null
 10271 |     VmaBlockVector** m_pBlockVectors;
       |                   ^
       |                    _Nullable
/Users/runner/work/PTVisionPro/PTVisionPro/build/deps/vma-src/include/vk_mem_alloc.h:10271:19: note: insert '_Nonnull' if the pointer should never be null
 10271 |     VmaBlockVector** m_pBlockVectors;
       |                   ^
       |                    _Nonnull
/Users/runner/work/PTVisionPro/PTVisionPro/build/deps/vma-src/include/vk_mem_alloc.h:10271:20: warning: pointer is missing a nullability type specifier (_Nonnull, _Nullable, or _Null_unspecified) [-Wnullability-completeness]
 10271 |     VmaBlockVector** m_pBlockVectors;
       |                    ^
/Users/runner/work/PTVisionPro/PTVisionPro/build/deps/vma-src/include/vk_mem_alloc.h:10271:20: note: insert '_Nullable' if the pointer may be null
 10271 |     VmaBlockVector** m_pBlockVectors;
       |                    ^
       |                      _Nullable
/Users/runner/work/PTVisionPro/PTVisionPro/build/deps/vma-src/include/vk_mem_alloc.h:10271:20: note: insert '_Nonnull' if the pointer should never be null
 10271 |     VmaBlockVector** m_pBlockVectors;
       |                    ^
       |                      _Nonnull
/Users/runner/work/PTVisionPro/PTVisionPro/build/deps/vma-src/include/vk_mem_alloc.h:10275:9: warning: pointer is missing a nullability type specifier (_Nonnull, _Nullable, or _Null_unspecified) [-Wnullability-completeness]
 10275 |     void* m_AlgorithmState = VMA_NULL;
       |         ^
/Users/runner/work/PTVisionPro/PTVisionPro/build/deps/vma-src/include/vk_mem_alloc.h:10275:9: note: insert '_Nullable' if the pointer may be null
 10275 |     void* m_AlgorithmState = VMA_NULL;
       |         ^
       |           _Nullable
/Users/runner/work/PTVisionPro/PTVisionPro/build/deps/vma-src/include/vk_mem_alloc.h:10275:9: note: insert '_Nonnull' if the pointer should never be null
 10275 |     void* m_AlgorithmState = VMA_NULL;
       |         ^
       |           _Nonnull
/Users/runner/work/PTVisionPro/PTVisionPro/build/deps/vma-src/include/vk_mem_alloc.h:10277:43: warning: pointer is missing a nullability type specifier (_Nonnull, _Nullable, or _Null_unspecified) [-Wnullability-completeness]
 10277 |     static MoveAllocationData GetMoveData(VmaAllocHandle handle, VmaBlockMetadata* metadata);
       |                                           ^
/Users/runner/work/PTVisionPro/PTVisionPro/build/deps/vma-src/include/vk_mem_alloc.h:10277:43: note: insert '_Nullable' if the pointer may be null
 10277 |     static MoveAllocationData GetMoveData(VmaAllocHandle handle, VmaBlockMetadata* metadata);
       |                                           ^
       |                                                          _Nullable
/Users/runner/work/PTVisionPro/PTVisionPro/build/deps/vma-src/include/vk_mem_alloc.h:10277:43: note: insert '_Nonnull' if the pointer should never be null
 10277 |     static MoveAllocationData GetMoveData(VmaAllocHandle handle, VmaBlockMetadata* metadata);
       |                                           ^
       |                                                          _Nonnull
/Users/runner/work/PTVisionPro/PTVisionPro/build/deps/vma-src/include/vk_mem_alloc.h:10277:82: warning: pointer is missing a nullability type specifier (_Nonnull, _Nullable, or _Null_unspecified) [-Wnullability-completeness]
 10277 |     static MoveAllocationData GetMoveData(VmaAllocHandle handle, VmaBlockMetadata* metadata);
       |                                                                                  ^
/Users/runner/work/PTVisionPro/PTVisionPro/build/deps/vma-src/include/vk_mem_alloc.h:10277:82: note: insert '_Nullable' if the pointer may be null
 10277 |     static MoveAllocationData GetMoveData(VmaAllocHandle handle, VmaBlockMetadata* metadata);
       |                                                                                  ^
       |                                                                                    _Nullable
/Users/runner/work/PTVisionPro/PTVisionPro/build/deps/vma-src/include/vk_mem_alloc.h:10277:82: note: insert '_Nonnull' if the pointer should never be null
 10277 |     static MoveAllocationData GetMoveData(VmaAllocHandle handle, VmaBlockMetadata* metadata);
       |                                                                                  ^
       |                                                                                    _Nonnull
/Users/runner/work/PTVisionPro/PTVisionPro/build/deps/vma-src/include/vk_mem_alloc.h:10280:73: warning: pointer is missing a nullability type specifier (_Nonnull, _Nullable, or _Null_unspecified) [-Wnullability-completeness]
 10280 |     bool ReallocWithinBlock(VmaBlockVector& vector, VmaDeviceMemoryBlock* block);
       |                                                                         ^
/Users/runner/work/PTVisionPro/PTVisionPro/build/deps/vma-src/include/vk_mem_alloc.h:10280:73: note: insert '_Nullable' if the pointer may be null
 10280 |     bool ReallocWithinBlock(VmaBlockVector& vector, VmaDeviceMemoryBlock* block);
       |                                                                         ^
       |                                                                           _Nullable
/Users/runner/work/PTVisionPro/PTVisionPro/build/deps/vma-src/include/vk_mem_alloc.h:10280:73: note: insert '_Nonnull' if the pointer should never be null
 10280 |     bool ReallocWithinBlock(VmaBlockVector& vector, VmaDeviceMemoryBlock* block);
       |                                                                         ^
       |                                                                           _Nonnull
/Users/runner/work/PTVisionPro/PTVisionPro/build/deps/vma-src/include/vk_mem_alloc.h:10306:9: warning: pointer is missing a nullability type specifier (_Nonnull, _Nullable, or _Null_unspecified) [-Wnullability-completeness]
 10306 |         VmaAllocator hAllocator,
       |         ^
/Users/runner/work/PTVisionPro/PTVisionPro/build/deps/vma-src/include/vk_mem_alloc.h:10306:9: note: insert '_Nullable' if the pointer may be null
 10306 |         VmaAllocator hAllocator,
       |         ^
       |                      _Nullable
/Users/runner/work/PTVisionPro/PTVisionPro/build/deps/vma-src/include/vk_mem_alloc.h:10306:9: note: insert '_Nonnull' if the pointer should never be null
 10306 |         VmaAllocator hAllocator,
       |         ^
       |                      _Nonnull
/Users/runner/work/PTVisionPro/PTVisionPro/build/deps/vma-src/include/vk_mem_alloc.h:10314:15: warning: pointer is missing a nullability type specifier (_Nonnull, _Nullable, or _Null_unspecified) [-Wnullability-completeness]
 10314 |     const char* GetName() const { return m_Name; }
       |               ^
/Users/runner/work/PTVisionPro/PTVisionPro/build/deps/vma-src/include/vk_mem_alloc.h:10314:15: note: insert '_Nullable' if the pointer may be null
 10314 |     const char* GetName() const { return m_Name; }
       |               ^
       |                 _Nullable
/Users/runner/work/PTVisionPro/PTVisionPro/build/deps/vma-src/include/vk_mem_alloc.h:10314:15: note: insert '_Nonnull' if the pointer should never be null
 10314 |     const char* GetName() const { return m_Name; }
       |               ^
       |                 _Nonnull
/Users/runner/work/PTVisionPro/PTVisionPro/build/deps/vma-src/include/vk_mem_alloc.h:10315:28: warning: pointer is missing a nullability type specifier (_Nonnull, _Nullable, or _Null_unspecified) [-Wnullability-completeness]
 10315 |     void SetName(const char* pName);
       |                            ^
/Users/runner/work/PTVisionPro/PTVisionPro/build/deps/vma-src/include/vk_mem_alloc.h:10315:28: note: insert '_Nullable' if the pointer may be null
 10315 |     void SetName(const char* pName);
       |                            ^
       |                              _Nullable
/Users/runner/work/PTVisionPro/PTVisionPro/build/deps/vma-src/include/vk_mem_alloc.h:10315:28: note: insert '_Nonnull' if the pointer should never be null
 10315 |     void SetName(const char* pName);
       |                            ^
       |                              _Nonnull
/Users/runner/work/PTVisionPro/PTVisionPro/build/deps/vma-src/include/vk_mem_alloc.h:10323:9: warning: pointer is missing a nullability type specifier (_Nonnull, _Nullable, or _Null_unspecified) [-Wnullability-completeness]
 10323 |     char* m_Name;
       |         ^
/Users/runner/work/PTVisionPro/PTVisionPro/build/deps/vma-src/include/vk_mem_alloc.h:10323:9: note: insert '_Nullable' if the pointer may be null
 10323 |     char* m_Name;
       |         ^
       |           _Nullable
/Users/runner/work/PTVisionPro/PTVisionPro/build/deps/vma-src/include/vk_mem_alloc.h:10323:9: note: insert '_Nonnull' if the pointer should never be null
 10323 |     char* m_Name;
       |         ^
       |           _Nonnull
/Users/runner/work/PTVisionPro/PTVisionPro/build/deps/vma-src/include/vk_mem_alloc.h:10324:14: warning: pointer is missing a nullability type specifier (_Nonnull, _Nullable, or _Null_unspecified) [-Wnullability-completeness]
 10324 |     VmaPool_T* m_PrevPool = VMA_NULL;
       |              ^
/Users/runner/work/PTVisionPro/PTVisionPro/build/deps/vma-src/include/vk_mem_alloc.h:10324:14: note: insert '_Nullable' if the pointer may be null
 10324 |     VmaPool_T* m_PrevPool = VMA_NULL;
       |              ^
       |                _Nullable
/Users/runner/work/PTVisionPro/PTVisionPro/build/deps/vma-src/include/vk_mem_alloc.h:10324:14: note: insert '_Nonnull' if the pointer should never be null
 10324 |     VmaPool_T* m_PrevPool = VMA_NULL;
       |              ^
       |                _Nonnull
/Users/runner/work/PTVisionPro/PTVisionPro/build/deps/vma-src/include/vk_mem_alloc.h:10325:14: warning: pointer is missing a nullability type specifier (_Nonnull, _Nullable, or _Null_unspecified) [-Wnullability-completeness]
 10325 |     VmaPool_T* m_NextPool = VMA_NULL;
       |              ^
/Users/runner/work/PTVisionPro/PTVisionPro/build/deps/vma-src/include/vk_mem_alloc.h:10325:14: note: insert '_Nullable' if the pointer may be null
 10325 |     VmaPool_T* m_NextPool = VMA_NULL;
       |              ^
       |                _Nullable
/Users/runner/work/PTVisionPro/PTVisionPro/build/deps/vma-src/include/vk_mem_alloc.h:10325:14: note: insert '_Nonnull' if the pointer should never be null
 10325 |     VmaPool_T* m_NextPool = VMA_NULL;
       |              ^
       |                _Nonnull
/Users/runner/work/PTVisionPro/PTVisionPro/build/deps/vma-src/include/vk_mem_alloc.h:10332:44: warning: pointer is missing a nullability type specifier (_Nonnull, _Nullable, or _Null_unspecified) [-Wnullability-completeness]
 10332 |     static ItemType* GetPrev(const ItemType* item) { return item->m_PrevPool; }
       |                                            ^
/Users/runner/work/PTVisionPro/PTVisionPro/build/deps/vma-src/include/vk_mem_alloc.h:10332:44: note: insert '_Nullable' if the pointer may be null
 10332 |     static ItemType* GetPrev(const ItemType* item) { return item->m_PrevPool; }
       |                                            ^
       |                                              _Nullable
/Users/runner/work/PTVisionPro/PTVisionPro/build/deps/vma-src/include/vk_mem_alloc.h:10332:44: note: insert '_Nonnull' if the pointer should never be null
 10332 |     static ItemType* GetPrev(const ItemType* item) { return item->m_PrevPool; }
       |                                            ^
       |                                              _Nonnull
/Users/runner/work/PTVisionPro/PTVisionPro/build/deps/vma-src/include/vk_mem_alloc.h:10332:20: warning: pointer is missing a nullability type specifier (_Nonnull, _Nullable, or _Null_unspecified) [-Wnullability-completeness]
 10332 |     static ItemType* GetPrev(const ItemType* item) { return item->m_PrevPool; }
       |                    ^
/Users/runner/work/PTVisionPro/PTVisionPro/build/deps/vma-src/include/vk_mem_alloc.h:10332:20: note: insert '_Nullable' if the pointer may be null
 10332 |     static ItemType* GetPrev(const ItemType* item) { return item->m_PrevPool; }
       |                    ^
       |                      _Nullable
/Users/runner/work/PTVisionPro/PTVisionPro/build/deps/vma-src/include/vk_mem_alloc.h:10332:20: note: insert '_Nonnull' if the pointer should never be null
 10332 |     static ItemType* GetPrev(const ItemType* item) { return item->m_PrevPool; }
       |                    ^
       |                      _Nonnull
/Users/runner/work/PTVisionPro/PTVisionPro/build/deps/vma-src/include/vk_mem_alloc.h:10333:44: warning: pointer is missing a nullability type specifier (_Nonnull, _Nullable, or _Null_unspecified) [-Wnullability-completeness]
 10333 |     static ItemType* GetNext(const ItemType* item) { return item->m_NextPool; }
       |                                            ^
/Users/runner/work/PTVisionPro/PTVisionPro/build/deps/vma-src/include/vk_mem_alloc.h:10333:44: note: insert '_Nullable' if the pointer may be null
 10333 |     static ItemType* GetNext(const ItemType* item) { return item->m_NextPool; }
       |                                            ^
       |                                              _Nullable
/Users/runner/work/PTVisionPro/PTVisionPro/build/deps/vma-src/include/vk_mem_alloc.h:10333:44: note: insert '_Nonnull' if the pointer should never be null
 10333 |     static ItemType* GetNext(const ItemType* item) { return item->m_NextPool; }
       |                                            ^
       |                                              _Nonnull
/Users/runner/work/PTVisionPro/PTVisionPro/build/deps/vma-src/include/vk_mem_alloc.h:10333:20: warning: pointer is missing a nullability type specifier (_Nonnull, _Nullable, or _Null_unspecified) [-Wnullability-completeness]
 10333 |     static ItemType* GetNext(const ItemType* item) { return item->m_NextPool; }
       |                    ^
/Users/runner/work/PTVisionPro/PTVisionPro/build/deps/vma-src/include/vk_mem_alloc.h:10333:20: note: insert '_Nullable' if the pointer may be null
 10333 |     static ItemType* GetNext(const ItemType* item) { return item->m_NextPool; }
       |                    ^
       |                      _Nullable
/Users/runner/work/PTVisionPro/PTVisionPro/build/deps/vma-src/include/vk_mem_alloc.h:10333:20: note: insert '_Nonnull' if the pointer should never be null
 10333 |     static ItemType* GetNext(const ItemType* item) { return item->m_NextPool; }
       |                    ^
       |                      _Nonnull
/Users/runner/work/PTVisionPro/PTVisionPro/build/deps/vma-src/include/vk_mem_alloc.h:10334:42: warning: pointer is missing a nullability type specifier (_Nonnull, _Nullable, or _Null_unspecified) [-Wnullability-completeness]
 10334 |     static ItemType*& AccessPrev(ItemType* item) { return item->m_PrevPool; }
       |                                          ^
/Users/runner/work/PTVisionPro/PTVisionPro/build/deps/vma-src/include/vk_mem_alloc.h:10334:42: note: insert '_Nullable' if the pointer may be null
 10334 |     static ItemType*& AccessPrev(ItemType* item) { return item->m_PrevPool; }
       |                                          ^
       |                                            _Nullable
/Users/runner/work/PTVisionPro/PTVisionPro/build/deps/vma-src/include/vk_mem_alloc.h:10334:42: note: insert '_Nonnull' if the pointer should never be null
 10334 |     static ItemType*& AccessPrev(ItemType* item) { return item->m_PrevPool; }
       |                                          ^
       |                                            _Nonnull
/Users/runner/work/PTVisionPro/PTVisionPro/build/deps/vma-src/include/vk_mem_alloc.h:10334:20: warning: pointer is missing a nullability type specifier (_Nonnull, _Nullable, or _Null_unspecified) [-Wnullability-completeness]
 10334 |     static ItemType*& AccessPrev(ItemType* item) { return item->m_PrevPool; }
       |                    ^
/Users/runner/work/PTVisionPro/PTVisionPro/build/deps/vma-src/include/vk_mem_alloc.h:10334:20: note: insert '_Nullable' if the pointer may be null
 10334 |     static ItemType*& AccessPrev(ItemType* item) { return item->m_PrevPool; }
       |                    ^
       |                     _Nullable
/Users/runner/work/PTVisionPro/PTVisionPro/build/deps/vma-src/include/vk_mem_alloc.h:10334:20: note: insert '_Nonnull' if the pointer should never be null
 10334 |     static ItemType*& AccessPrev(ItemType* item) { return item->m_PrevPool; }
       |                    ^
       |                     _Nonnull
/Users/runner/work/PTVisionPro/PTVisionPro/build/deps/vma-src/include/vk_mem_alloc.h:10335:42: warning: pointer is missing a nullability type specifier (_Nonnull, _Nullable, or _Null_unspecified) [-Wnullability-completeness]
 10335 |     static ItemType*& AccessNext(ItemType* item) { return item->m_NextPool; }
       |                                          ^
/Users/runner/work/PTVisionPro/PTVisionPro/build/deps/vma-src/include/vk_mem_alloc.h:10335:42: note: insert '_Nullable' if the pointer may be null
 10335 |     static ItemType*& AccessNext(ItemType* item) { return item->m_NextPool; }
       |                                          ^
       |                                            _Nullable
/Users/runner/work/PTVisionPro/PTVisionPro/build/deps/vma-src/include/vk_mem_alloc.h:10335:42: note: insert '_Nonnull' if the pointer should never be null
 10335 |     static ItemType*& AccessNext(ItemType* item) { return item->m_NextPool; }
       |                                          ^
       |                                            _Nonnull
/Users/runner/work/PTVisionPro/PTVisionPro/build/deps/vma-src/include/vk_mem_alloc.h:10335:20: warning: pointer is missing a nullability type specifier (_Nonnull, _Nullable, or _Null_unspecified) [-Wnullability-completeness]
 10335 |     static ItemType*& AccessNext(ItemType* item) { return item->m_NextPool; }
       |                    ^
/Users/runner/work/PTVisionPro/PTVisionPro/build/deps/vma-src/include/vk_mem_alloc.h:10335:20: note: insert '_Nullable' if the pointer may be null
 10335 |     static ItemType*& AccessNext(ItemType* item) { return item->m_NextPool; }
       |                    ^
       |                     _Nullable
/Users/runner/work/PTVisionPro/PTVisionPro/build/deps/vma-src/include/vk_mem_alloc.h:10335:20: note: insert '_Nonnull' if the pointer should never be null
 10335 |     static ItemType*& AccessNext(ItemType* item) { return item->m_NextPool; }
       |                    ^
       |                     _Nonnull
/Users/runner/work/PTVisionPro/PTVisionPro/build/deps/vma-src/include/vk_mem_alloc.h:10415:70: warning: pointer is missing a nullability type specifier (_Nonnull, _Nullable, or _Null_unspecified) [-Wnullability-completeness]
 10415 |     explicit VmaAllocationObjectAllocator(const VkAllocationCallbacks* pAllocationCallbacks)
       |                                                                      ^
/Users/runner/work/PTVisionPro/PTVisionPro/build/deps/vma-src/include/vk_mem_alloc.h:10415:70: note: insert '_Nullable' if the pointer may be null
 10415 |     explicit VmaAllocationObjectAllocator(const VkAllocationCallbacks* pAllocationCallbacks)
       |                                                                      ^
       |                                                                        _Nullable
/Users/runner/work/PTVisionPro/PTVisionPro/build/deps/vma-src/include/vk_mem_alloc.h:10415:70: note: insert '_Nonnull' if the pointer should never be null
 10415 |     explicit VmaAllocationObjectAllocator(const VkAllocationCallbacks* pAllocationCallbacks)
       |                                                                      ^
       |                                                                        _Nonnull
/Users/runner/work/PTVisionPro/PTVisionPro/build/deps/vma-src/include/vk_mem_alloc.h:10418:33: warning: pointer is missing a nullability type specifier (_Nonnull, _Nullable, or _Null_unspecified) [-Wnullability-completeness]
 10418 |     template<typename... Types> VmaAllocation Allocate(Types&&... args);
       |                                 ^
/Users/runner/work/PTVisionPro/PTVisionPro/build/deps/vma-src/include/vk_mem_alloc.h:10418:33: note: insert '_Nullable' if the pointer may be null
 10418 |     template<typename... Types> VmaAllocation Allocate(Types&&... args);
       |                                 ^
       |                                               _Nullable
/Users/runner/work/PTVisionPro/PTVisionPro/build/deps/vma-src/include/vk_mem_alloc.h:10418:33: note: insert '_Nonnull' if the pointer should never be null
 10418 |     template<typename... Types> VmaAllocation Allocate(Types&&... args);
       |                                 ^
       |                                               _Nonnull
/Users/runner/work/PTVisionPro/PTVisionPro/build/deps/vma-src/include/vk_mem_alloc.h:10419:15: warning: pointer is missing a nullability type specifier (_Nonnull, _Nullable, or _Null_unspecified) [-Wnullability-completeness]
 10419 |     void Free(VmaAllocation hAlloc);
       |               ^
/Users/runner/work/PTVisionPro/PTVisionPro/build/deps/vma-src/include/vk_mem_alloc.h:10419:15: note: insert '_Nullable' if the pointer may be null
 10419 |     void Free(VmaAllocation hAlloc);
       |               ^
       |                             _Nullable
/Users/runner/work/PTVisionPro/PTVisionPro/build/deps/vma-src/include/vk_mem_alloc.h:10419:15: note: insert '_Nonnull' if the pointer should never be null
 10419 |     void Free(VmaAllocation hAlloc);
       |               ^
       |                             _Nonnull
/Users/runner/work/PTVisionPro/PTVisionPro/build/deps/vma-src/include/vk_mem_alloc.h:10427:1: warning: pointer is missing a nullability type specifier (_Nonnull, _Nullable, or _Null_unspecified) [-Wnullability-completeness]
 10427 | VmaAllocation VmaAllocationObjectAllocator::Allocate(Types&&... args)
       | ^
/Users/runner/work/PTVisionPro/PTVisionPro/build/deps/vma-src/include/vk_mem_alloc.h:10427:1: note: insert '_Nullable' if the pointer may be null
 10427 | VmaAllocation VmaAllocationObjectAllocator::Allocate(Types&&... args)
       | ^
       |               _Nullable
/Users/runner/work/PTVisionPro/PTVisionPro/build/deps/vma-src/include/vk_mem_alloc.h:10427:1: note: insert '_Nonnull' if the pointer should never be null
 10427 | VmaAllocation VmaAllocationObjectAllocator::Allocate(Types&&... args)
       | ^
       |               _Nonnull
/Users/runner/work/PTVisionPro/PTVisionPro/build/deps/vma-src/include/vk_mem_alloc.h:10433:41: warning: pointer is missing a nullability type specifier (_Nonnull, _Nullable, or _Null_unspecified) [-Wnullability-completeness]
 10433 | void VmaAllocationObjectAllocator::Free(VmaAllocation hAlloc)
       |                                         ^
/Users/runner/work/PTVisionPro/PTVisionPro/build/deps/vma-src/include/vk_mem_alloc.h:10433:41: note: insert '_Nullable' if the pointer may be null
 10433 | void VmaAllocationObjectAllocator::Free(VmaAllocation hAlloc)
       |                                         ^
       |                                                       _Nullable
/Users/runner/work/PTVisionPro/PTVisionPro/build/deps/vma-src/include/vk_mem_alloc.h:10433:41: note: insert '_Nonnull' if the pointer should never be null
 10433 | void VmaAllocationObjectAllocator::Free(VmaAllocation hAlloc)
       |                                         ^
       |                                                       _Nonnull
/Users/runner/work/PTVisionPro/PTVisionPro/build/deps/vma-src/include/vk_mem_alloc.h:10452:15: warning: pointer is missing a nullability type specifier (_Nonnull, _Nullable, or _Null_unspecified) [-Wnullability-completeness]
 10452 |     void Free(VmaVirtualAllocation allocation) { m_Metadata->Free((VmaAllocHandle)allocation); }
       |               ^
/Users/runner/work/PTVisionPro/PTVisionPro/build/deps/vma-src/include/vk_mem_alloc.h:10452:15: note: insert '_Nullable' if the pointer may be null
 10452 |     void Free(VmaVirtualAllocation allocation) { m_Metadata->Free((VmaAllocHandle)allocation); }
       |               ^
       |                                    _Nullable
/Users/runner/work/PTVisionPro/PTVisionPro/build/deps/vma-src/include/vk_mem_alloc.h:10452:15: note: insert '_Nonnull' if the pointer should never be null
 10452 |     void Free(VmaVirtualAllocation allocation) { m_Metadata->Free((VmaAllocHandle)allocation); }
       |               ^
       |                                    _Nonnull
/Users/runner/work/PTVisionPro/PTVisionPro/build/deps/vma-src/include/vk_mem_alloc.h:10453:32: warning: pointer is missing a nullability type specifier (_Nonnull, _Nullable, or _Null_unspecified) [-Wnullability-completeness]
 10453 |     void SetAllocationUserData(VmaVirtualAllocation allocation, void* userData) { m_Metadata->SetAllocationUserData((VmaAllocHandle)allocation, userData); }
       |                                ^
/Users/runner/work/PTVisionPro/PTVisionPro/build/deps/vma-src/include/vk_mem_alloc.h:10453:32: note: insert '_Nullable' if the pointer may be null
 10453 |     void SetAllocationUserData(VmaVirtualAllocation allocation, void* userData) { m_Metadata->SetAllocationUserData((VmaAllocHandle)allocation, userData); }
       |                                ^
       |                                                     _Nullable
/Users/runner/work/PTVisionPro/PTVisionPro/build/deps/vma-src/include/vk_mem_alloc.h:10453:32: note: insert '_Nonnull' if the pointer should never be null
 10453 |     void SetAllocationUserData(VmaVirtualAllocation allocation, void* userData) { m_Metadata->SetAllocationUserData((VmaAllocHandle)allocation, userData); }
       |                                ^
       |                                                     _Nonnull
/Users/runner/work/PTVisionPro/PTVisionPro/build/deps/vma-src/include/vk_mem_alloc.h:10453:69: warning: pointer is missing a nullability type specifier (_Nonnull, _Nullable, or _Null_unspecified) [-Wnullability-completeness]
 10453 |     void SetAllocationUserData(VmaVirtualAllocation allocation, void* userData) { m_Metadata->SetAllocationUserData((VmaAllocHandle)allocation, userData); }
       |                                                                     ^
/Users/runner/work/PTVisionPro/PTVisionPro/build/deps/vma-src/include/vk_mem_alloc.h:10453:69: note: insert '_Nullable' if the pointer may be null
 10453 |     void SetAllocationUserData(VmaVirtualAllocation allocation, void* userData) { m_Metadata->SetAllocationUserData((VmaAllocHandle)allocation, userData); }
       |                                                                     ^
       |                                                                       _Nullable
/Users/runner/work/PTVisionPro/PTVisionPro/build/deps/vma-src/include/vk_mem_alloc.h:10453:69: note: insert '_Nonnull' if the pointer should never be null
 10453 |     void SetAllocationUserData(VmaVirtualAllocation allocation, void* userData) { m_Metadata->SetAllocationUserData((VmaAllocHandle)allocation, userData); }
       |                                                                     ^
       |                                                                       _Nonnull
/Users/runner/work/PTVisionPro/PTVisionPro/build/deps/vma-src/include/vk_mem_alloc.h:10456:32: warning: pointer is missing a nullability type specifier (_Nonnull, _Nullable, or _Null_unspecified) [-Wnullability-completeness]
 10456 |     const VkAllocationCallbacks* GetAllocationCallbacks() const;
       |                                ^
/Users/runner/work/PTVisionPro/PTVisionPro/build/deps/vma-src/include/vk_mem_alloc.h:10456:32: note: insert '_Nullable' if the pointer may be null
 10456 |     const VkAllocationCallbacks* GetAllocationCallbacks() const;
       |                                ^
       |                                  _Nullable
/Users/runner/work/PTVisionPro/PTVisionPro/build/deps/vma-src/include/vk_mem_alloc.h:10456:32: note: insert '_Nonnull' if the pointer should never be null
 10456 |     const VkAllocationCallbacks* GetAllocationCallbacks() const;
       |                                ^
       |                                  _Nonnull
/Users/runner/work/PTVisionPro/PTVisionPro/build/deps/vma-src/include/vk_mem_alloc.h:10457:28: warning: pointer is missing a nullability type specifier (_Nonnull, _Nullable, or _Null_unspecified) [-Wnullability-completeness]
 10457 |     void GetAllocationInfo(VmaVirtualAllocation allocation, VmaVirtualAllocationInfo& outInfo);
       |                            ^
/Users/runner/work/PTVisionPro/PTVisionPro/build/deps/vma-src/include/vk_mem_alloc.h:10457:28: note: insert '_Nullable' if the pointer may be null
 10457 |     void GetAllocationInfo(VmaVirtualAllocation allocation, VmaVirtualAllocationInfo& outInfo);
       |                            ^
       |                                                 _Nullable
/Users/runner/work/PTVisionPro/PTVisionPro/build/deps/vma-src/include/vk_mem_alloc.h:10457:28: note: insert '_Nonnull' if the pointer should never be null
 10457 |     void GetAllocationInfo(VmaVirtualAllocation allocation, VmaVirtualAllocationInfo& outInfo);
       |                            ^
       |                                                 _Nonnull
/Users/runner/work/PTVisionPro/PTVisionPro/build/deps/vma-src/include/vk_mem_alloc.h:10458:73: warning: pointer is missing a nullability type specifier (_Nonnull, _Nullable, or _Null_unspecified) [-Wnullability-completeness]
 10458 |     VkResult Allocate(const VmaVirtualAllocationCreateInfo& createInfo, VmaVirtualAllocation& outAllocation,
       |                                                                         ^
/Users/runner/work/PTVisionPro/PTVisionPro/build/deps/vma-src/include/vk_mem_alloc.h:10458:73: note: insert '_Nullable' if the pointer may be null
 10458 |     VkResult Allocate(const VmaVirtualAllocationCreateInfo& createInfo, VmaVirtualAllocation& outAllocation,
       |                                                                         ^                   
       |                                                                                              _Nullable 
/Users/runner/work/PTVisionPro/PTVisionPro/build/deps/vma-src/include/vk_mem_alloc.h:10458:73: note: insert '_Nonnull' if the pointer should never be null
 10458 |     VkResult Allocate(const VmaVirtualAllocationCreateInfo& createInfo, VmaVirtualAllocation& outAllocation,
       |                                                                         ^                   
       |                                                                                              _Nonnull 
/Users/runner/work/PTVisionPro/PTVisionPro/build/deps/vma-src/include/vk_mem_alloc.h:10459:21: warning: pointer is missing a nullability type specifier (_Nonnull, _Nullable, or _Null_unspecified) [-Wnullability-completeness]
 10459 |         VkDeviceSize* outOffset);
       |                     ^
/Users/runner/work/PTVisionPro/PTVisionPro/build/deps/vma-src/include/vk_mem_alloc.h:10459:21: note: insert '_Nullable' if the pointer may be null
 10459 |         VkDeviceSize* outOffset);
       |                     ^
       |                       _Nullable
/Users/runner/work/PTVisionPro/PTVisionPro/build/deps/vma-src/include/vk_mem_alloc.h:10459:21: note: insert '_Nonnull' if the pointer should never be null
 10459 |         VkDeviceSize* outOffset);
       |                     ^
       |                       _Nonnull
/Users/runner/work/PTVisionPro/PTVisionPro/build/deps/vma-src/include/vk_mem_alloc.h:10467:21: warning: pointer is missing a nullability type specifier (_Nonnull, _Nullable, or _Null_unspecified) [-Wnullability-completeness]
 10467 |     VmaBlockMetadata* m_Metadata;
       |                     ^
/Users/runner/work/PTVisionPro/PTVisionPro/build/deps/vma-src/include/vk_mem_alloc.h:10467:21: note: insert '_Nullable' if the pointer may be null
 10467 |     VmaBlockMetadata* m_Metadata;
       |                     ^
       |                       _Nullable
/Users/runner/work/PTVisionPro/PTVisionPro/build/deps/vma-src/include/vk_mem_alloc.h:10467:21: note: insert '_Nonnull' if the pointer should never be null
 10467 |     VmaBlockMetadata* m_Metadata;
       |                     ^
       |                       _Nonnull
/Users/runner/work/PTVisionPro/PTVisionPro/build/deps/vma-src/include/vk_mem_alloc.h:10505:28: warning: pointer is missing a nullability type specifier (_Nonnull, _Nullable, or _Null_unspecified) [-Wnullability-completeness]
 10505 | const VkAllocationCallbacks* VmaVirtualBlock_T::GetAllocationCallbacks() const
       |                            ^
/Users/runner/work/PTVisionPro/PTVisionPro/build/deps/vma-src/include/vk_mem_alloc.h:10505:28: note: insert '_Nullable' if the pointer may be null
 10505 | const VkAllocationCallbacks* VmaVirtualBlock_T::GetAllocationCallbacks() const
       |                            ^
       |                              _Nullable
/Users/runner/work/PTVisionPro/PTVisionPro/build/deps/vma-src/include/vk_mem_alloc.h:10505:28: note: insert '_Nonnull' if the pointer should never be null
 10505 | const VkAllocationCallbacks* VmaVirtualBlock_T::GetAllocationCallbacks() const
       |                            ^
       |                              _Nonnull
/Users/runner/work/PTVisionPro/PTVisionPro/build/deps/vma-src/include/vk_mem_alloc.h:10510:43: warning: pointer is missing a nullability type specifier (_Nonnull, _Nullable, or _Null_unspecified) [-Wnullability-completeness]
 10510 | void VmaVirtualBlock_T::GetAllocationInfo(VmaVirtualAllocation allocation, VmaVirtualAllocationInfo& outInfo)
       |                                           ^
/Users/runner/work/PTVisionPro/PTVisionPro/build/deps/vma-src/include/vk_mem_alloc.h:10510:43: note: insert '_Nullable' if the pointer may be null
 10510 | void VmaVirtualBlock_T::GetAllocationInfo(VmaVirtualAllocation allocation, VmaVirtualAllocationInfo& outInfo)
       |                                           ^
       |                                                                _Nullable
/Users/runner/work/PTVisionPro/PTVisionPro/build/deps/vma-src/include/vk_mem_alloc.h:10510:43: note: insert '_Nonnull' if the pointer should never be null
 10510 | void VmaVirtualBlock_T::GetAllocationInfo(VmaVirtualAllocation allocation, VmaVirtualAllocationInfo& outInfo)
       |                                           ^
       |                                                                _Nonnull
/Users/runner/work/PTVisionPro/PTVisionPro/build/deps/vma-src/include/vk_mem_alloc.h:10515:88: warning: pointer is missing a nullability type specifier (_Nonnull, _Nullable, or _Null_unspecified) [-Wnullability-completeness]
 10515 | VkResult VmaVirtualBlock_T::Allocate(const VmaVirtualAllocationCreateInfo& createInfo, VmaVirtualAllocation& outAllocation,
       |                                                                                        ^
/Users/runner/work/PTVisionPro/PTVisionPro/build/deps/vma-src/include/vk_mem_alloc.h:10515:88: note: insert '_Nullable' if the pointer may be null
 10515 | VkResult VmaVirtualBlock_T::Allocate(const VmaVirtualAllocationCreateInfo& createInfo, VmaVirtualAllocation& outAllocation,
       |                                                                                        ^                   
       |                                                                                                             _Nullable 
/Users/runner/work/PTVisionPro/PTVisionPro/build/deps/vma-src/include/vk_mem_alloc.h:10515:88: note: insert '_Nonnull' if the pointer should never be null
 10515 | VkResult VmaVirtualBlock_T::Allocate(const VmaVirtualAllocationCreateInfo& createInfo, VmaVirtualAllocation& outAllocation,
       |                                                                                        ^                   
       |                                                                                                             _Nonnull 
/Users/runner/work/PTVisionPro/PTVisionPro/build/deps/vma-src/include/vk_mem_alloc.h:10516:17: warning: pointer is missing a nullability type specifier (_Nonnull, _Nullable, or _Null_unspecified) [-Wnullability-completeness]
 10516 |     VkDeviceSize* outOffset)
       |                 ^
/Users/runner/work/PTVisionPro/PTVisionPro/build/deps/vma-src/include/vk_mem_alloc.h:10516:17: note: insert '_Nullable' if the pointer may be null
 10516 |     VkDeviceSize* outOffset)
       |                 ^
       |                   _Nullable
/Users/runner/work/PTVisionPro/PTVisionPro/build/deps/vma-src/include/vk_mem_alloc.h:10516:17: note: insert '_Nonnull' if the pointer should never be null
 10516 |     VkDeviceSize* outOffset)
       |                 ^
       |                   _Nonnull
/Users/runner/work/PTVisionPro/PTVisionPro/build/deps/vma-src/include/vk_mem_alloc.h:10596:11: warning: pointer is missing a nullability type specifier (_Nonnull, _Nullable, or _Null_unspecified) [-Wnullability-completeness]
 10596 |     const VkDevice m_hDevice;
       |           ^
/Users/runner/work/PTVisionPro/PTVisionPro/build/deps/vma-src/include/vk_mem_alloc.h:10596:11: note: insert '_Nullable' if the pointer may be null
 10596 |     const VkDevice m_hDevice;
       |           ^
       |                    _Nullable
/Users/runner/work/PTVisionPro/PTVisionPro/build/deps/vma-src/include/vk_mem_alloc.h:10596:11: note: insert '_Nonnull' if the pointer should never be null
 10596 |     const VkDevice m_hDevice;
       |           ^
       |                    _Nonnull
/Users/runner/work/PTVisionPro/PTVisionPro/build/deps/vma-src/include/vk_mem_alloc.h:10597:11: warning: pointer is missing a nullability type specifier (_Nonnull, _Nullable, or _Null_unspecified) [-Wnullability-completeness]
 10597 |     const VkInstance m_hInstance;
       |           ^
/Users/runner/work/PTVisionPro/PTVisionPro/build/deps/vma-src/include/vk_mem_alloc.h:10597:11: note: insert '_Nullable' if the pointer may be null
 10597 |     const VkInstance m_hInstance;
       |           ^
       |                      _Nullable
/Users/runner/work/PTVisionPro/PTVisionPro/build/deps/vma-src/include/vk_mem_alloc.h:10597:11: note: insert '_Nonnull' if the pointer should never be null
 10597 |     const VkInstance m_hInstance;
       |           ^
       |                      _Nonnull
/Users/runner/work/PTVisionPro/PTVisionPro/build/deps/vma-src/include/vk_mem_alloc.h:10610:19: warning: pointer is missing a nullability type specifier (_Nonnull, _Nullable, or _Null_unspecified) [-Wnullability-completeness]
 10610 |     VmaBlockVector* m_pBlockVectors[VK_MAX_MEMORY_TYPES];
       |                   ^
/Users/runner/work/PTVisionPro/PTVisionPro/build/deps/vma-src/include/vk_mem_alloc.h:10610:19: note: insert '_Nullable' if the pointer may be null
 10610 |     VmaBlockVector* m_pBlockVectors[VK_MAX_MEMORY_TYPES];
       |                   ^
       |                     _Nullable
/Users/runner/work/PTVisionPro/PTVisionPro/build/deps/vma-src/include/vk_mem_alloc.h:10610:19: note: insert '_Nonnull' if the pointer should never be null
 10610 |     VmaBlockVector* m_pBlockVectors[VK_MAX_MEMORY_TYPES];
       |                   ^
       |                     _Nonnull
/Users/runner/work/PTVisionPro/PTVisionPro/build/deps/vma-src/include/vk_mem_alloc.h:10616:57: warning: pointer is missing a nullability type specifier (_Nonnull, _Nullable, or _Null_unspecified) [-Wnullability-completeness]
 10616 |     explicit VmaAllocator_T(const VmaAllocatorCreateInfo* pCreateInfo);
       |                                                         ^
/Users/runner/work/PTVisionPro/PTVisionPro/build/deps/vma-src/include/vk_mem_alloc.h:10616:57: note: insert '_Nullable' if the pointer may be null
 10616 |     explicit VmaAllocator_T(const VmaAllocatorCreateInfo* pCreateInfo);
       |                                                         ^
       |                                                           _Nullable
/Users/runner/work/PTVisionPro/PTVisionPro/build/deps/vma-src/include/vk_mem_alloc.h:10616:57: note: insert '_Nonnull' if the pointer should never be null
 10616 |     explicit VmaAllocator_T(const VmaAllocatorCreateInfo* pCreateInfo);
       |                                                         ^
       |                                                           _Nonnull
/Users/runner/work/PTVisionPro/PTVisionPro/build/deps/vma-src/include/vk_mem_alloc.h:10617:47: warning: pointer is missing a nullability type specifier (_Nonnull, _Nullable, or _Null_unspecified) [-Wnullability-completeness]
 10617 |     VkResult Init(const VmaAllocatorCreateInfo* pCreateInfo);
       |                                               ^
/Users/runner/work/PTVisionPro/PTVisionPro/build/deps/vma-src/include/vk_mem_alloc.h:10617:47: note: insert '_Nullable' if the pointer may be null
 10617 |     VkResult Init(const VmaAllocatorCreateInfo* pCreateInfo);
       |                                               ^
       |                                                 _Nullable
/Users/runner/work/PTVisionPro/PTVisionPro/build/deps/vma-src/include/vk_mem_alloc.h:10617:47: note: insert '_Nonnull' if the pointer should never be null
 10617 |     VkResult Init(const VmaAllocatorCreateInfo* pCreateInfo);
       |                                               ^
       |                                                 _Nonnull
/Users/runner/work/PTVisionPro/PTVisionPro/build/deps/vma-src/include/vk_mem_alloc.h:10620:32: warning: pointer is missing a nullability type specifier (_Nonnull, _Nullable, or _Null_unspecified) [-Wnullability-completeness]
 10620 |     const VkAllocationCallbacks* GetAllocationCallbacks() const
       |                                ^
/Users/runner/work/PTVisionPro/PTVisionPro/build/deps/vma-src/include/vk_mem_alloc.h:10620:32: note: insert '_Nullable' if the pointer may be null
 10620 |     const VkAllocationCallbacks* GetAllocationCallbacks() const
       |                                ^
       |                                  _Nullable
/Users/runner/work/PTVisionPro/PTVisionPro/build/deps/vma-src/include/vk_mem_alloc.h:10620:32: note: insert '_Nonnull' if the pointer should never be null
 10620 |     const VkAllocationCallbacks* GetAllocationCallbacks() const
       |                                ^
       |                                  _Nonnull
/Users/runner/work/PTVisionPro/PTVisionPro/build/deps/vma-src/include/vk_mem_alloc.h:10629:5: warning: pointer is missing a nullability type specifier (_Nonnull, _Nullable, or _Null_unspecified) [-Wnullability-completeness]
 10629 |     VkPhysicalDevice GetPhysicalDevice() const { return m_PhysicalDevice; }
       |     ^
/Users/runner/work/PTVisionPro/PTVisionPro/build/deps/vma-src/include/vk_mem_alloc.h:10629:5: note: insert '_Nullable' if the pointer may be null
 10629 |     VkPhysicalDevice GetPhysicalDevice() const { return m_PhysicalDevice; }
       |     ^
       |                      _Nullable
/Users/runner/work/PTVisionPro/PTVisionPro/build/deps/vma-src/include/vk_mem_alloc.h:10629:5: note: insert '_Nonnull' if the pointer should never be null
 10629 |     VkPhysicalDevice GetPhysicalDevice() const { return m_PhysicalDevice; }
       |     ^
       |                      _Nonnull
/Users/runner/work/PTVisionPro/PTVisionPro/build/deps/vma-src/include/vk_mem_alloc.h:10668:9: warning: pointer is missing a nullability type specifier (_Nonnull, _Nullable, or _Null_unspecified) [-Wnullability-completeness]
 10668 |         VkBuffer hBuffer,
       |         ^
/Users/runner/work/PTVisionPro/PTVisionPro/build/deps/vma-src/include/vk_mem_alloc.h:10668:9: note: insert '_Nullable' if the pointer may be null
 10668 |         VkBuffer hBuffer,
       |         ^
       |                  _Nullable
/Users/runner/work/PTVisionPro/PTVisionPro/build/deps/vma-src/include/vk_mem_alloc.h:10668:9: note: insert '_Nonnull' if the pointer should never be null
 10668 |         VkBuffer hBuffer,
       |         ^
       |                  _Nonnull
/Users/runner/work/PTVisionPro/PTVisionPro/build/deps/vma-src/include/vk_mem_alloc.h:10673:9: warning: pointer is missing a nullability type specifier (_Nonnull, _Nullable, or _Null_unspecified) [-Wnullability-completeness]
 10673 |         VkImage hImage,
       |         ^
/Users/runner/work/PTVisionPro/PTVisionPro/build/deps/vma-src/include/vk_mem_alloc.h:10673:9: note: insert '_Nullable' if the pointer may be null
 10673 |         VkImage hImage,
       |         ^
       |                 _Nullable
/Users/runner/work/PTVisionPro/PTVisionPro/build/deps/vma-src/include/vk_mem_alloc.h:10673:9: note: insert '_Nonnull' if the pointer should never be null
 10673 |         VkImage hImage,
       |         ^
       |                 _Nonnull
/Users/runner/work/PTVisionPro/PTVisionPro/build/deps/vma-src/include/vk_mem_alloc.h:10679:38: warning: pointer is missing a nullability type specifier (_Nonnull, _Nullable, or _Null_unspecified) [-Wnullability-completeness]
 10679 |         const VmaAllocationCreateInfo* pAllocationCreateInfo,
       |                                      ^
/Users/runner/work/PTVisionPro/PTVisionPro/build/deps/vma-src/include/vk_mem_alloc.h:10679:38: note: insert '_Nullable' if the pointer may be null
 10679 |         const VmaAllocationCreateInfo* pAllocationCreateInfo,
       |                                      ^
       |                                        _Nullable
/Users/runner/work/PTVisionPro/PTVisionPro/build/deps/vma-src/include/vk_mem_alloc.h:10679:38: note: insert '_Nonnull' if the pointer should never be null
 10679 |         const VmaAllocationCreateInfo* pAllocationCreateInfo,
       |                                      ^
       |                                        _Nonnull
/Users/runner/work/PTVisionPro/PTVisionPro/build/deps/vma-src/include/vk_mem_alloc.h:10681:17: warning: pointer is missing a nullability type specifier (_Nonnull, _Nullable, or _Null_unspecified) [-Wnullability-completeness]
 10681 |         uint32_t* pMemoryTypeIndex) const;
       |                 ^
/Users/runner/work/PTVisionPro/PTVisionPro/build/deps/vma-src/include/vk_mem_alloc.h:10681:17: note: insert '_Nullable' if the pointer may be null
 10681 |         uint32_t* pMemoryTypeIndex) const;
       |                 ^
       |                   _Nullable
/Users/runner/work/PTVisionPro/PTVisionPro/build/deps/vma-src/include/vk_mem_alloc.h:10681:17: note: insert '_Nonnull' if the pointer should never be null
 10681 |         uint32_t* pMemoryTypeIndex) const;
       |                 ^
       |                   _Nonnull
/Users/runner/work/PTVisionPro/PTVisionPro/build/deps/vma-src/include/vk_mem_alloc.h:10685:33: warning: pointer is missing a nullability type specifier (_Nonnull, _Nullable, or _Null_unspecified) [-Wnullability-completeness]
 10685 |         const VkBufferCreateInfo* pBufferCreateInfo,
       |                                 ^
/Users/runner/work/PTVisionPro/PTVisionPro/build/deps/vma-src/include/vk_mem_alloc.h:10685:33: note: insert '_Nullable' if the pointer may be null
 10685 |         const VkBufferCreateInfo* pBufferCreateInfo,
       |                                 ^
       |                                   _Nullable
/Users/runner/work/PTVisionPro/PTVisionPro/build/deps/vma-src/include/vk_mem_alloc.h:10685:33: note: insert '_Nonnull' if the pointer should never be null
 10685 |         const VkBufferCreateInfo* pBufferCreateInfo,
       |                                 ^
       |                                   _Nonnull
/Users/runner/work/PTVisionPro/PTVisionPro/build/deps/vma-src/include/vk_mem_alloc.h:10686:38: warning: pointer is missing a nullability type specifier (_Nonnull, _Nullable, or _Null_unspecified) [-Wnullability-completeness]
 10686 |         const VmaAllocationCreateInfo* pAllocationCreateInfo,
       |                                      ^
/Users/runner/work/PTVisionPro/PTVisionPro/build/deps/vma-src/include/vk_mem_alloc.h:10686:38: note: insert '_Nullable' if the pointer may be null
 10686 |         const VmaAllocationCreateInfo* pAllocationCreateInfo,
       |                                      ^
       |                                        _Nullable
/Users/runner/work/PTVisionPro/PTVisionPro/build/deps/vma-src/include/vk_mem_alloc.h:10686:38: note: insert '_Nonnull' if the pointer should never be null
 10686 |         const VmaAllocationCreateInfo* pAllocationCreateInfo,
       |                                      ^
       |                                        _Nonnull
/Users/runner/work/PTVisionPro/PTVisionPro/build/deps/vma-src/include/vk_mem_alloc.h:10687:13: warning: pointer is missing a nullability type specifier (_Nonnull, _Nullable, or _Null_unspecified) [-Wnullability-completeness]
 10687 |         void* pMemoryAllocateNext, // pNext chain for VkMemoryAllocateInfo.
       |             ^
/Users/runner/work/PTVisionPro/PTVisionPro/build/deps/vma-src/include/vk_mem_alloc.h:10687:13: note: insert '_Nullable' if the pointer may be null
 10687 |         void* pMemoryAllocateNext, // pNext chain for VkMemoryAllocateInfo.
       |             ^
       |               _Nullable
/Users/runner/work/PTVisionPro/PTVisionPro/build/deps/vma-src/include/vk_mem_alloc.h:10687:13: note: insert '_Nonnull' if the pointer should never be null
 10687 |         void* pMemoryAllocateNext, // pNext chain for VkMemoryAllocateInfo.
       |             ^
       |               _Nonnull
/Users/runner/work/PTVisionPro/PTVisionPro/build/deps/vma-src/include/vk_mem_alloc.h:10688:9: warning: pointer is missing a nullability type specifier (_Nonnull, _Nullable, or _Null_unspecified) [-Wnullability-completeness]
 10688 |         VkBuffer* pBuffer,
       |         ^
/Users/runner/work/PTVisionPro/PTVisionPro/build/deps/vma-src/include/vk_mem_alloc.h:10688:9: note: insert '_Nullable' if the pointer may be null
 10688 |         VkBuffer* pBuffer,
       |         ^       
       |                  _Nullable 
/Users/runner/work/PTVisionPro/PTVisionPro/build/deps/vma-src/include/vk_mem_alloc.h:10688:9: note: insert '_Nonnull' if the pointer should never be null
 10688 |         VkBuffer* pBuffer,
       |         ^       
       |                  _Nonnull 
/Users/runner/work/PTVisionPro/PTVisionPro/build/deps/vma-src/include/vk_mem_alloc.h:10688:17: warning: pointer is missing a nullability type specifier (_Nonnull, _Nullable, or _Null_unspecified) [-Wnullability-completeness]
 10688 |         VkBuffer* pBuffer,
       |                 ^
/Users/runner/work/PTVisionPro/PTVisionPro/build/deps/vma-src/include/vk_mem_alloc.h:10688:17: note: insert '_Nullable' if the pointer may be null
 10688 |         VkBuffer* pBuffer,
       |                 ^
       |                   _Nullable
/Users/runner/work/PTVisionPro/PTVisionPro/build/deps/vma-src/include/vk_mem_alloc.h:10688:17: note: insert '_Nonnull' if the pointer should never be null
 10688 |         VkBuffer* pBuffer,
       |                 ^
       |                   _Nonnull
/Users/runner/work/PTVisionPro/PTVisionPro/build/deps/vma-src/include/vk_mem_alloc.h:10689:9: warning: pointer is missing a nullability type specifier (_Nonnull, _Nullable, or _Null_unspecified) [-Wnullability-completeness]
 10689 |         VmaAllocation* pAllocation,
       |         ^
/Users/runner/work/PTVisionPro/PTVisionPro/build/deps/vma-src/include/vk_mem_alloc.h:10689:9: note: insert '_Nullable' if the pointer may be null
 10689 |         VmaAllocation* pAllocation,
       |         ^            
       |                       _Nullable 
/Users/runner/work/PTVisionPro/PTVisionPro/build/deps/vma-src/include/vk_mem_alloc.h:10689:9: note: insert '_Nonnull' if the pointer should never be null
 10689 |         VmaAllocation* pAllocation,
       |         ^            
       |                       _Nonnull 
/Users/runner/work/PTVisionPro/PTVisionPro/build/deps/vma-src/include/vk_mem_alloc.h:10689:22: warning: pointer is missing a nullability type specifier (_Nonnull, _Nullable, or _Null_unspecified) [-Wnullability-completeness]
 10689 |         VmaAllocation* pAllocation,
       |                      ^
/Users/runner/work/PTVisionPro/PTVisionPro/build/deps/vma-src/include/vk_mem_alloc.h:10689:22: note: insert '_Nullable' if the pointer may be null
 10689 |         VmaAllocation* pAllocation,
       |                      ^
       |                        _Nullable
/Users/runner/work/PTVisionPro/PTVisionPro/build/deps/vma-src/include/vk_mem_alloc.h:10689:22: note: insert '_Nonnull' if the pointer should never be null
 10689 |         VmaAllocation* pAllocation,
       |                      ^
       |                        _Nonnull
/Users/runner/work/PTVisionPro/PTVisionPro/build/deps/vma-src/include/vk_mem_alloc.h:10690:26: warning: pointer is missing a nullability type specifier (_Nonnull, _Nullable, or _Null_unspecified) [-Wnullability-completeness]
 10690 |         VmaAllocationInfo* pAllocationInfo);
       |                          ^
/Users/runner/work/PTVisionPro/PTVisionPro/build/deps/vma-src/include/vk_mem_alloc.h:10690:26: note: insert '_Nullable' if the pointer may be null
 10690 |         VmaAllocationInfo* pAllocationInfo);
       |                          ^
       |                            _Nullable
/Users/runner/work/PTVisionPro/PTVisionPro/build/deps/vma-src/include/vk_mem_alloc.h:10690:26: note: insert '_Nonnull' if the pointer should never be null
 10690 |         VmaAllocationInfo* pAllocationInfo);
       |                          ^
       |                            _Nonnull
/Users/runner/work/PTVisionPro/PTVisionPro/build/deps/vma-src/include/vk_mem_alloc.h:10693:32: warning: pointer is missing a nullability type specifier (_Nonnull, _Nullable, or _Null_unspecified) [-Wnullability-completeness]
 10693 |         const VkImageCreateInfo* pImageCreateInfo,
       |                                ^
/Users/runner/work/PTVisionPro/PTVisionPro/build/deps/vma-src/include/vk_mem_alloc.h:10693:32: note: insert '_Nullable' if the pointer may be null
 10693 |         const VkImageCreateInfo* pImageCreateInfo,
       |                                ^
       |                                  _Nullable
/Users/runner/work/PTVisionPro/PTVisionPro/build/deps/vma-src/include/vk_mem_alloc.h:10693:32: note: insert '_Nonnull' if the pointer should never be null
 10693 |         const VkImageCreateInfo* pImageCreateInfo,
       |                                ^
       |                                  _Nonnull
/Users/runner/work/PTVisionPro/PTVisionPro/build/deps/vma-src/include/vk_mem_alloc.h:10694:38: warning: pointer is missing a nullability type specifier (_Nonnull, _Nullable, or _Null_unspecified) [-Wnullability-completeness]
 10694 |         const VmaAllocationCreateInfo* pAllocationCreateInfo,
       |                                      ^
/Users/runner/work/PTVisionPro/PTVisionPro/build/deps/vma-src/include/vk_mem_alloc.h:10694:38: note: insert '_Nullable' if the pointer may be null
 10694 |         const VmaAllocationCreateInfo* pAllocationCreateInfo,
       |                                      ^
       |                                        _Nullable
/Users/runner/work/PTVisionPro/PTVisionPro/build/deps/vma-src/include/vk_mem_alloc.h:10694:38: note: insert '_Nonnull' if the pointer should never be null
 10694 |         const VmaAllocationCreateInfo* pAllocationCreateInfo,
       |                                      ^
       |                                        _Nonnull
/Users/runner/work/PTVisionPro/PTVisionPro/build/deps/vma-src/include/vk_mem_alloc.h:10695:13: warning: pointer is missing a nullability type specifier (_Nonnull, _Nullable, or _Null_unspecified) [-Wnullability-completeness]
 10695 |         void* pMemoryAllocateNext, // pNext chain for VkMemoryAllocateInfo.
       |             ^
/Users/runner/work/PTVisionPro/PTVisionPro/build/deps/vma-src/include/vk_mem_alloc.h:10695:13: note: insert '_Nullable' if the pointer may be null
 10695 |         void* pMemoryAllocateNext, // pNext chain for VkMemoryAllocateInfo.
       |             ^
       |               _Nullable
/Users/runner/work/PTVisionPro/PTVisionPro/build/deps/vma-src/include/vk_mem_alloc.h:10695:13: note: insert '_Nonnull' if the pointer should never be null
 10695 |         void* pMemoryAllocateNext, // pNext chain for VkMemoryAllocateInfo.
       |             ^
       |               _Nonnull
/Users/runner/work/PTVisionPro/PTVisionPro/build/deps/vma-src/include/vk_mem_alloc.h:10696:9: warning: pointer is missing a nullability type specifier (_Nonnull, _Nullable, or _Null_unspecified) [-Wnullability-completeness]
 10696 |         VkImage* pImage,
       |         ^
/Users/runner/work/PTVisionPro/PTVisionPro/build/deps/vma-src/include/vk_mem_alloc.h:10696:9: note: insert '_Nullable' if the pointer may be null
 10696 |         VkImage* pImage,
       |         ^      
       |                 _Nullable 
/Users/runner/work/PTVisionPro/PTVisionPro/build/deps/vma-src/include/vk_mem_alloc.h:10696:9: note: insert '_Nonnull' if the pointer should never be null
 10696 |         VkImage* pImage,
       |         ^      
       |                 _Nonnull 
/Users/runner/work/PTVisionPro/PTVisionPro/build/deps/vma-src/include/vk_mem_alloc.h:10696:16: warning: pointer is missing a nullability type specifier (_Nonnull, _Nullable, or _Null_unspecified) [-Wnullability-completeness]
 10696 |         VkImage* pImage,
       |                ^
/Users/runner/work/PTVisionPro/PTVisionPro/build/deps/vma-src/include/vk_mem_alloc.h:10696:16: note: insert '_Nullable' if the pointer may be null
 10696 |         VkImage* pImage,
       |                ^
       |                  _Nullable
/Users/runner/work/PTVisionPro/PTVisionPro/build/deps/vma-src/include/vk_mem_alloc.h:10696:16: note: insert '_Nonnull' if the pointer should never be null
 10696 |         VkImage* pImage,
       |                ^
       |                  _Nonnull
/Users/runner/work/PTVisionPro/PTVisionPro/build/deps/vma-src/include/vk_mem_alloc.h:10697:9: warning: pointer is missing a nullability type specifier (_Nonnull, _Nullable, or _Null_unspecified) [-Wnullability-completeness]
 10697 |         VmaAllocation* pAllocation,
       |         ^
/Users/runner/work/PTVisionPro/PTVisionPro/build/deps/vma-src/include/vk_mem_alloc.h:10697:9: note: insert '_Nullable' if the pointer may be null
 10697 |         VmaAllocation* pAllocation,
       |         ^            
       |                       _Nullable 
/Users/runner/work/PTVisionPro/PTVisionPro/build/deps/vma-src/include/vk_mem_alloc.h:10697:9: note: insert '_Nonnull' if the pointer should never be null
 10697 |         VmaAllocation* pAllocation,
       |         ^            
       |                       _Nonnull 
/Users/runner/work/PTVisionPro/PTVisionPro/build/deps/vma-src/include/vk_mem_alloc.h:10697:22: warning: pointer is missing a nullability type specifier (_Nonnull, _Nullable, or _Null_unspecified) [-Wnullability-completeness]
 10697 |         VmaAllocation* pAllocation,
       |                      ^
/Users/runner/work/PTVisionPro/PTVisionPro/build/deps/vma-src/include/vk_mem_alloc.h:10697:22: note: insert '_Nullable' if the pointer may be null
 10697 |         VmaAllocation* pAllocation,
       |                      ^
       |                        _Nullable
/Users/runner/work/PTVisionPro/PTVisionPro/build/deps/vma-src/include/vk_mem_alloc.h:10697:22: note: insert '_Nonnull' if the pointer should never be null
 10697 |         VmaAllocation* pAllocation,
       |                      ^
       |                        _Nonnull
/Users/runner/work/PTVisionPro/PTVisionPro/build/deps/vma-src/include/vk_mem_alloc.h:10698:26: warning: pointer is missing a nullability type specifier (_Nonnull, _Nullable, or _Null_unspecified) [-Wnullability-completeness]
 10698 |         VmaAllocationInfo* pAllocationInfo);
       |                          ^
/Users/runner/work/PTVisionPro/PTVisionPro/build/deps/vma-src/include/vk_mem_alloc.h:10698:26: note: insert '_Nullable' if the pointer may be null
 10698 |         VmaAllocationInfo* pAllocationInfo);
       |                          ^
       |                            _Nullable
/Users/runner/work/PTVisionPro/PTVisionPro/build/deps/vma-src/include/vk_mem_alloc.h:10698:26: note: insert '_Nonnull' if the pointer should never be null
 10698 |         VmaAllocationInfo* pAllocationInfo);
       |                          ^
       |                            _Nonnull
/Users/runner/work/PTVisionPro/PTVisionPro/build/deps/vma-src/include/vk_mem_alloc.h:10705:9: warning: pointer is missing a nullability type specifier (_Nonnull, _Nullable, or _Null_unspecified) [-Wnullability-completeness]
 10705 |         VkBuffer dedicatedBuffer,
       |         ^
/Users/runner/work/PTVisionPro/PTVisionPro/build/deps/vma-src/include/vk_mem_alloc.h:10705:9: note: insert '_Nullable' if the pointer may be null
 10705 |         VkBuffer dedicatedBuffer,
       |         ^
       |                  _Nullable
/Users/runner/work/PTVisionPro/PTVisionPro/build/deps/vma-src/include/vk_mem_alloc.h:10705:9: note: insert '_Nonnull' if the pointer should never be null
 10705 |         VkBuffer dedicatedBuffer,
       |         ^
       |                  _Nonnull
/Users/runner/work/PTVisionPro/PTVisionPro/build/deps/vma-src/include/vk_mem_alloc.h:10706:9: warning: pointer is missing a nullability type specifier (_Nonnull, _Nullable, or _Null_unspecified) [-Wnullability-completeness]
 10706 |         VkImage dedicatedImage,
       |         ^
/Users/runner/work/PTVisionPro/PTVisionPro/build/deps/vma-src/include/vk_mem_alloc.h:10706:9: note: insert '_Nullable' if the pointer may be null
 10706 |         VkImage dedicatedImage,
       |         ^
       |                 _Nullable
/Users/runner/work/PTVisionPro/PTVisionPro/build/deps/vma-src/include/vk_mem_alloc.h:10706:9: note: insert '_Nonnull' if the pointer should never be null
 10706 |         VkImage dedicatedImage,
       |         ^
       |                 _Nonnull
/Users/runner/work/PTVisionPro/PTVisionPro/build/deps/vma-src/include/vk_mem_alloc.h:10708:13: warning: pointer is missing a nullability type specifier (_Nonnull, _Nullable, or _Null_unspecified) [-Wnullability-completeness]
 10708 |         void* pMemoryAllocateNext, // Optional pNext chain for VkMemoryAllocateInfo.
       |             ^
/Users/runner/work/PTVisionPro/PTVisionPro/build/deps/vma-src/include/vk_mem_alloc.h:10708:13: note: insert '_Nullable' if the pointer may be null
 10708 |         void* pMemoryAllocateNext, // Optional pNext chain for VkMemoryAllocateInfo.
       |             ^
       |               _Nullable
/Users/runner/work/PTVisionPro/PTVisionPro/build/deps/vma-src/include/vk_mem_alloc.h:10708:13: note: insert '_Nonnull' if the pointer should never be null
 10708 |         void* pMemoryAllocateNext, // Optional pNext chain for VkMemoryAllocateInfo.
       |             ^
       |               _Nonnull
/Users/runner/work/PTVisionPro/PTVisionPro/build/deps/vma-src/include/vk_mem_alloc.h:10712:9: warning: pointer is missing a nullability type specifier (_Nonnull, _Nullable, or _Null_unspecified) [-Wnullability-completeness]
 10712 |         VmaAllocation* pAllocations);
       |         ^
/Users/runner/work/PTVisionPro/PTVisionPro/build/deps/vma-src/include/vk_mem_alloc.h:10712:9: note: insert '_Nullable' if the pointer may be null
 10712 |         VmaAllocation* pAllocations);
       |         ^            
       |                       _Nullable 
/Users/runner/work/PTVisionPro/PTVisionPro/build/deps/vma-src/include/vk_mem_alloc.h:10712:9: note: insert '_Nonnull' if the pointer should never be null
 10712 |         VmaAllocation* pAllocations);
       |         ^            
       |                       _Nonnull 
/Users/runner/work/PTVisionPro/PTVisionPro/build/deps/vma-src/include/vk_mem_alloc.h:10712:22: warning: pointer is missing a nullability type specifier (_Nonnull, _Nullable, or _Null_unspecified) [-Wnullability-completeness]
 10712 |         VmaAllocation* pAllocations);
       |                      ^
/Users/runner/work/PTVisionPro/PTVisionPro/build/deps/vma-src/include/vk_mem_alloc.h:10712:22: note: insert '_Nullable' if the pointer may be null
 10712 |         VmaAllocation* pAllocations);
       |                      ^
       |                        _Nullable
/Users/runner/work/PTVisionPro/PTVisionPro/build/deps/vma-src/include/vk_mem_alloc.h:10712:22: note: insert '_Nonnull' if the pointer should never be null
 10712 |         VmaAllocation* pAllocations);
       |                      ^
       |                        _Nonnull
/Users/runner/work/PTVisionPro/PTVisionPro/build/deps/vma-src/include/vk_mem_alloc.h:10717:15: warning: pointer is missing a nullability type specifier (_Nonnull, _Nullable, or _Null_unspecified) [-Wnullability-completeness]
 10717 |         const VmaAllocation* pAllocations);
       |               ^
/Users/runner/work/PTVisionPro/PTVisionPro/build/deps/vma-src/include/vk_mem_alloc.h:10717:15: note: insert '_Nullable' if the pointer may be null
 10717 |         const VmaAllocation* pAllocations);
       |               ^            
       |                             _Nullable 
/Users/runner/work/PTVisionPro/PTVisionPro/build/deps/vma-src/include/vk_mem_alloc.h:10717:15: note: insert '_Nonnull' if the pointer should never be null
 10717 |         const VmaAllocation* pAllocations);
       |               ^            
       |                             _Nonnull 
/Users/runner/work/PTVisionPro/PTVisionPro/build/deps/vma-src/include/vk_mem_alloc.h:10717:28: warning: pointer is missing a nullability type specifier (_Nonnull, _Nullable, or _Null_unspecified) [-Wnullability-completeness]
 10717 |         const VmaAllocation* pAllocations);
       |                            ^
/Users/runner/work/PTVisionPro/PTVisionPro/build/deps/vma-src/include/vk_mem_alloc.h:10717:28: note: insert '_Nullable' if the pointer may be null
 10717 |         const VmaAllocation* pAllocations);
       |                            ^
       |                              _Nullable
/Users/runner/work/PTVisionPro/PTVisionPro/build/deps/vma-src/include/vk_mem_alloc.h:10717:28: note: insert '_Nonnull' if the pointer should never be null
 10717 |         const VmaAllocation* pAllocations);
       |                            ^
       |                              _Nonnull
/Users/runner/work/PTVisionPro/PTVisionPro/build/deps/vma-src/include/vk_mem_alloc.h:10719:48: warning: pointer is missing a nullability type specifier (_Nonnull, _Nullable, or _Null_unspecified) [-Wnullability-completeness]
 10719 |     void CalculateStatistics(VmaTotalStatistics* pStats);
       |                                                ^
/Users/runner/work/PTVisionPro/PTVisionPro/build/deps/vma-src/include/vk_mem_alloc.h:10719:48: note: insert '_Nullable' if the pointer may be null
 10719 |     void CalculateStatistics(VmaTotalStatistics* pStats);
       |                                                ^
       |                                                  _Nullable
/Users/runner/work/PTVisionPro/PTVisionPro/build/deps/vma-src/include/vk_mem_alloc.h:10719:48: note: insert '_Nonnull' if the pointer should never be null
 10719 |     void CalculateStatistics(VmaTotalStatistics* pStats);
       |                                                ^
       |                                                  _Nonnull
/Users/runner/work/PTVisionPro/PTVisionPro/build/deps/vma-src/include/vk_mem_alloc.h:10722:18: warning: pointer is missing a nullability type specifier (_Nonnull, _Nullable, or _Null_unspecified) [-Wnullability-completeness]
 10722 |         VmaBudget* outBudgets, uint32_t firstHeap, uint32_t heapCount);
       |                  ^
/Users/runner/work/PTVisionPro/PTVisionPro/build/deps/vma-src/include/vk_mem_alloc.h:10722:18: note: insert '_Nullable' if the pointer may be null
 10722 |         VmaBudget* outBudgets, uint32_t firstHeap, uint32_t heapCount);
       |                  ^
       |                    _Nullable
/Users/runner/work/PTVisionPro/PTVisionPro/build/deps/vma-src/include/vk_mem_alloc.h:10722:18: note: insert '_Nonnull' if the pointer should never be null
 10722 |         VmaBudget* outBudgets, uint32_t firstHeap, uint32_t heapCount);
       |                  ^
       |                    _Nonnull
/Users/runner/work/PTVisionPro/PTVisionPro/build/deps/vma-src/include/vk_mem_alloc.h:10728:35: warning: pointer is missing a nullability type specifier (_Nonnull, _Nullable, or _Null_unspecified) [-Wnullability-completeness]
 10728 |     static void GetAllocationInfo(VmaAllocation hAllocation, VmaAllocationInfo* pAllocationInfo);
       |                                   ^
/Users/runner/work/PTVisionPro/PTVisionPro/build/deps/vma-src/include/vk_mem_alloc.h:10728:35: note: insert '_Nullable' if the pointer may be null
 10728 |     static void GetAllocationInfo(VmaAllocation hAllocation, VmaAllocationInfo* pAllocationInfo);
       |                                   ^
       |                                                 _Nullable
/Users/runner/work/PTVisionPro/PTVisionPro/build/deps/vma-src/include/vk_mem_alloc.h:10728:35: note: insert '_Nonnull' if the pointer should never be null
 10728 |     static void GetAllocationInfo(VmaAllocation hAllocation, VmaAllocationInfo* pAllocationInfo);
       |                                   ^
       |                                                 _Nonnull
/Users/runner/work/PTVisionPro/PTVisionPro/build/deps/vma-src/include/vk_mem_alloc.h:10728:79: warning: pointer is missing a nullability type specifier (_Nonnull, _Nullable, or _Null_unspecified) [-Wnullability-completeness]
 10728 |     static void GetAllocationInfo(VmaAllocation hAllocation, VmaAllocationInfo* pAllocationInfo);
       |                                                                               ^
/Users/runner/work/PTVisionPro/PTVisionPro/build/deps/vma-src/include/vk_mem_alloc.h:10728:79: note: insert '_Nullable' if the pointer may be null
 10728 |     static void GetAllocationInfo(VmaAllocation hAllocation, VmaAllocationInfo* pAllocationInfo);
       |                                                                               ^
       |                                                                                 _Nullable
/Users/runner/work/PTVisionPro/PTVisionPro/build/deps/vma-src/include/vk_mem_alloc.h:10728:79: note: insert '_Nonnull' if the pointer should never be null
 10728 |     static void GetAllocationInfo(VmaAllocation hAllocation, VmaAllocationInfo* pAllocationInfo);
       |                                                                               ^
       |                                                                                 _Nonnull
/Users/runner/work/PTVisionPro/PTVisionPro/build/deps/vma-src/include/vk_mem_alloc.h:10729:36: warning: pointer is missing a nullability type specifier (_Nonnull, _Nullable, or _Null_unspecified) [-Wnullability-completeness]
 10729 |     static void GetAllocationInfo2(VmaAllocation hAllocation, VmaAllocationInfo2* pAllocationInfo);
       |                                    ^
/Users/runner/work/PTVisionPro/PTVisionPro/build/deps/vma-src/include/vk_mem_alloc.h:10729:36: note: insert '_Nullable' if the pointer may be null
 10729 |     static void GetAllocationInfo2(VmaAllocation hAllocation, VmaAllocationInfo2* pAllocationInfo);
       |                                    ^
       |                                                  _Nullable
/Users/runner/work/PTVisionPro/PTVisionPro/build/deps/vma-src/include/vk_mem_alloc.h:10729:36: note: insert '_Nonnull' if the pointer should never be null
 10729 |     static void GetAllocationInfo2(VmaAllocation hAllocation, VmaAllocationInfo2* pAllocationInfo);
       |                                    ^
       |                                                  _Nonnull
/Users/runner/work/PTVisionPro/PTVisionPro/build/deps/vma-src/include/vk_mem_alloc.h:10729:81: warning: pointer is missing a nullability type specifier (_Nonnull, _Nullable, or _Null_unspecified) [-Wnullability-completeness]
 10729 |     static void GetAllocationInfo2(VmaAllocation hAllocation, VmaAllocationInfo2* pAllocationInfo);
       |                                                                                 ^
/Users/runner/work/PTVisionPro/PTVisionPro/build/deps/vma-src/include/vk_mem_alloc.h:10729:81: note: insert '_Nullable' if the pointer may be null
 10729 |     static void GetAllocationInfo2(VmaAllocation hAllocation, VmaAllocationInfo2* pAllocationInfo);
       |                                                                                 ^
       |                                                                                   _Nullable
/Users/runner/work/PTVisionPro/PTVisionPro/build/deps/vma-src/include/vk_mem_alloc.h:10729:81: note: insert '_Nonnull' if the pointer should never be null
 10729 |     static void GetAllocationInfo2(VmaAllocation hAllocation, VmaAllocationInfo2* pAllocationInfo);
       |                                                                                 ^
       |                                                                                   _Nonnull
/Users/runner/work/PTVisionPro/PTVisionPro/build/deps/vma-src/include/vk_mem_alloc.h:10731:48: warning: pointer is missing a nullability type specifier (_Nonnull, _Nullable, or _Null_unspecified) [-Wnullability-completeness]
 10731 |     VkResult CreatePool(const VmaPoolCreateInfo* pCreateInfo, VmaPool* pPool);
       |                                                ^
/Users/runner/work/PTVisionPro/PTVisionPro/build/deps/vma-src/include/vk_mem_alloc.h:10731:48: note: insert '_Nullable' if the pointer may be null
 10731 |     VkResult CreatePool(const VmaPoolCreateInfo* pCreateInfo, VmaPool* pPool);
       |                                                ^
       |                                                  _Nullable
/Users/runner/work/PTVisionPro/PTVisionPro/build/deps/vma-src/include/vk_mem_alloc.h:10731:48: note: insert '_Nonnull' if the pointer should never be null
 10731 |     VkResult CreatePool(const VmaPoolCreateInfo* pCreateInfo, VmaPool* pPool);
       |                                                ^
       |                                                  _Nonnull
/Users/runner/work/PTVisionPro/PTVisionPro/build/deps/vma-src/include/vk_mem_alloc.h:10731:63: warning: pointer is missing a nullability type specifier (_Nonnull, _Nullable, or _Null_unspecified) [-Wnullability-completeness]
 10731 |     VkResult CreatePool(const VmaPoolCreateInfo* pCreateInfo, VmaPool* pPool);
       |                                                               ^
/Users/runner/work/PTVisionPro/PTVisionPro/build/deps/vma-src/include/vk_mem_alloc.h:10731:63: note: insert '_Nullable' if the pointer may be null
 10731 |     VkResult CreatePool(const VmaPoolCreateInfo* pCreateInfo, VmaPool* pPool);
       |                                                               ^      
       |                                                                       _Nullable 
/Users/runner/work/PTVisionPro/PTVisionPro/build/deps/vma-src/include/vk_mem_alloc.h:10731:63: note: insert '_Nonnull' if the pointer should never be null
 10731 |     VkResult CreatePool(const VmaPoolCreateInfo* pCreateInfo, VmaPool* pPool);
       |                                                               ^      
       |                                                                       _Nonnull 
/Users/runner/work/PTVisionPro/PTVisionPro/build/deps/vma-src/include/vk_mem_alloc.h:10731:70: warning: pointer is missing a nullability type specifier (_Nonnull, _Nullable, or _Null_unspecified) [-Wnullability-completeness]
 10731 |     VkResult CreatePool(const VmaPoolCreateInfo* pCreateInfo, VmaPool* pPool);
       |                                                                      ^
/Users/runner/work/PTVisionPro/PTVisionPro/build/deps/vma-src/include/vk_mem_alloc.h:10731:70: note: insert '_Nullable' if the pointer may be null
 10731 |     VkResult CreatePool(const VmaPoolCreateInfo* pCreateInfo, VmaPool* pPool);
       |                                                                      ^
       |                                                                        _Nullable
/Users/runner/work/PTVisionPro/PTVisionPro/build/deps/vma-src/include/vk_mem_alloc.h:10731:70: note: insert '_Nonnull' if the pointer should never be null
 10731 |     VkResult CreatePool(const VmaPoolCreateInfo* pCreateInfo, VmaPool* pPool);
       |                                                                      ^
       |                                                                        _Nonnull
/Users/runner/work/PTVisionPro/PTVisionPro/build/deps/vma-src/include/vk_mem_alloc.h:10732:22: warning: pointer is missing a nullability type specifier (_Nonnull, _Nullable, or _Null_unspecified) [-Wnullability-completeness]
 10732 |     void DestroyPool(VmaPool pool);
       |                      ^
/Users/runner/work/PTVisionPro/PTVisionPro/build/deps/vma-src/include/vk_mem_alloc.h:10732:22: note: insert '_Nullable' if the pointer may be null
 10732 |     void DestroyPool(VmaPool pool);
       |                      ^
       |                              _Nullable
/Users/runner/work/PTVisionPro/PTVisionPro/build/deps/vma-src/include/vk_mem_alloc.h:10732:22: note: insert '_Nonnull' if the pointer should never be null
 10732 |     void DestroyPool(VmaPool pool);
       |                      ^
       |                              _Nonnull
/Users/runner/work/PTVisionPro/PTVisionPro/build/deps/vma-src/include/vk_mem_alloc.h:10733:35: warning: pointer is missing a nullability type specifier (_Nonnull, _Nullable, or _Null_unspecified) [-Wnullability-completeness]
 10733 |     static void GetPoolStatistics(VmaPool pool, VmaStatistics* pPoolStats);
       |                                   ^
/Users/runner/work/PTVisionPro/PTVisionPro/build/deps/vma-src/include/vk_mem_alloc.h:10733:35: note: insert '_Nullable' if the pointer may be null
 10733 |     static void GetPoolStatistics(VmaPool pool, VmaStatistics* pPoolStats);
       |                                   ^
       |                                           _Nullable
/Users/runner/work/PTVisionPro/PTVisionPro/build/deps/vma-src/include/vk_mem_alloc.h:10733:35: note: insert '_Nonnull' if the pointer should never be null
 10733 |     static void GetPoolStatistics(VmaPool pool, VmaStatistics* pPoolStats);
       |                                   ^
       |                                           _Nonnull
/Users/runner/work/PTVisionPro/PTVisionPro/build/deps/vma-src/include/vk_mem_alloc.h:10733:62: warning: pointer is missing a nullability type specifier (_Nonnull, _Nullable, or _Null_unspecified) [-Wnullability-completeness]
 10733 |     static void GetPoolStatistics(VmaPool pool, VmaStatistics* pPoolStats);
       |                                                              ^
/Users/runner/work/PTVisionPro/PTVisionPro/build/deps/vma-src/include/vk_mem_alloc.h:10733:62: note: insert '_Nullable' if the pointer may be null
 10733 |     static void GetPoolStatistics(VmaPool pool, VmaStatistics* pPoolStats);
       |                                                              ^
       |                                                                _Nullable
/Users/runner/work/PTVisionPro/PTVisionPro/build/deps/vma-src/include/vk_mem_alloc.h:10733:62: note: insert '_Nonnull' if the pointer should never be null
 10733 |     static void GetPoolStatistics(VmaPool pool, VmaStatistics* pPoolStats);
       |                                                              ^
       |                                                                _Nonnull
/Users/runner/work/PTVisionPro/PTVisionPro/build/deps/vma-src/include/vk_mem_alloc.h:10734:41: warning: pointer is missing a nullability type specifier (_Nonnull, _Nullable, or _Null_unspecified) [-Wnullability-completeness]
 10734 |     static void CalculatePoolStatistics(VmaPool pool, VmaDetailedStatistics* pPoolStats);
       |                                         ^
/Users/runner/work/PTVisionPro/PTVisionPro/build/deps/vma-src/include/vk_mem_alloc.h:10734:41: note: insert '_Nullable' if the pointer may be null
 10734 |     static void CalculatePoolStatistics(VmaPool pool, VmaDetailedStatistics* pPoolStats);
       |                                         ^
       |                                                 _Nullable
/Users/runner/work/PTVisionPro/PTVisionPro/build/deps/vma-src/include/vk_mem_alloc.h:10734:41: note: insert '_Nonnull' if the pointer should never be null
 10734 |     static void CalculatePoolStatistics(VmaPool pool, VmaDetailedStatistics* pPoolStats);
       |                                         ^
       |                                                 _Nonnull
/Users/runner/work/PTVisionPro/PTVisionPro/build/deps/vma-src/include/vk_mem_alloc.h:10734:76: warning: pointer is missing a nullability type specifier (_Nonnull, _Nullable, or _Null_unspecified) [-Wnullability-completeness]
 10734 |     static void CalculatePoolStatistics(VmaPool pool, VmaDetailedStatistics* pPoolStats);
       |                                                                            ^
/Users/runner/work/PTVisionPro/PTVisionPro/build/deps/vma-src/include/vk_mem_alloc.h:10734:76: note: insert '_Nullable' if the pointer may be null
 10734 |     static void CalculatePoolStatistics(VmaPool pool, VmaDetailedStatistics* pPoolStats);
       |                                                                            ^
       |                                                                              _Nullable
/Users/runner/work/PTVisionPro/PTVisionPro/build/deps/vma-src/include/vk_mem_alloc.h:10734:76: note: insert '_Nonnull' if the pointer should never be null
 10734 |     static void CalculatePoolStatistics(VmaPool pool, VmaDetailedStatistics* pPoolStats);
       |                                                                            ^
       |                                                                              _Nonnull
/Users/runner/work/PTVisionPro/PTVisionPro/build/deps/vma-src/include/vk_mem_alloc.h:10739:41: warning: pointer is missing a nullability type specifier (_Nonnull, _Nullable, or _Null_unspecified) [-Wnullability-completeness]
 10739 |     static VkResult CheckPoolCorruption(VmaPool hPool);
       |                                         ^
/Users/runner/work/PTVisionPro/PTVisionPro/build/deps/vma-src/include/vk_mem_alloc.h:10739:41: note: insert '_Nullable' if the pointer may be null
 10739 |     static VkResult CheckPoolCorruption(VmaPool hPool);
       |                                         ^
       |                                                 _Nullable
/Users/runner/work/PTVisionPro/PTVisionPro/build/deps/vma-src/include/vk_mem_alloc.h:10739:41: note: insert '_Nonnull' if the pointer should never be null
 10739 |     static VkResult CheckPoolCorruption(VmaPool hPool);
       |                                         ^
       |                                                 _Nonnull
/Users/runner/work/PTVisionPro/PTVisionPro/build/deps/vma-src/include/vk_mem_alloc.h:10743:61: warning: pointer is missing a nullability type specifier (_Nonnull, _Nullable, or _Null_unspecified) [-Wnullability-completeness]
 10743 |     VkResult AllocateVulkanMemory(const VkMemoryAllocateInfo* pAllocateInfo, VkDeviceMemory* pMemory);
       |                                                             ^
/Users/runner/work/PTVisionPro/PTVisionPro/build/deps/vma-src/include/vk_mem_alloc.h:10743:61: note: insert '_Nullable' if the pointer may be null
 10743 |     VkResult AllocateVulkanMemory(const VkMemoryAllocateInfo* pAllocateInfo, VkDeviceMemory* pMemory);
       |                                                             ^
       |                                                               _Nullable
/Users/runner/work/PTVisionPro/PTVisionPro/build/deps/vma-src/include/vk_mem_alloc.h:10743:61: note: insert '_Nonnull' if the pointer should never be null
 10743 |     VkResult AllocateVulkanMemory(const VkMemoryAllocateInfo* pAllocateInfo, VkDeviceMemory* pMemory);
       |                                                             ^
       |                                                               _Nonnull
/Users/runner/work/PTVisionPro/PTVisionPro/build/deps/vma-src/include/vk_mem_alloc.h:10743:78: warning: pointer is missing a nullability type specifier (_Nonnull, _Nullable, or _Null_unspecified) [-Wnullability-completeness]
 10743 |     VkResult AllocateVulkanMemory(const VkMemoryAllocateInfo* pAllocateInfo, VkDeviceMemory* pMemory);
       |                                                                              ^
/Users/runner/work/PTVisionPro/PTVisionPro/build/deps/vma-src/include/vk_mem_alloc.h:10743:78: note: insert '_Nullable' if the pointer may be null
 10743 |     VkResult AllocateVulkanMemory(const VkMemoryAllocateInfo* pAllocateInfo, VkDeviceMemory* pMemory);
       |                                                                              ^             
       |                                                                                             _Nullable 
/Users/runner/work/PTVisionPro/PTVisionPro/build/deps/vma-src/include/vk_mem_alloc.h:10743:78: note: insert '_Nonnull' if the pointer should never be null
 10743 |     VkResult AllocateVulkanMemory(const VkMemoryAllocateInfo* pAllocateInfo, VkDeviceMemory* pMemory);
       |                                                                              ^             
       |                                                                                             _Nonnull 
/Users/runner/work/PTVisionPro/PTVisionPro/build/deps/vma-src/include/vk_mem_alloc.h:10743:92: warning: pointer is missing a nullability type specifier (_Nonnull, _Nullable, or _Null_unspecified) [-Wnullability-completeness]
 10743 |     VkResult AllocateVulkanMemory(const VkMemoryAllocateInfo* pAllocateInfo, VkDeviceMemory* pMemory);
       |                                                                                            ^
/Users/runner/work/PTVisionPro/PTVisionPro/build/deps/vma-src/include/vk_mem_alloc.h:10743:92: note: insert '_Nullable' if the pointer may be null
 10743 |     VkResult AllocateVulkanMemory(const VkMemoryAllocateInfo* pAllocateInfo, VkDeviceMemory* pMemory);
       |                                                                                            ^
       |                                                                                              _Nullable
/Users/runner/work/PTVisionPro/PTVisionPro/build/deps/vma-src/include/vk_mem_alloc.h:10743:92: note: insert '_Nonnull' if the pointer should never be null
 10743 |     VkResult AllocateVulkanMemory(const VkMemoryAllocateInfo* pAllocateInfo, VkDeviceMemory* pMemory);
       |                                                                                            ^
       |                                                                                              _Nonnull
/Users/runner/work/PTVisionPro/PTVisionPro/build/deps/vma-src/include/vk_mem_alloc.h:10745:67: warning: pointer is missing a nullability type specifier (_Nonnull, _Nullable, or _Null_unspecified) [-Wnullability-completeness]
 10745 |     void FreeVulkanMemory(uint32_t memoryType, VkDeviceSize size, VkDeviceMemory hMemory);
       |                                                                   ^
/Users/runner/work/PTVisionPro/PTVisionPro/build/deps/vma-src/include/vk_mem_alloc.h:10745:67: note: insert '_Nullable' if the pointer may be null
 10745 |     void FreeVulkanMemory(uint32_t memoryType, VkDeviceSize size, VkDeviceMemory hMemory);
       |                                                                   ^
       |                                                                                  _Nullable
/Users/runner/work/PTVisionPro/PTVisionPro/build/deps/vma-src/include/vk_mem_alloc.h:10745:67: note: insert '_Nonnull' if the pointer should never be null
 10745 |     void FreeVulkanMemory(uint32_t memoryType, VkDeviceSize size, VkDeviceMemory hMemory);
       |                                                                   ^
       |                                                                                  _Nonnull
/Users/runner/work/PTVisionPro/PTVisionPro/build/deps/vma-src/include/vk_mem_alloc.h:10748:9: warning: pointer is missing a nullability type specifier (_Nonnull, _Nullable, or _Null_unspecified) [-Wnullability-completeness]
 10748 |         VkDeviceMemory memory,
       |         ^
/Users/runner/work/PTVisionPro/PTVisionPro/build/deps/vma-src/include/vk_mem_alloc.h:10748:9: note: insert '_Nullable' if the pointer may be null
 10748 |         VkDeviceMemory memory,
       |         ^
       |                        _Nullable
/Users/runner/work/PTVisionPro/PTVisionPro/build/deps/vma-src/include/vk_mem_alloc.h:10748:9: note: insert '_Nonnull' if the pointer should never be null
 10748 |         VkDeviceMemory memory,
       |         ^
       |                        _Nonnull
/Users/runner/work/PTVisionPro/PTVisionPro/build/deps/vma-src/include/vk_mem_alloc.h:10750:9: warning: pointer is missing a nullability type specifier (_Nonnull, _Nullable, or _Null_unspecified) [-Wnullability-completeness]
 10750 |         VkBuffer buffer,
       |         ^
/Users/runner/work/PTVisionPro/PTVisionPro/build/deps/vma-src/include/vk_mem_alloc.h:10750:9: note: insert '_Nullable' if the pointer may be null
 10750 |         VkBuffer buffer,
       |         ^
       |                  _Nullable
/Users/runner/work/PTVisionPro/PTVisionPro/build/deps/vma-src/include/vk_mem_alloc.h:10750:9: note: insert '_Nonnull' if the pointer should never be null
 10750 |         VkBuffer buffer,
       |         ^
       |                  _Nonnull
/Users/runner/work/PTVisionPro/PTVisionPro/build/deps/vma-src/include/vk_mem_alloc.h:10751:19: warning: pointer is missing a nullability type specifier (_Nonnull, _Nullable, or _Null_unspecified) [-Wnullability-completeness]
 10751 |         const void* pNext) const;
       |                   ^
/Users/runner/work/PTVisionPro/PTVisionPro/build/deps/vma-src/include/vk_mem_alloc.h:10751:19: note: insert '_Nullable' if the pointer may be null
 10751 |         const void* pNext) const;
       |                   ^
       |                     _Nullable
/Users/runner/work/PTVisionPro/PTVisionPro/build/deps/vma-src/include/vk_mem_alloc.h:10751:19: note: insert '_Nonnull' if the pointer should never be null
 10751 |         const void* pNext) const;
       |                   ^
       |                     _Nonnull
/Users/runner/work/PTVisionPro/PTVisionPro/build/deps/vma-src/include/vk_mem_alloc.h:10754:9: warning: pointer is missing a nullability type specifier (_Nonnull, _Nullable, or _Null_unspecified) [-Wnullability-completeness]
 10754 |         VkDeviceMemory memory,
       |         ^
/Users/runner/work/PTVisionPro/PTVisionPro/build/deps/vma-src/include/vk_mem_alloc.h:10754:9: note: insert '_Nullable' if the pointer may be null
 10754 |         VkDeviceMemory memory,
       |         ^
       |                        _Nullable
/Users/runner/work/PTVisionPro/PTVisionPro/build/deps/vma-src/include/vk_mem_alloc.h:10754:9: note: insert '_Nonnull' if the pointer should never be null
 10754 |         VkDeviceMemory memory,
       |         ^
       |                        _Nonnull
/Users/runner/work/PTVisionPro/PTVisionPro/build/deps/vma-src/include/vk_mem_alloc.h:10756:9: warning: pointer is missing a nullability type specifier (_Nonnull, _Nullable, or _Null_unspecified) [-Wnullability-completeness]
 10756 |         VkImage image,
       |         ^
/Users/runner/work/PTVisionPro/PTVisionPro/build/deps/vma-src/include/vk_mem_alloc.h:10756:9: note: insert '_Nullable' if the pointer may be null
 10756 |         VkImage image,
       |         ^
       |                 _Nullable
/Users/runner/work/PTVisionPro/PTVisionPro/build/deps/vma-src/include/vk_mem_alloc.h:10756:9: note: insert '_Nonnull' if the pointer should never be null
 10756 |         VkImage image,
       |         ^
       |                 _Nonnull
/Users/runner/work/PTVisionPro/PTVisionPro/build/deps/vma-src/include/vk_mem_alloc.h:10757:19: warning: pointer is missing a nullability type specifier (_Nonnull, _Nullable, or _Null_unspecified) [-Wnullability-completeness]
 10757 |         const void* pNext) const;
       |                   ^
/Users/runner/work/PTVisionPro/PTVisionPro/build/deps/vma-src/include/vk_mem_alloc.h:10757:19: note: insert '_Nullable' if the pointer may be null
 10757 |         const void* pNext) const;
       |                   ^
       |                     _Nullable
/Users/runner/work/PTVisionPro/PTVisionPro/build/deps/vma-src/include/vk_mem_alloc.h:10757:19: note: insert '_Nonnull' if the pointer should never be null
 10757 |         const void* pNext) const;
       |                   ^
       |                     _Nonnull
/Users/runner/work/PTVisionPro/PTVisionPro/build/deps/vma-src/include/vk_mem_alloc.h:10759:18: warning: pointer is missing a nullability type specifier (_Nonnull, _Nullable, or _Null_unspecified) [-Wnullability-completeness]
 10759 |     VkResult Map(VmaAllocation hAllocation, void** ppData);
       |                  ^
/Users/runner/work/PTVisionPro/PTVisionPro/build/deps/vma-src/include/vk_mem_alloc.h:10759:18: note: insert '_Nullable' if the pointer may be null
 10759 |     VkResult Map(VmaAllocation hAllocation, void** ppData);
       |                  ^
       |                                _Nullable
/Users/runner/work/PTVisionPro/PTVisionPro/build/deps/vma-src/include/vk_mem_alloc.h:10759:18: note: insert '_Nonnull' if the pointer should never be null
 10759 |     VkResult Map(VmaAllocation hAllocation, void** ppData);
       |                  ^
       |                                _Nonnull
/Users/runner/work/PTVisionPro/PTVisionPro/build/deps/vma-src/include/vk_mem_alloc.h:10759:49: warning: pointer is missing a nullability type specifier (_Nonnull, _Nullable, or _Null_unspecified) [-Wnullability-completeness]
 10759 |     VkResult Map(VmaAllocation hAllocation, void** ppData);
       |                                                 ^
/Users/runner/work/PTVisionPro/PTVisionPro/build/deps/vma-src/include/vk_mem_alloc.h:10759:49: note: insert '_Nullable' if the pointer may be null
 10759 |     VkResult Map(VmaAllocation hAllocation, void** ppData);
       |                                                 ^
       |                                                  _Nullable
/Users/runner/work/PTVisionPro/PTVisionPro/build/deps/vma-src/include/vk_mem_alloc.h:10759:49: note: insert '_Nonnull' if the pointer should never be null
 10759 |     VkResult Map(VmaAllocation hAllocation, void** ppData);
       |                                                 ^
       |                                                  _Nonnull
/Users/runner/work/PTVisionPro/PTVisionPro/build/deps/vma-src/include/vk_mem_alloc.h:10759:50: warning: pointer is missing a nullability type specifier (_Nonnull, _Nullable, or _Null_unspecified) [-Wnullability-completeness]
 10759 |     VkResult Map(VmaAllocation hAllocation, void** ppData);
       |                                                  ^
/Users/runner/work/PTVisionPro/PTVisionPro/build/deps/vma-src/include/vk_mem_alloc.h:10759:50: note: insert '_Nullable' if the pointer may be null
 10759 |     VkResult Map(VmaAllocation hAllocation, void** ppData);
       |                                                  ^
       |                                                    _Nullable
/Users/runner/work/PTVisionPro/PTVisionPro/build/deps/vma-src/include/vk_mem_alloc.h:10759:50: note: insert '_Nonnull' if the pointer should never be null
 10759 |     VkResult Map(VmaAllocation hAllocation, void** ppData);
       |                                                  ^
       |                                                    _Nonnull
/Users/runner/work/PTVisionPro/PTVisionPro/build/deps/vma-src/include/vk_mem_alloc.h:10760:16: warning: pointer is missing a nullability type specifier (_Nonnull, _Nullable, or _Null_unspecified) [-Wnullability-completeness]
 10760 |     void Unmap(VmaAllocation hAllocation);
       |                ^
/Users/runner/work/PTVisionPro/PTVisionPro/build/deps/vma-src/include/vk_mem_alloc.h:10760:16: note: insert '_Nullable' if the pointer may be null
 10760 |     void Unmap(VmaAllocation hAllocation);
       |                ^
       |                              _Nullable
/Users/runner/work/PTVisionPro/PTVisionPro/build/deps/vma-src/include/vk_mem_alloc.h:10760:16: note: insert '_Nonnull' if the pointer should never be null
 10760 |     void Unmap(VmaAllocation hAllocation);
       |                ^
       |                              _Nonnull
/Users/runner/work/PTVisionPro/PTVisionPro/build/deps/vma-src/include/vk_mem_alloc.h:10763:9: warning: pointer is missing a nullability type specifier (_Nonnull, _Nullable, or _Null_unspecified) [-Wnullability-completeness]
 10763 |         VmaAllocation hAllocation,
       |         ^
/Users/runner/work/PTVisionPro/PTVisionPro/build/deps/vma-src/include/vk_mem_alloc.h:10763:9: note: insert '_Nullable' if the pointer may be null
 10763 |         VmaAllocation hAllocation,
       |         ^
       |                       _Nullable
/Users/runner/work/PTVisionPro/PTVisionPro/build/deps/vma-src/include/vk_mem_alloc.h:10763:9: note: insert '_Nonnull' if the pointer should never be null
 10763 |         VmaAllocation hAllocation,
       |         ^
       |                       _Nonnull
/Users/runner/work/PTVisionPro/PTVisionPro/build/deps/vma-src/include/vk_mem_alloc.h:10765:9: warning: pointer is missing a nullability type specifier (_Nonnull, _Nullable, or _Null_unspecified) [-Wnullability-completeness]
 10765 |         VkBuffer hBuffer,
       |         ^
/Users/runner/work/PTVisionPro/PTVisionPro/build/deps/vma-src/include/vk_mem_alloc.h:10765:9: note: insert '_Nullable' if the pointer may be null
 10765 |         VkBuffer hBuffer,
       |         ^
       |                  _Nullable
/Users/runner/work/PTVisionPro/PTVisionPro/build/deps/vma-src/include/vk_mem_alloc.h:10765:9: note: insert '_Nonnull' if the pointer should never be null
 10765 |         VkBuffer hBuffer,
       |         ^
       |                  _Nonnull
/Users/runner/work/PTVisionPro/PTVisionPro/build/deps/vma-src/include/vk_mem_alloc.h:10766:19: warning: pointer is missing a nullability type specifier (_Nonnull, _Nullable, or _Null_unspecified) [-Wnullability-completeness]
 10766 |         const void* pNext);
       |                   ^
/Users/runner/work/PTVisionPro/PTVisionPro/build/deps/vma-src/include/vk_mem_alloc.h:10766:19: note: insert '_Nullable' if the pointer may be null
 10766 |         const void* pNext);
       |                   ^
       |                     _Nullable
/Users/runner/work/PTVisionPro/PTVisionPro/build/deps/vma-src/include/vk_mem_alloc.h:10766:19: note: insert '_Nonnull' if the pointer should never be null
 10766 |         const void* pNext);
       |                   ^
       |                     _Nonnull
/Users/runner/work/PTVisionPro/PTVisionPro/build/deps/vma-src/include/vk_mem_alloc.h:10768:9: warning: pointer is missing a nullability type specifier (_Nonnull, _Nullable, or _Null_unspecified) [-Wnullability-completeness]
 10768 |         VmaAllocation hAllocation,
       |         ^
/Users/runner/work/PTVisionPro/PTVisionPro/build/deps/vma-src/include/vk_mem_alloc.h:10768:9: note: insert '_Nullable' if the pointer may be null
 10768 |         VmaAllocation hAllocation,
       |         ^
       |                       _Nullable
/Users/runner/work/PTVisionPro/PTVisionPro/build/deps/vma-src/include/vk_mem_alloc.h:10768:9: note: insert '_Nonnull' if the pointer should never be null
 10768 |         VmaAllocation hAllocation,
       |         ^
       |                       _Nonnull
/Users/runner/work/PTVisionPro/PTVisionPro/build/deps/vma-src/include/vk_mem_alloc.h:10770:9: warning: pointer is missing a nullability type specifier (_Nonnull, _Nullable, or _Null_unspecified) [-Wnullability-completeness]
 10770 |         VkImage hImage,
       |         ^
/Users/runner/work/PTVisionPro/PTVisionPro/build/deps/vma-src/include/vk_mem_alloc.h:10770:9: note: insert '_Nullable' if the pointer may be null
 10770 |         VkImage hImage,
       |         ^
       |                 _Nullable
/Users/runner/work/PTVisionPro/PTVisionPro/build/deps/vma-src/include/vk_mem_alloc.h:10770:9: note: insert '_Nonnull' if the pointer should never be null
 10770 |         VkImage hImage,
       |         ^
       |                 _Nonnull
/Users/runner/work/PTVisionPro/PTVisionPro/build/deps/vma-src/include/vk_mem_alloc.h:10771:19: warning: pointer is missing a nullability type specifier (_Nonnull, _Nullable, or _Null_unspecified) [-Wnullability-completeness]
 10771 |         const void* pNext);
       |                   ^
/Users/runner/work/PTVisionPro/PTVisionPro/build/deps/vma-src/include/vk_mem_alloc.h:10771:19: note: insert '_Nullable' if the pointer may be null
 10771 |         const void* pNext);
       |                   ^
       |                     _Nullable
/Users/runner/work/PTVisionPro/PTVisionPro/build/deps/vma-src/include/vk_mem_alloc.h:10771:19: note: insert '_Nonnull' if the pointer should never be null
 10771 |         const void* pNext);
       |                   ^
       |                     _Nonnull
/Users/runner/work/PTVisionPro/PTVisionPro/build/deps/vma-src/include/vk_mem_alloc.h:10774:9: warning: pointer is missing a nullability type specifier (_Nonnull, _Nullable, or _Null_unspecified) [-Wnullability-completeness]
 10774 |         VmaAllocation hAllocation,
       |         ^
/Users/runner/work/PTVisionPro/PTVisionPro/build/deps/vma-src/include/vk_mem_alloc.h:10774:9: note: insert '_Nullable' if the pointer may be null
 10774 |         VmaAllocation hAllocation,
       |         ^
       |                       _Nullable
/Users/runner/work/PTVisionPro/PTVisionPro/build/deps/vma-src/include/vk_mem_alloc.h:10774:9: note: insert '_Nonnull' if the pointer should never be null
 10774 |         VmaAllocation hAllocation,
       |         ^
       |                       _Nonnull
/Users/runner/work/PTVisionPro/PTVisionPro/build/deps/vma-src/include/vk_mem_alloc.h:10779:15: warning: pointer is missing a nullability type specifier (_Nonnull, _Nullable, or _Null_unspecified) [-Wnullability-completeness]
 10779 |         const VmaAllocation* allocations,
       |               ^
/Users/runner/work/PTVisionPro/PTVisionPro/build/deps/vma-src/include/vk_mem_alloc.h:10779:15: note: insert '_Nullable' if the pointer may be null
 10779 |         const VmaAllocation* allocations,
       |               ^            
       |                             _Nullable 
/Users/runner/work/PTVisionPro/PTVisionPro/build/deps/vma-src/include/vk_mem_alloc.h:10779:15: note: insert '_Nonnull' if the pointer should never be null
 10779 |         const VmaAllocation* allocations,
       |               ^            
       |                             _Nonnull 
/Users/runner/work/PTVisionPro/PTVisionPro/build/deps/vma-src/include/vk_mem_alloc.h:10779:28: warning: pointer is missing a nullability type specifier (_Nonnull, _Nullable, or _Null_unspecified) [-Wnullability-completeness]
 10779 |         const VmaAllocation* allocations,
       |                            ^
/Users/runner/work/PTVisionPro/PTVisionPro/build/deps/vma-src/include/vk_mem_alloc.h:10779:28: note: insert '_Nullable' if the pointer may be null
 10779 |         const VmaAllocation* allocations,
       |                            ^
       |                              _Nullable
/Users/runner/work/PTVisionPro/PTVisionPro/build/deps/vma-src/include/vk_mem_alloc.h:10779:28: note: insert '_Nonnull' if the pointer should never be null
 10779 |         const VmaAllocation* allocations,
       |                            ^
       |                              _Nonnull
/Users/runner/work/PTVisionPro/PTVisionPro/build/deps/vma-src/include/vk_mem_alloc.h:10780:27: warning: pointer is missing a nullability type specifier (_Nonnull, _Nullable, or _Null_unspecified) [-Wnullability-completeness]
 10780 |         const VkDeviceSize* offsets, const VkDeviceSize* sizes,
       |                           ^
/Users/runner/work/PTVisionPro/PTVisionPro/build/deps/vma-src/include/vk_mem_alloc.h:10780:27: note: insert '_Nullable' if the pointer may be null
 10780 |         const VkDeviceSize* offsets, const VkDeviceSize* sizes,
       |                           ^
       |                             _Nullable
/Users/runner/work/PTVisionPro/PTVisionPro/build/deps/vma-src/include/vk_mem_alloc.h:10780:27: note: insert '_Nonnull' if the pointer should never be null
 10780 |         const VkDeviceSize* offsets, const VkDeviceSize* sizes,
       |                           ^
       |                             _Nonnull
/Users/runner/work/PTVisionPro/PTVisionPro/build/deps/vma-src/include/vk_mem_alloc.h:10780:56: warning: pointer is missing a nullability type specifier (_Nonnull, _Nullable, or _Null_unspecified) [-Wnullability-completeness]
 10780 |         const VkDeviceSize* offsets, const VkDeviceSize* sizes,
       |                                                        ^
/Users/runner/work/PTVisionPro/PTVisionPro/build/deps/vma-src/include/vk_mem_alloc.h:10780:56: note: insert '_Nullable' if the pointer may be null
 10780 |         const VkDeviceSize* offsets, const VkDeviceSize* sizes,
       |                                                        ^
       |                                                          _Nullable
/Users/runner/work/PTVisionPro/PTVisionPro/build/deps/vma-src/include/vk_mem_alloc.h:10780:56: note: insert '_Nonnull' if the pointer should never be null
 10780 |         const VkDeviceSize* offsets, const VkDeviceSize* sizes,
       |                                                        ^
       |                                                          _Nonnull
/Users/runner/work/PTVisionPro/PTVisionPro/build/deps/vma-src/include/vk_mem_alloc.h:10784:19: warning: pointer is missing a nullability type specifier (_Nonnull, _Nullable, or _Null_unspecified) [-Wnullability-completeness]
 10784 |         const void* pSrcHostPointer,
       |                   ^
/Users/runner/work/PTVisionPro/PTVisionPro/build/deps/vma-src/include/vk_mem_alloc.h:10784:19: note: insert '_Nullable' if the pointer may be null
 10784 |         const void* pSrcHostPointer,
       |                   ^
       |                     _Nullable
/Users/runner/work/PTVisionPro/PTVisionPro/build/deps/vma-src/include/vk_mem_alloc.h:10784:19: note: insert '_Nonnull' if the pointer should never be null
 10784 |         const void* pSrcHostPointer,
       |                   ^
       |                     _Nonnull
/Users/runner/work/PTVisionPro/PTVisionPro/build/deps/vma-src/include/vk_mem_alloc.h:10785:9: warning: pointer is missing a nullability type specifier (_Nonnull, _Nullable, or _Null_unspecified) [-Wnullability-completeness]
 10785 |         VmaAllocation dstAllocation,
       |         ^
/Users/runner/work/PTVisionPro/PTVisionPro/build/deps/vma-src/include/vk_mem_alloc.h:10785:9: note: insert '_Nullable' if the pointer may be null
 10785 |         VmaAllocation dstAllocation,
       |         ^
       |                       _Nullable
/Users/runner/work/PTVisionPro/PTVisionPro/build/deps/vma-src/include/vk_mem_alloc.h:10785:9: note: insert '_Nonnull' if the pointer should never be null
 10785 |         VmaAllocation dstAllocation,
       |         ^
       |                       _Nonnull
/Users/runner/work/PTVisionPro/PTVisionPro/build/deps/vma-src/include/vk_mem_alloc.h:10789:9: warning: pointer is missing a nullability type specifier (_Nonnull, _Nullable, or _Null_unspecified) [-Wnullability-completeness]
 10789 |         VmaAllocation srcAllocation,
       |         ^
/Users/runner/work/PTVisionPro/PTVisionPro/build/deps/vma-src/include/vk_mem_alloc.h:10789:9: note: insert '_Nullable' if the pointer may be null
 10789 |         VmaAllocation srcAllocation,
       |         ^
       |                       _Nullable
/Users/runner/work/PTVisionPro/PTVisionPro/build/deps/vma-src/include/vk_mem_alloc.h:10789:9: note: insert '_Nonnull' if the pointer should never be null
 10789 |         VmaAllocation srcAllocation,
       |         ^
       |                       _Nonnull
/Users/runner/work/PTVisionPro/PTVisionPro/build/deps/vma-src/include/vk_mem_alloc.h:10791:13: warning: pointer is missing a nullability type specifier (_Nonnull, _Nullable, or _Null_unspecified) [-Wnullability-completeness]
 10791 |         void* pDstHostPointer,
       |             ^
/Users/runner/work/PTVisionPro/PTVisionPro/build/deps/vma-src/include/vk_mem_alloc.h:10791:13: note: insert '_Nullable' if the pointer may be null
 10791 |         void* pDstHostPointer,
       |             ^
       |               _Nullable
/Users/runner/work/PTVisionPro/PTVisionPro/build/deps/vma-src/include/vk_mem_alloc.h:10791:13: note: insert '_Nonnull' if the pointer should never be null
 10791 |         void* pDstHostPointer,
       |             ^
       |               _Nonnull
/Users/runner/work/PTVisionPro/PTVisionPro/build/deps/vma-src/include/vk_mem_alloc.h:10794:25: warning: pointer is missing a nullability type specifier (_Nonnull, _Nullable, or _Null_unspecified) [-Wnullability-completeness]
 10794 |     void FillAllocation(VmaAllocation hAllocation, uint8_t pattern);
       |                         ^
/Users/runner/work/PTVisionPro/PTVisionPro/build/deps/vma-src/include/vk_mem_alloc.h:10794:25: note: insert '_Nullable' if the pointer may be null
 10794 |     void FillAllocation(VmaAllocation hAllocation, uint8_t pattern);
       |                         ^
       |                                       _Nullable
/Users/runner/work/PTVisionPro/PTVisionPro/build/deps/vma-src/include/vk_mem_alloc.h:10794:25: note: insert '_Nonnull' if the pointer should never be null
 10794 |     void FillAllocation(VmaAllocation hAllocation, uint8_t pattern);
       |                         ^
       |                                       _Nonnull
/Users/runner/work/PTVisionPro/PTVisionPro/build/deps/vma-src/include/vk_mem_alloc.h:10812:5: warning: pointer is missing a nullability type specifier (_Nonnull, _Nullable, or _Null_unspecified) [-Wnullability-completeness]
 10812 |     VkPhysicalDevice m_PhysicalDevice;
       |     ^
/Users/runner/work/PTVisionPro/PTVisionPro/build/deps/vma-src/include/vk_mem_alloc.h:10812:5: note: insert '_Nullable' if the pointer may be null
 10812 |     VkPhysicalDevice m_PhysicalDevice;
       |     ^
       |                      _Nullable
/Users/runner/work/PTVisionPro/PTVisionPro/build/deps/vma-src/include/vk_mem_alloc.h:10812:5: note: insert '_Nonnull' if the pointer should never be null
 10812 |     VkPhysicalDevice m_PhysicalDevice;
       |     ^
       |                      _Nonnull
/Users/runner/work/PTVisionPro/PTVisionPro/build/deps/vma-src/include/vk_mem_alloc.h:10830:56: warning: pointer is missing a nullability type specifier (_Nonnull, _Nullable, or _Null_unspecified) [-Wnullability-completeness]
 10830 |     void ImportVulkanFunctions(const VmaVulkanFunctions* pVulkanFunctions);
       |                                                        ^
/Users/runner/work/PTVisionPro/PTVisionPro/build/deps/vma-src/include/vk_mem_alloc.h:10830:56: note: insert '_Nullable' if the pointer may be null
 10830 |     void ImportVulkanFunctions(const VmaVulkanFunctions* pVulkanFunctions);
       |                                                        ^
       |                                                          _Nullable
/Users/runner/work/PTVisionPro/PTVisionPro/build/deps/vma-src/include/vk_mem_alloc.h:10830:56: note: insert '_Nonnull' if the pointer should never be null
 10830 |     void ImportVulkanFunctions(const VmaVulkanFunctions* pVulkanFunctions);
       |                                                        ^
       |                                                          _Nonnull
/Users/runner/work/PTVisionPro/PTVisionPro/build/deps/vma-src/include/vk_mem_alloc.h:10836:63: warning: pointer is missing a nullability type specifier (_Nonnull, _Nullable, or _Null_unspecified) [-Wnullability-completeness]
 10836 |     void ImportVulkanFunctions_Custom(const VmaVulkanFunctions* pVulkanFunctions);
       |                                                               ^
/Users/runner/work/PTVisionPro/PTVisionPro/build/deps/vma-src/include/vk_mem_alloc.h:10836:63: note: insert '_Nullable' if the pointer may be null
 10836 |     void ImportVulkanFunctions_Custom(const VmaVulkanFunctions* pVulkanFunctions);
       |                                                               ^
       |                                                                 _Nullable
/Users/runner/work/PTVisionPro/PTVisionPro/build/deps/vma-src/include/vk_mem_alloc.h:10836:63: note: insert '_Nonnull' if the pointer should never be null
 10836 |     void ImportVulkanFunctions_Custom(const VmaVulkanFunctions* pVulkanFunctions);
       |                                                               ^
       |                                                                 _Nonnull
/Users/runner/work/PTVisionPro/PTVisionPro/build/deps/vma-src/include/vk_mem_alloc.h:10847:9: warning: pointer is missing a nullability type specifier (_Nonnull, _Nullable, or _Null_unspecified) [-Wnullability-completeness]
 10847 |         VmaPool pool,
       |         ^
/Users/runner/work/PTVisionPro/PTVisionPro/build/deps/vma-src/include/vk_mem_alloc.h:10847:9: note: insert '_Nullable' if the pointer may be null
 10847 |         VmaPool pool,
       |         ^
       |                 _Nullable
/Users/runner/work/PTVisionPro/PTVisionPro/build/deps/vma-src/include/vk_mem_alloc.h:10847:9: note: insert '_Nonnull' if the pointer should never be null
 10847 |         VmaPool pool,
       |         ^
       |                 _Nonnull
/Users/runner/work/PTVisionPro/PTVisionPro/build/deps/vma-src/include/vk_mem_alloc.h:10851:9: warning: pointer is missing a nullability type specifier (_Nonnull, _Nullable, or _Null_unspecified) [-Wnullability-completeness]
 10851 |         VkBuffer dedicatedBuffer,
       |         ^
/Users/runner/work/PTVisionPro/PTVisionPro/build/deps/vma-src/include/vk_mem_alloc.h:10851:9: note: insert '_Nullable' if the pointer may be null
 10851 |         VkBuffer dedicatedBuffer,
       |         ^
       |                  _Nullable
/Users/runner/work/PTVisionPro/PTVisionPro/build/deps/vma-src/include/vk_mem_alloc.h:10851:9: note: insert '_Nonnull' if the pointer should never be null
 10851 |         VkBuffer dedicatedBuffer,
       |         ^
       |                  _Nonnull
/Users/runner/work/PTVisionPro/PTVisionPro/build/deps/vma-src/include/vk_mem_alloc.h:10852:9: warning: pointer is missing a nullability type specifier (_Nonnull, _Nullable, or _Null_unspecified) [-Wnullability-completeness]
 10852 |         VkImage dedicatedImage,
       |         ^
/Users/runner/work/PTVisionPro/PTVisionPro/build/deps/vma-src/include/vk_mem_alloc.h:10852:9: note: insert '_Nullable' if the pointer may be null
 10852 |         VkImage dedicatedImage,
       |         ^
       |                 _Nullable
/Users/runner/work/PTVisionPro/PTVisionPro/build/deps/vma-src/include/vk_mem_alloc.h:10852:9: note: insert '_Nonnull' if the pointer should never be null
 10852 |         VkImage dedicatedImage,
       |         ^
       |                 _Nonnull
/Users/runner/work/PTVisionPro/PTVisionPro/build/deps/vma-src/include/vk_mem_alloc.h:10854:13: warning: pointer is missing a nullability type specifier (_Nonnull, _Nullable, or _Null_unspecified) [-Wnullability-completeness]
 10854 |         void* pMemoryAllocateNext, // Optional pNext chain for VkMemoryAllocateInfo.
       |             ^
/Users/runner/work/PTVisionPro/PTVisionPro/build/deps/vma-src/include/vk_mem_alloc.h:10854:13: note: insert '_Nullable' if the pointer may be null
 10854 |         void* pMemoryAllocateNext, // Optional pNext chain for VkMemoryAllocateInfo.
       |             ^
       |               _Nullable
/Users/runner/work/PTVisionPro/PTVisionPro/build/deps/vma-src/include/vk_mem_alloc.h:10854:13: note: insert '_Nonnull' if the pointer should never be null
 10854 |         void* pMemoryAllocateNext, // Optional pNext chain for VkMemoryAllocateInfo.
       |             ^
       |               _Nonnull
/Users/runner/work/PTVisionPro/PTVisionPro/build/deps/vma-src/include/vk_mem_alloc.h:10861:9: warning: pointer is missing a nullability type specifier (_Nonnull, _Nullable, or _Null_unspecified) [-Wnullability-completeness]
 10861 |         VmaAllocation* pAllocations);
       |         ^
/Users/runner/work/PTVisionPro/PTVisionPro/build/deps/vma-src/include/vk_mem_alloc.h:10861:9: note: insert '_Nullable' if the pointer may be null
 10861 |         VmaAllocation* pAllocations);
       |         ^            
       |                       _Nullable 
/Users/runner/work/PTVisionPro/PTVisionPro/build/deps/vma-src/include/vk_mem_alloc.h:10861:9: note: insert '_Nonnull' if the pointer should never be null
 10861 |         VmaAllocation* pAllocations);
       |         ^            
       |                       _Nonnull 
/Users/runner/work/PTVisionPro/PTVisionPro/build/deps/vma-src/include/vk_mem_alloc.h:10861:22: warning: pointer is missing a nullability type specifier (_Nonnull, _Nullable, or _Null_unspecified) [-Wnullability-completeness]
 10861 |         VmaAllocation* pAllocations);
       |                      ^
/Users/runner/work/PTVisionPro/PTVisionPro/build/deps/vma-src/include/vk_mem_alloc.h:10861:22: note: insert '_Nullable' if the pointer may be null
 10861 |         VmaAllocation* pAllocations);
       |                      ^
       |                        _Nullable
/Users/runner/work/PTVisionPro/PTVisionPro/build/deps/vma-src/include/vk_mem_alloc.h:10861:22: note: insert '_Nonnull' if the pointer should never be null
 10861 |         VmaAllocation* pAllocations);
       |                      ^
       |                        _Nonnull
/Users/runner/work/PTVisionPro/PTVisionPro/build/deps/vma-src/include/vk_mem_alloc.h:10865:9: warning: pointer is missing a nullability type specifier (_Nonnull, _Nullable, or _Null_unspecified) [-Wnullability-completeness]
 10865 |         VmaPool pool,
       |         ^
/Users/runner/work/PTVisionPro/PTVisionPro/build/deps/vma-src/include/vk_mem_alloc.h:10865:9: note: insert '_Nullable' if the pointer may be null
 10865 |         VmaPool pool,
       |         ^
       |                 _Nullable
/Users/runner/work/PTVisionPro/PTVisionPro/build/deps/vma-src/include/vk_mem_alloc.h:10865:9: note: insert '_Nonnull' if the pointer should never be null
 10865 |         VmaPool pool,
       |         ^
       |                 _Nonnull
/Users/runner/work/PTVisionPro/PTVisionPro/build/deps/vma-src/include/vk_mem_alloc.h:10873:13: warning: pointer is missing a nullability type specifier (_Nonnull, _Nullable, or _Null_unspecified) [-Wnullability-completeness]
 10873 |         void* pUserData,
       |             ^
/Users/runner/work/PTVisionPro/PTVisionPro/build/deps/vma-src/include/vk_mem_alloc.h:10873:13: note: insert '_Nullable' if the pointer may be null
 10873 |         void* pUserData,
       |             ^
       |               _Nullable
/Users/runner/work/PTVisionPro/PTVisionPro/build/deps/vma-src/include/vk_mem_alloc.h:10873:13: note: insert '_Nonnull' if the pointer should never be null
 10873 |         void* pUserData,
       |             ^
       |               _Nonnull
/Users/runner/work/PTVisionPro/PTVisionPro/build/deps/vma-src/include/vk_mem_alloc.h:10874:9: warning: pointer is missing a nullability type specifier (_Nonnull, _Nullable, or _Null_unspecified) [-Wnullability-completeness]
 10874 |         VmaAllocation* pAllocation);
       |         ^
/Users/runner/work/PTVisionPro/PTVisionPro/build/deps/vma-src/include/vk_mem_alloc.h:10874:9: note: insert '_Nullable' if the pointer may be null
 10874 |         VmaAllocation* pAllocation);
       |         ^            
       |                       _Nullable 
/Users/runner/work/PTVisionPro/PTVisionPro/build/deps/vma-src/include/vk_mem_alloc.h:10874:9: note: insert '_Nonnull' if the pointer should never be null
 10874 |         VmaAllocation* pAllocation);
       |         ^            
       |                       _Nonnull 
/Users/runner/work/PTVisionPro/PTVisionPro/build/deps/vma-src/include/vk_mem_alloc.h:10874:22: warning: pointer is missing a nullability type specifier (_Nonnull, _Nullable, or _Null_unspecified) [-Wnullability-completeness]
 10874 |         VmaAllocation* pAllocation);
       |                      ^
/Users/runner/work/PTVisionPro/PTVisionPro/build/deps/vma-src/include/vk_mem_alloc.h:10874:22: note: insert '_Nullable' if the pointer may be null
 10874 |         VmaAllocation* pAllocation);
       |                      ^
       |                        _Nullable
/Users/runner/work/PTVisionPro/PTVisionPro/build/deps/vma-src/include/vk_mem_alloc.h:10874:22: note: insert '_Nonnull' if the pointer should never be null
 10874 |         VmaAllocation* pAllocation);
       |                      ^
       |                        _Nonnull
/Users/runner/work/PTVisionPro/PTVisionPro/build/deps/vma-src/include/vk_mem_alloc.h:10878:9: warning: pointer is missing a nullability type specifier (_Nonnull, _Nullable, or _Null_unspecified) [-Wnullability-completeness]
 10878 |         VmaPool pool,
       |         ^
/Users/runner/work/PTVisionPro/PTVisionPro/build/deps/vma-src/include/vk_mem_alloc.h:10878:9: note: insert '_Nullable' if the pointer may be null
 10878 |         VmaPool pool,
       |         ^
       |                 _Nullable
/Users/runner/work/PTVisionPro/PTVisionPro/build/deps/vma-src/include/vk_mem_alloc.h:10878:9: note: insert '_Nonnull' if the pointer should never be null
 10878 |         VmaPool pool,
       |         ^
       |                 _Nonnull
/Users/runner/work/PTVisionPro/PTVisionPro/build/deps/vma-src/include/vk_mem_alloc.h:10887:13: warning: pointer is missing a nullability type specifier (_Nonnull, _Nullable, or _Null_unspecified) [-Wnullability-completeness]
 10887 |         void* pUserData,
       |             ^
/Users/runner/work/PTVisionPro/PTVisionPro/build/deps/vma-src/include/vk_mem_alloc.h:10887:13: note: insert '_Nullable' if the pointer may be null
 10887 |         void* pUserData,
       |             ^
       |               _Nullable
/Users/runner/work/PTVisionPro/PTVisionPro/build/deps/vma-src/include/vk_mem_alloc.h:10887:13: note: insert '_Nonnull' if the pointer should never be null
 10887 |         void* pUserData,
       |             ^
       |               _Nonnull
/Users/runner/work/PTVisionPro/PTVisionPro/build/deps/vma-src/include/vk_mem_alloc.h:10889:9: warning: pointer is missing a nullability type specifier (_Nonnull, _Nullable, or _Null_unspecified) [-Wnullability-completeness]
 10889 |         VkBuffer dedicatedBuffer,
       |         ^
/Users/runner/work/PTVisionPro/PTVisionPro/build/deps/vma-src/include/vk_mem_alloc.h:10889:9: note: insert '_Nullable' if the pointer may be null
 10889 |         VkBuffer dedicatedBuffer,
       |         ^
       |                  _Nullable
/Users/runner/work/PTVisionPro/PTVisionPro/build/deps/vma-src/include/vk_mem_alloc.h:10889:9: note: insert '_Nonnull' if the pointer should never be null
 10889 |         VkBuffer dedicatedBuffer,
       |         ^
       |                  _Nonnull
/Users/runner/work/PTVisionPro/PTVisionPro/build/deps/vma-src/include/vk_mem_alloc.h:10890:9: warning: pointer is missing a nullability type specifier (_Nonnull, _Nullable, or _Null_unspecified) [-Wnullability-completeness]
 10890 |         VkImage dedicatedImage,
       |         ^
/Users/runner/work/PTVisionPro/PTVisionPro/build/deps/vma-src/include/vk_mem_alloc.h:10890:9: note: insert '_Nullable' if the pointer may be null
 10890 |         VkImage dedicatedImage,
       |         ^
       |                 _Nullable
/Users/runner/work/PTVisionPro/PTVisionPro/build/deps/vma-src/include/vk_mem_alloc.h:10890:9: note: insert '_Nonnull' if the pointer should never be null
 10890 |         VkImage dedicatedImage,
       |         ^
       |                 _Nonnull
/Users/runner/work/PTVisionPro/PTVisionPro/build/deps/vma-src/include/vk_mem_alloc.h:10893:9: warning: pointer is missing a nullability type specifier (_Nonnull, _Nullable, or _Null_unspecified) [-Wnullability-completeness]
 10893 |         VmaAllocation* pAllocations,
       |         ^
/Users/runner/work/PTVisionPro/PTVisionPro/build/deps/vma-src/include/vk_mem_alloc.h:10893:9: note: insert '_Nullable' if the pointer may be null
 10893 |         VmaAllocation* pAllocations,
       |         ^            
       |                       _Nullable 
/Users/runner/work/PTVisionPro/PTVisionPro/build/deps/vma-src/include/vk_mem_alloc.h:10893:9: note: insert '_Nonnull' if the pointer should never be null
 10893 |         VmaAllocation* pAllocations,
       |         ^            
       |                       _Nonnull 
/Users/runner/work/PTVisionPro/PTVisionPro/build/deps/vma-src/include/vk_mem_alloc.h:10893:22: warning: pointer is missing a nullability type specifier (_Nonnull, _Nullable, or _Null_unspecified) [-Wnullability-completeness]
 10893 |         VmaAllocation* pAllocations,
       |                      ^
/Users/runner/work/PTVisionPro/PTVisionPro/build/deps/vma-src/include/vk_mem_alloc.h:10893:22: note: insert '_Nullable' if the pointer may be null
 10893 |         VmaAllocation* pAllocations,
       |                      ^
       |                        _Nullable
/Users/runner/work/PTVisionPro/PTVisionPro/build/deps/vma-src/include/vk_mem_alloc.h:10893:22: note: insert '_Nonnull' if the pointer should never be null
 10893 |         VmaAllocation* pAllocations,
       |                      ^
       |                        _Nonnull
/Users/runner/work/PTVisionPro/PTVisionPro/build/deps/vma-src/include/vk_mem_alloc.h:10894:19: warning: pointer is missing a nullability type specifier (_Nonnull, _Nullable, or _Null_unspecified) [-Wnullability-completeness]
 10894 |         const void* pNextChain);
       |                   ^
/Users/runner/work/PTVisionPro/PTVisionPro/build/deps/vma-src/include/vk_mem_alloc.h:10894:19: note: insert '_Nullable' if the pointer may be null
 10894 |         const void* pNextChain);
       |                   ^
       |                     _Nullable
/Users/runner/work/PTVisionPro/PTVisionPro/build/deps/vma-src/include/vk_mem_alloc.h:10894:19: note: insert '_Nonnull' if the pointer should never be null
 10894 |         const void* pNextChain);
       |                   ^
       |                     _Nonnull
/Users/runner/work/PTVisionPro/PTVisionPro/build/deps/vma-src/include/vk_mem_alloc.h:10896:30: warning: pointer is missing a nullability type specifier (_Nonnull, _Nullable, or _Null_unspecified) [-Wnullability-completeness]
 10896 |     void FreeDedicatedMemory(VmaAllocation allocation);
       |                              ^
/Users/runner/work/PTVisionPro/PTVisionPro/build/deps/vma-src/include/vk_mem_alloc.h:10896:30: note: insert '_Nullable' if the pointer may be null
 10896 |     void FreeDedicatedMemory(VmaAllocation allocation);
       |                              ^
       |                                            _Nullable
/Users/runner/work/PTVisionPro/PTVisionPro/build/deps/vma-src/include/vk_mem_alloc.h:10896:30: note: insert '_Nonnull' if the pointer should never be null
 10896 |     void FreeDedicatedMemory(VmaAllocation allocation);
       |                              ^
       |                                            _Nonnull
/Users/runner/work/PTVisionPro/PTVisionPro/build/deps/vma-src/include/vk_mem_alloc.h:10915:9: warning: pointer is missing a nullability type specifier (_Nonnull, _Nullable, or _Null_unspecified) [-Wnullability-completeness]
 10915 |         VmaAllocation allocation,
       |         ^
/Users/runner/work/PTVisionPro/PTVisionPro/build/deps/vma-src/include/vk_mem_alloc.h:10915:9: note: insert '_Nullable' if the pointer may be null
 10915 |         VmaAllocation allocation,
       |         ^
       |                       _Nullable
/Users/runner/work/PTVisionPro/PTVisionPro/build/deps/vma-src/include/vk_mem_alloc.h:10915:9: note: insert '_Nonnull' if the pointer should never be null
 10915 |         VmaAllocation allocation,
       |         ^
       |                       _Nonnull
/Users/runner/work/PTVisionPro/PTVisionPro/build/deps/vma-src/include/vk_mem_alloc.h:10928:24: warning: pointer is missing a nullability type specifier (_Nonnull, _Nullable, or _Null_unspecified) [-Wnullability-completeness]
 10928 | inline void* VmaMalloc(VmaAllocator hAllocator, size_t size, size_t alignment)
       |                        ^
/Users/runner/work/PTVisionPro/PTVisionPro/build/deps/vma-src/include/vk_mem_alloc.h:10928:24: note: insert '_Nullable' if the pointer may be null
 10928 | inline void* VmaMalloc(VmaAllocator hAllocator, size_t size, size_t alignment)
       |                        ^
       |                                     _Nullable
/Users/runner/work/PTVisionPro/PTVisionPro/build/deps/vma-src/include/vk_mem_alloc.h:10928:24: note: insert '_Nonnull' if the pointer should never be null
 10928 | inline void* VmaMalloc(VmaAllocator hAllocator, size_t size, size_t alignment)
       |                        ^
       |                                     _Nonnull
/Users/runner/work/PTVisionPro/PTVisionPro/build/deps/vma-src/include/vk_mem_alloc.h:10928:12: warning: pointer is missing a nullability type specifier (_Nonnull, _Nullable, or _Null_unspecified) [-Wnullability-completeness]
 10928 | inline void* VmaMalloc(VmaAllocator hAllocator, size_t size, size_t alignment)
       |            ^
/Users/runner/work/PTVisionPro/PTVisionPro/build/deps/vma-src/include/vk_mem_alloc.h:10928:12: note: insert '_Nullable' if the pointer may be null
 10928 | inline void* VmaMalloc(VmaAllocator hAllocator, size_t size, size_t alignment)
       |            ^
       |              _Nullable
/Users/runner/work/PTVisionPro/PTVisionPro/build/deps/vma-src/include/vk_mem_alloc.h:10928:12: note: insert '_Nonnull' if the pointer should never be null
 10928 | inline void* VmaMalloc(VmaAllocator hAllocator, size_t size, size_t alignment)
       |            ^
       |              _Nonnull
/Users/runner/work/PTVisionPro/PTVisionPro/build/deps/vma-src/include/vk_mem_alloc.h:10933:21: warning: pointer is missing a nullability type specifier (_Nonnull, _Nullable, or _Null_unspecified) [-Wnullability-completeness]
 10933 | inline void VmaFree(VmaAllocator hAllocator, void* ptr)
       |                     ^
/Users/runner/work/PTVisionPro/PTVisionPro/build/deps/vma-src/include/vk_mem_alloc.h:10933:21: note: insert '_Nullable' if the pointer may be null
 10933 | inline void VmaFree(VmaAllocator hAllocator, void* ptr)
       |                     ^
       |                                  _Nullable
/Users/runner/work/PTVisionPro/PTVisionPro/build/deps/vma-src/include/vk_mem_alloc.h:10933:21: note: insert '_Nonnull' if the pointer should never be null
 10933 | inline void VmaFree(VmaAllocator hAllocator, void* ptr)
       |                     ^
       |                                  _Nonnull
/Users/runner/work/PTVisionPro/PTVisionPro/build/deps/vma-src/include/vk_mem_alloc.h:10933:50: warning: pointer is missing a nullability type specifier (_Nonnull, _Nullable, or _Null_unspecified) [-Wnullability-completeness]
 10933 | inline void VmaFree(VmaAllocator hAllocator, void* ptr)
       |                                                  ^
/Users/runner/work/PTVisionPro/PTVisionPro/build/deps/vma-src/include/vk_mem_alloc.h:10933:50: note: insert '_Nullable' if the pointer may be null
 10933 | inline void VmaFree(VmaAllocator hAllocator, void* ptr)
       |                                                  ^
       |                                                    _Nullable
/Users/runner/work/PTVisionPro/PTVisionPro/build/deps/vma-src/include/vk_mem_alloc.h:10933:50: note: insert '_Nonnull' if the pointer should never be null
 10933 | inline void VmaFree(VmaAllocator hAllocator, void* ptr)
       |                                                  ^
       |                                                    _Nonnull
/Users/runner/work/PTVisionPro/PTVisionPro/build/deps/vma-src/include/vk_mem_alloc.h:10939:16: warning: pointer is missing a nullability type specifier (_Nonnull, _Nullable, or _Null_unspecified) [-Wnullability-completeness]
 10939 | T* VmaAllocate(VmaAllocator hAllocator)
       |                ^
/Users/runner/work/PTVisionPro/PTVisionPro/build/deps/vma-src/include/vk_mem_alloc.h:10939:16: note: insert '_Nullable' if the pointer may be null
 10939 | T* VmaAllocate(VmaAllocator hAllocator)
       |                ^
       |                             _Nullable
/Users/runner/work/PTVisionPro/PTVisionPro/build/deps/vma-src/include/vk_mem_alloc.h:10939:16: note: insert '_Nonnull' if the pointer should never be null
 10939 | T* VmaAllocate(VmaAllocator hAllocator)
       |                ^
       |                             _Nonnull
/Users/runner/work/PTVisionPro/PTVisionPro/build/deps/vma-src/include/vk_mem_alloc.h:10939:2: warning: pointer is missing a nullability type specifier (_Nonnull, _Nullable, or _Null_unspecified) [-Wnullability-completeness]
 10939 | T* VmaAllocate(VmaAllocator hAllocator)
       |  ^
/Users/runner/work/PTVisionPro/PTVisionPro/build/deps/vma-src/include/vk_mem_alloc.h:10939:2: note: insert '_Nullable' if the pointer may be null
 10939 | T* VmaAllocate(VmaAllocator hAllocator)
       |  ^
       |    _Nullable
/Users/runner/work/PTVisionPro/PTVisionPro/build/deps/vma-src/include/vk_mem_alloc.h:10939:2: note: insert '_Nonnull' if the pointer should never be null
 10939 | T* VmaAllocate(VmaAllocator hAllocator)
       |  ^
       |    _Nonnull
/Users/runner/work/PTVisionPro/PTVisionPro/build/deps/vma-src/include/vk_mem_alloc.h:10945:21: warning: pointer is missing a nullability type specifier (_Nonnull, _Nullable, or _Null_unspecified) [-Wnullability-completeness]
 10945 | T* VmaAllocateArray(VmaAllocator hAllocator, size_t count)
       |                     ^
/Users/runner/work/PTVisionPro/PTVisionPro/build/deps/vma-src/include/vk_mem_alloc.h:10945:21: note: insert '_Nullable' if the pointer may be null
 10945 | T* VmaAllocateArray(VmaAllocator hAllocator, size_t count)
       |                     ^
       |                                  _Nullable
/Users/runner/work/PTVisionPro/PTVisionPro/build/deps/vma-src/include/vk_mem_alloc.h:10945:21: note: insert '_Nonnull' if the pointer should never be null
 10945 | T* VmaAllocateArray(VmaAllocator hAllocator, size_t count)
       |                     ^
       |                                  _Nonnull
/Users/runner/work/PTVisionPro/PTVisionPro/build/deps/vma-src/include/vk_mem_alloc.h:10945:2: warning: pointer is missing a nullability type specifier (_Nonnull, _Nullable, or _Null_unspecified) [-Wnullability-completeness]
 10945 | T* VmaAllocateArray(VmaAllocator hAllocator, size_t count)
       |  ^
/Users/runner/work/PTVisionPro/PTVisionPro/build/deps/vma-src/include/vk_mem_alloc.h:10945:2: note: insert '_Nullable' if the pointer may be null
 10945 | T* VmaAllocateArray(VmaAllocator hAllocator, size_t count)
       |  ^
       |    _Nullable
/Users/runner/work/PTVisionPro/PTVisionPro/build/deps/vma-src/include/vk_mem_alloc.h:10945:2: note: insert '_Nonnull' if the pointer should never be null
 10945 | T* VmaAllocateArray(VmaAllocator hAllocator, size_t count)
       |  ^
       |    _Nonnull
/Users/runner/work/PTVisionPro/PTVisionPro/build/deps/vma-src/include/vk_mem_alloc.h:10951:17: warning: pointer is missing a nullability type specifier (_Nonnull, _Nullable, or _Null_unspecified) [-Wnullability-completeness]
 10951 | void vma_delete(VmaAllocator hAllocator, T* ptr)
       |                 ^
/Users/runner/work/PTVisionPro/PTVisionPro/build/deps/vma-src/include/vk_mem_alloc.h:10951:17: note: insert '_Nullable' if the pointer may be null
 10951 | void vma_delete(VmaAllocator hAllocator, T* ptr)
       |                 ^
       |                              _Nullable
/Users/runner/work/PTVisionPro/PTVisionPro/build/deps/vma-src/include/vk_mem_alloc.h:10951:17: note: insert '_Nonnull' if the pointer should never be null
 10951 | void vma_delete(VmaAllocator hAllocator, T* ptr)
       |                 ^
       |                              _Nonnull
/Users/runner/work/PTVisionPro/PTVisionPro/build/deps/vma-src/include/vk_mem_alloc.h:10951:43: warning: pointer is missing a nullability type specifier (_Nonnull, _Nullable, or _Null_unspecified) [-Wnullability-completeness]
 10951 | void vma_delete(VmaAllocator hAllocator, T* ptr)
       |                                           ^
/Users/runner/work/PTVisionPro/PTVisionPro/build/deps/vma-src/include/vk_mem_alloc.h:10951:43: note: insert '_Nullable' if the pointer may be null
 10951 | void vma_delete(VmaAllocator hAllocator, T* ptr)
       |                                           ^
       |                                             _Nullable
/Users/runner/work/PTVisionPro/PTVisionPro/build/deps/vma-src/include/vk_mem_alloc.h:10951:43: note: insert '_Nonnull' if the pointer should never be null
 10951 | void vma_delete(VmaAllocator hAllocator, T* ptr)
       |                                           ^
       |                                             _Nonnull
/Users/runner/work/PTVisionPro/PTVisionPro/build/deps/vma-src/include/vk_mem_alloc.h:10961:23: warning: pointer is missing a nullability type specifier (_Nonnull, _Nullable, or _Null_unspecified) [-Wnullability-completeness]
 10961 | void vma_delete_array(VmaAllocator hAllocator, T* ptr, size_t count)
       |                       ^
/Users/runner/work/PTVisionPro/PTVisionPro/build/deps/vma-src/include/vk_mem_alloc.h:10961:23: note: insert '_Nullable' if the pointer may be null
 10961 | void vma_delete_array(VmaAllocator hAllocator, T* ptr, size_t count)
       |                       ^
       |                                    _Nullable
/Users/runner/work/PTVisionPro/PTVisionPro/build/deps/vma-src/include/vk_mem_alloc.h:10961:23: note: insert '_Nonnull' if the pointer should never be null
 10961 | void vma_delete_array(VmaAllocator hAllocator, T* ptr, size_t count)
       |                       ^
       |                                    _Nonnull
/Users/runner/work/PTVisionPro/PTVisionPro/build/deps/vma-src/include/vk_mem_alloc.h:10961:49: warning: pointer is missing a nullability type specifier (_Nonnull, _Nullable, or _Null_unspecified) [-Wnullability-completeness]
 10961 | void vma_delete_array(VmaAllocator hAllocator, T* ptr, size_t count)
       |                                                 ^
/Users/runner/work/PTVisionPro/PTVisionPro/build/deps/vma-src/include/vk_mem_alloc.h:10961:49: note: insert '_Nullable' if the pointer may be null
 10961 | void vma_delete_array(VmaAllocator hAllocator, T* ptr, size_t count)
       |                                                 ^
       |                                                   _Nullable
/Users/runner/work/PTVisionPro/PTVisionPro/build/deps/vma-src/include/vk_mem_alloc.h:10961:49: note: insert '_Nonnull' if the pointer should never be null
 10961 | void vma_delete_array(VmaAllocator hAllocator, T* ptr, size_t count)
       |                                                 ^
       |                                                   _Nonnull
/Users/runner/work/PTVisionPro/PTVisionPro/build/deps/vma-src/include/vk_mem_alloc.h:10974:44: warning: pointer is missing a nullability type specifier (_Nonnull, _Nullable, or _Null_unspecified) [-Wnullability-completeness]
 10974 | VmaDeviceMemoryBlock::VmaDeviceMemoryBlock(VmaAllocator hAllocator)
       |                                            ^
/Users/runner/work/PTVisionPro/PTVisionPro/build/deps/vma-src/include/vk_mem_alloc.h:10974:44: note: insert '_Nullable' if the pointer may be null
 10974 | VmaDeviceMemoryBlock::VmaDeviceMemoryBlock(VmaAllocator hAllocator)
       |                                            ^
       |                                                         _Nullable
/Users/runner/work/PTVisionPro/PTVisionPro/build/deps/vma-src/include/vk_mem_alloc.h:10974:44: note: insert '_Nonnull' if the pointer should never be null
 10974 | VmaDeviceMemoryBlock::VmaDeviceMemoryBlock(VmaAllocator hAllocator)
       |                                            ^
       |                                                         _Nonnull
/Users/runner/work/PTVisionPro/PTVisionPro/build/deps/vma-src/include/vk_mem_alloc.h:10991:5: warning: pointer is missing a nullability type specifier (_Nonnull, _Nullable, or _Null_unspecified) [-Wnullability-completeness]
 10991 |     VmaAllocator hAllocator,
       |     ^
/Users/runner/work/PTVisionPro/PTVisionPro/build/deps/vma-src/include/vk_mem_alloc.h:10991:5: note: insert '_Nullable' if the pointer may be null
 10991 |     VmaAllocator hAllocator,
       |     ^
       |                  _Nullable
/Users/runner/work/PTVisionPro/PTVisionPro/build/deps/vma-src/include/vk_mem_alloc.h:10991:5: note: insert '_Nonnull' if the pointer should never be null
 10991 |     VmaAllocator hAllocator,
       |     ^
       |                  _Nonnull
/Users/runner/work/PTVisionPro/PTVisionPro/build/deps/vma-src/include/vk_mem_alloc.h:10992:5: warning: pointer is missing a nullability type specifier (_Nonnull, _Nullable, or _Null_unspecified) [-Wnullability-completeness]
 10992 |     VmaPool hParentPool,
       |     ^
/Users/runner/work/PTVisionPro/PTVisionPro/build/deps/vma-src/include/vk_mem_alloc.h:10992:5: note: insert '_Nullable' if the pointer may be null
 10992 |     VmaPool hParentPool,
       |     ^
       |             _Nullable
/Users/runner/work/PTVisionPro/PTVisionPro/build/deps/vma-src/include/vk_mem_alloc.h:10992:5: note: insert '_Nonnull' if the pointer should never be null
 10992 |     VmaPool hParentPool,
       |     ^
       |             _Nonnull
/Users/runner/work/PTVisionPro/PTVisionPro/build/deps/vma-src/include/vk_mem_alloc.h:10994:5: warning: pointer is missing a nullability type specifier (_Nonnull, _Nullable, or _Null_unspecified) [-Wnullability-completeness]
 10994 |     VkDeviceMemory newMemory,
       |     ^
/Users/runner/work/PTVisionPro/PTVisionPro/build/deps/vma-src/include/vk_mem_alloc.h:10994:5: note: insert '_Nullable' if the pointer may be null
 10994 |     VkDeviceMemory newMemory,
       |     ^
       |                    _Nullable
/Users/runner/work/PTVisionPro/PTVisionPro/build/deps/vma-src/include/vk_mem_alloc.h:10994:5: note: insert '_Nonnull' if the pointer should never be null
 10994 |     VkDeviceMemory newMemory,
       |     ^
       |                    _Nonnull
/Users/runner/work/PTVisionPro/PTVisionPro/build/deps/vma-src/include/vk_mem_alloc.h:11025:36: warning: pointer is missing a nullability type specifier (_Nonnull, _Nullable, or _Null_unspecified) [-Wnullability-completeness]
 11025 | void VmaDeviceMemoryBlock::Destroy(VmaAllocator allocator)
       |                                    ^
/Users/runner/work/PTVisionPro/PTVisionPro/build/deps/vma-src/include/vk_mem_alloc.h:11025:36: note: insert '_Nullable' if the pointer may be null
 11025 | void VmaDeviceMemoryBlock::Destroy(VmaAllocator allocator)
       |                                    ^
       |                                                 _Nullable
/Users/runner/work/PTVisionPro/PTVisionPro/build/deps/vma-src/include/vk_mem_alloc.h:11025:36: note: insert '_Nonnull' if the pointer should never be null
 11025 | void VmaDeviceMemoryBlock::Destroy(VmaAllocator allocator)
       |                                    ^
       |                                                 _Nonnull
/Users/runner/work/PTVisionPro/PTVisionPro/build/deps/vma-src/include/vk_mem_alloc.h:11045:38: warning: pointer is missing a nullability type specifier (_Nonnull, _Nullable, or _Null_unspecified) [-Wnullability-completeness]
 11045 | void VmaDeviceMemoryBlock::PostAlloc(VmaAllocator hAllocator)
       |                                      ^
/Users/runner/work/PTVisionPro/PTVisionPro/build/deps/vma-src/include/vk_mem_alloc.h:11045:38: note: insert '_Nullable' if the pointer may be null
 11045 | void VmaDeviceMemoryBlock::PostAlloc(VmaAllocator hAllocator)
       |                                      ^
       |                                                   _Nullable
/Users/runner/work/PTVisionPro/PTVisionPro/build/deps/vma-src/include/vk_mem_alloc.h:11045:38: note: insert '_Nonnull' if the pointer should never be null
 11045 | void VmaDeviceMemoryBlock::PostAlloc(VmaAllocator hAllocator)
       |                                      ^
       |                                                   _Nonnull
/Users/runner/work/PTVisionPro/PTVisionPro/build/deps/vma-src/include/vk_mem_alloc.h:11051:37: warning: pointer is missing a nullability type specifier (_Nonnull, _Nullable, or _Null_unspecified) [-Wnullability-completeness]
 11051 | void VmaDeviceMemoryBlock::PostFree(VmaAllocator hAllocator)
       |                                     ^
/Users/runner/work/PTVisionPro/PTVisionPro/build/deps/vma-src/include/vk_mem_alloc.h:11051:37: note: insert '_Nullable' if the pointer may be null
 11051 | void VmaDeviceMemoryBlock::PostFree(VmaAllocator hAllocator)
       |                                     ^
       |                                                  _Nullable
/Users/runner/work/PTVisionPro/PTVisionPro/build/deps/vma-src/include/vk_mem_alloc.h:11051:37: note: insert '_Nonnull' if the pointer should never be null
 11051 | void VmaDeviceMemoryBlock::PostFree(VmaAllocator hAllocator)
       |                                     ^
       |                                                  _Nonnull
/Users/runner/work/PTVisionPro/PTVisionPro/build/deps/vma-src/include/vk_mem_alloc.h:11074:48: warning: pointer is missing a nullability type specifier (_Nonnull, _Nullable, or _Null_unspecified) [-Wnullability-completeness]
 11074 | VkResult VmaDeviceMemoryBlock::CheckCorruption(VmaAllocator hAllocator)
       |                                                ^
/Users/runner/work/PTVisionPro/PTVisionPro/build/deps/vma-src/include/vk_mem_alloc.h:11074:48: note: insert '_Nullable' if the pointer may be null
 11074 | VkResult VmaDeviceMemoryBlock::CheckCorruption(VmaAllocator hAllocator)
       |                                                ^
       |                                                             _Nullable
/Users/runner/work/PTVisionPro/PTVisionPro/build/deps/vma-src/include/vk_mem_alloc.h:11074:48: note: insert '_Nonnull' if the pointer should never be null
 11074 | VkResult VmaDeviceMemoryBlock::CheckCorruption(VmaAllocator hAllocator)
       |                                                ^
       |                                                             _Nonnull
/Users/runner/work/PTVisionPro/PTVisionPro/build/deps/vma-src/include/vk_mem_alloc.h:11090:36: warning: pointer is missing a nullability type specifier (_Nonnull, _Nullable, or _Null_unspecified) [-Wnullability-completeness]
 11090 | VkResult VmaDeviceMemoryBlock::Map(VmaAllocator hAllocator, uint32_t count, void** ppData)
       |                                    ^
/Users/runner/work/PTVisionPro/PTVisionPro/build/deps/vma-src/include/vk_mem_alloc.h:11090:36: note: insert '_Nullable' if the pointer may be null
 11090 | VkResult VmaDeviceMemoryBlock::Map(VmaAllocator hAllocator, uint32_t count, void** ppData)
       |                                    ^
       |                                                 _Nullable
/Users/runner/work/PTVisionPro/PTVisionPro/build/deps/vma-src/include/vk_mem_alloc.h:11090:36: note: insert '_Nonnull' if the pointer should never be null
 11090 | VkResult VmaDeviceMemoryBlock::Map(VmaAllocator hAllocator, uint32_t count, void** ppData)
       |                                    ^
       |                                                 _Nonnull
/Users/runner/work/PTVisionPro/PTVisionPro/build/deps/vma-src/include/vk_mem_alloc.h:11090:81: warning: pointer is missing a nullability type specifier (_Nonnull, _Nullable, or _Null_unspecified) [-Wnullability-completeness]
 11090 | VkResult VmaDeviceMemoryBlock::Map(VmaAllocator hAllocator, uint32_t count, void** ppData)
       |                                                                                 ^
/Users/runner/work/PTVisionPro/PTVisionPro/build/deps/vma-src/include/vk_mem_alloc.h:11090:81: note: insert '_Nullable' if the pointer may be null
 11090 | VkResult VmaDeviceMemoryBlock::Map(VmaAllocator hAllocator, uint32_t count, void** ppData)
       |                                                                                 ^
       |                                                                                  _Nullable
/Users/runner/work/PTVisionPro/PTVisionPro/build/deps/vma-src/include/vk_mem_alloc.h:11090:81: note: insert '_Nonnull' if the pointer should never be null
 11090 | VkResult VmaDeviceMemoryBlock::Map(VmaAllocator hAllocator, uint32_t count, void** ppData)
       |                                                                                 ^
       |                                                                                  _Nonnull
/Users/runner/work/PTVisionPro/PTVisionPro/build/deps/vma-src/include/vk_mem_alloc.h:11090:82: warning: pointer is missing a nullability type specifier (_Nonnull, _Nullable, or _Null_unspecified) [-Wnullability-completeness]
 11090 | VkResult VmaDeviceMemoryBlock::Map(VmaAllocator hAllocator, uint32_t count, void** ppData)
       |                                                                                  ^
/Users/runner/work/PTVisionPro/PTVisionPro/build/deps/vma-src/include/vk_mem_alloc.h:11090:82: note: insert '_Nullable' if the pointer may be null
 11090 | VkResult VmaDeviceMemoryBlock::Map(VmaAllocator hAllocator, uint32_t count, void** ppData)
       |                                                                                  ^
       |                                                                                    _Nullable
/Users/runner/work/PTVisionPro/PTVisionPro/build/deps/vma-src/include/vk_mem_alloc.h:11090:82: note: insert '_Nonnull' if the pointer should never be null
 11090 | VkResult VmaDeviceMemoryBlock::Map(VmaAllocator hAllocator, uint32_t count, void** ppData)
       |                                                                                  ^
       |                                                                                    _Nonnull
/Users/runner/work/PTVisionPro/PTVisionPro/build/deps/vma-src/include/vk_mem_alloc.h:11132:34: warning: pointer is missing a nullability type specifier (_Nonnull, _Nullable, or _Null_unspecified) [-Wnullability-completeness]
 11132 | void VmaDeviceMemoryBlock::Unmap(VmaAllocator hAllocator, uint32_t count)
       |                                  ^
/Users/runner/work/PTVisionPro/PTVisionPro/build/deps/vma-src/include/vk_mem_alloc.h:11132:34: note: insert '_Nullable' if the pointer may be null
 11132 | void VmaDeviceMemoryBlock::Unmap(VmaAllocator hAllocator, uint32_t count)
       |                                  ^
       |                                               _Nullable
/Users/runner/work/PTVisionPro/PTVisionPro/build/deps/vma-src/include/vk_mem_alloc.h:11132:34: note: insert '_Nonnull' if the pointer should never be null
 11132 | void VmaDeviceMemoryBlock::Unmap(VmaAllocator hAllocator, uint32_t count)
       |                                  ^
       |                                               _Nonnull
/Users/runner/work/PTVisionPro/PTVisionPro/build/deps/vma-src/include/vk_mem_alloc.h:11158:63: warning: pointer is missing a nullability type specifier (_Nonnull, _Nullable, or _Null_unspecified) [-Wnullability-completeness]
 11158 | VkResult VmaDeviceMemoryBlock::WriteMagicValueAfterAllocation(VmaAllocator hAllocator, VkDeviceSize allocOffset, VkDeviceSize allocSize)
       |                                                               ^
/Users/runner/work/PTVisionPro/PTVisionPro/build/deps/vma-src/include/vk_mem_alloc.h:11158:63: note: insert '_Nullable' if the pointer may be null
 11158 | VkResult VmaDeviceMemoryBlock::WriteMagicValueAfterAllocation(VmaAllocator hAllocator, VkDeviceSize allocOffset, VkDeviceSize allocSize)
       |                                                               ^
       |                                                                            _Nullable
/Users/runner/work/PTVisionPro/PTVisionPro/build/deps/vma-src/include/vk_mem_alloc.h:11158:63: note: insert '_Nonnull' if the pointer should never be null
 11158 | VkResult VmaDeviceMemoryBlock::WriteMagicValueAfterAllocation(VmaAllocator hAllocator, VkDeviceSize allocOffset, VkDeviceSize allocSize)
       |                                                               ^
       |                                                                            _Nonnull
/Users/runner/work/PTVisionPro/PTVisionPro/build/deps/vma-src/include/vk_mem_alloc.h:11175:66: warning: pointer is missing a nullability type specifier (_Nonnull, _Nullable, or _Null_unspecified) [-Wnullability-completeness]
 11175 | VkResult VmaDeviceMemoryBlock::ValidateMagicValueAfterAllocation(VmaAllocator hAllocator, VkDeviceSize allocOffset, VkDeviceSize allocSize)
       |                                                                  ^
/Users/runner/work/PTVisionPro/PTVisionPro/build/deps/vma-src/include/vk_mem_alloc.h:11175:66: note: insert '_Nullable' if the pointer may be null
 11175 | VkResult VmaDeviceMemoryBlock::ValidateMagicValueAfterAllocation(VmaAllocator hAllocator, VkDeviceSize allocOffset, VkDeviceSize allocSize)
       |                                                                  ^
       |                                                                               _Nullable
/Users/runner/work/PTVisionPro/PTVisionPro/build/deps/vma-src/include/vk_mem_alloc.h:11175:66: note: insert '_Nonnull' if the pointer should never be null
 11175 | VkResult VmaDeviceMemoryBlock::ValidateMagicValueAfterAllocation(VmaAllocator hAllocator, VkDeviceSize allocOffset, VkDeviceSize allocSize)
       |                                                                  ^
       |                                                                               _Nonnull
/Users/runner/work/PTVisionPro/PTVisionPro/build/deps/vma-src/include/vk_mem_alloc.h:11196:5: warning: pointer is missing a nullability type specifier (_Nonnull, _Nullable, or _Null_unspecified) [-Wnullability-completeness]
 11196 |     VmaAllocator hAllocator,
       |     ^
/Users/runner/work/PTVisionPro/PTVisionPro/build/deps/vma-src/include/vk_mem_alloc.h:11196:5: note: insert '_Nullable' if the pointer may be null
 11196 |     VmaAllocator hAllocator,
       |     ^
       |                  _Nullable
/Users/runner/work/PTVisionPro/PTVisionPro/build/deps/vma-src/include/vk_mem_alloc.h:11196:5: note: insert '_Nonnull' if the pointer should never be null
 11196 |     VmaAllocator hAllocator,
       |     ^
       |                  _Nonnull
/Users/runner/work/PTVisionPro/PTVisionPro/build/deps/vma-src/include/vk_mem_alloc.h:11197:5: warning: pointer is missing a nullability type specifier (_Nonnull, _Nullable, or _Null_unspecified) [-Wnullability-completeness]
 11197 |     VmaAllocation hAllocation,
       |     ^
/Users/runner/work/PTVisionPro/PTVisionPro/build/deps/vma-src/include/vk_mem_alloc.h:11197:5: note: insert '_Nullable' if the pointer may be null
 11197 |     VmaAllocation hAllocation,
       |     ^
       |                   _Nullable
/Users/runner/work/PTVisionPro/PTVisionPro/build/deps/vma-src/include/vk_mem_alloc.h:11197:5: note: insert '_Nonnull' if the pointer should never be null
 11197 |     VmaAllocation hAllocation,
       |     ^
       |                   _Nonnull
/Users/runner/work/PTVisionPro/PTVisionPro/build/deps/vma-src/include/vk_mem_alloc.h:11199:5: warning: pointer is missing a nullability type specifier (_Nonnull, _Nullable, or _Null_unspecified) [-Wnullability-completeness]
 11199 |     VkBuffer hBuffer,
       |     ^
/Users/runner/work/PTVisionPro/PTVisionPro/build/deps/vma-src/include/vk_mem_alloc.h:11199:5: note: insert '_Nullable' if the pointer may be null
 11199 |     VkBuffer hBuffer,
       |     ^
       |              _Nullable
/Users/runner/work/PTVisionPro/PTVisionPro/build/deps/vma-src/include/vk_mem_alloc.h:11199:5: note: insert '_Nonnull' if the pointer should never be null
 11199 |     VkBuffer hBuffer,
       |     ^
       |              _Nonnull
/Users/runner/work/PTVisionPro/PTVisionPro/build/deps/vma-src/include/vk_mem_alloc.h:11200:15: warning: pointer is missing a nullability type specifier (_Nonnull, _Nullable, or _Null_unspecified) [-Wnullability-completeness]
 11200 |     const void* pNext)
       |               ^
/Users/runner/work/PTVisionPro/PTVisionPro/build/deps/vma-src/include/vk_mem_alloc.h:11200:15: note: insert '_Nullable' if the pointer may be null
 11200 |     const void* pNext)
       |               ^
       |                 _Nullable
/Users/runner/work/PTVisionPro/PTVisionPro/build/deps/vma-src/include/vk_mem_alloc.h:11200:15: note: insert '_Nonnull' if the pointer should never be null
 11200 |     const void* pNext)
       |               ^
       |                 _Nonnull
/Users/runner/work/PTVisionPro/PTVisionPro/build/deps/vma-src/include/vk_mem_alloc.h:11213:5: warning: pointer is missing a nullability type specifier (_Nonnull, _Nullable, or _Null_unspecified) [-Wnullability-completeness]
 11213 |     VmaAllocator hAllocator,
       |     ^
/Users/runner/work/PTVisionPro/PTVisionPro/build/deps/vma-src/include/vk_mem_alloc.h:11213:5: note: insert '_Nullable' if the pointer may be null
 11213 |     VmaAllocator hAllocator,
       |     ^
       |                  _Nullable
/Users/runner/work/PTVisionPro/PTVisionPro/build/deps/vma-src/include/vk_mem_alloc.h:11213:5: note: insert '_Nonnull' if the pointer should never be null
 11213 |     VmaAllocator hAllocator,
       |     ^
       |                  _Nonnull
/Users/runner/work/PTVisionPro/PTVisionPro/build/deps/vma-src/include/vk_mem_alloc.h:11214:5: warning: pointer is missing a nullability type specifier (_Nonnull, _Nullable, or _Null_unspecified) [-Wnullability-completeness]
 11214 |     VmaAllocation hAllocation,
       |     ^
/Users/runner/work/PTVisionPro/PTVisionPro/build/deps/vma-src/include/vk_mem_alloc.h:11214:5: note: insert '_Nullable' if the pointer may be null
 11214 |     VmaAllocation hAllocation,
       |     ^
       |                   _Nullable
/Users/runner/work/PTVisionPro/PTVisionPro/build/deps/vma-src/include/vk_mem_alloc.h:11214:5: note: insert '_Nonnull' if the pointer should never be null
 11214 |     VmaAllocation hAllocation,
       |     ^
       |                   _Nonnull
/Users/runner/work/PTVisionPro/PTVisionPro/build/deps/vma-src/include/vk_mem_alloc.h:11216:5: warning: pointer is missing a nullability type specifier (_Nonnull, _Nullable, or _Null_unspecified) [-Wnullability-completeness]
 11216 |     VkImage hImage,
       |     ^
/Users/runner/work/PTVisionPro/PTVisionPro/build/deps/vma-src/include/vk_mem_alloc.h:11216:5: note: insert '_Nullable' if the pointer may be null
 11216 |     VkImage hImage,
       |     ^
       |             _Nullable
/Users/runner/work/PTVisionPro/PTVisionPro/build/deps/vma-src/include/vk_mem_alloc.h:11216:5: note: insert '_Nonnull' if the pointer should never be null
 11216 |     VkImage hImage,
       |     ^
       |             _Nonnull
/Users/runner/work/PTVisionPro/PTVisionPro/build/deps/vma-src/include/vk_mem_alloc.h:11217:15: warning: pointer is missing a nullability type specifier (_Nonnull, _Nullable, or _Null_unspecified) [-Wnullability-completeness]
 11217 |     const void* pNext)
       |               ^
/Users/runner/work/PTVisionPro/PTVisionPro/build/deps/vma-src/include/vk_mem_alloc.h:11217:15: note: insert '_Nullable' if the pointer may be null
 11217 |     const void* pNext)
       |               ^
       |                 _Nullable
/Users/runner/work/PTVisionPro/PTVisionPro/build/deps/vma-src/include/vk_mem_alloc.h:11217:15: note: insert '_Nonnull' if the pointer should never be null
 11217 |     const void* pNext)
       |               ^
       |                 _Nonnull
/Users/runner/work/PTVisionPro/PTVisionPro/build/deps/vma-src/include/vk_mem_alloc.h:11263:25: warning: pointer is missing a nullability type specifier (_Nonnull, _Nullable, or _Null_unspecified) [-Wnullability-completeness]
 11263 |     VmaDeviceMemoryBlock* block,
       |                         ^
/Users/runner/work/PTVisionPro/PTVisionPro/build/deps/vma-src/include/vk_mem_alloc.h:11263:25: note: insert '_Nullable' if the pointer may be null
 11263 |     VmaDeviceMemoryBlock* block,
       |                         ^
       |                           _Nullable
/Users/runner/work/PTVisionPro/PTVisionPro/build/deps/vma-src/include/vk_mem_alloc.h:11263:25: note: insert '_Nonnull' if the pointer should never be null
 11263 |     VmaDeviceMemoryBlock* block,
       |                         ^
       |                           _Nonnull
/Users/runner/work/PTVisionPro/PTVisionPro/build/deps/vma-src/include/vk_mem_alloc.h:11264:5: warning: pointer is missing a nullability type specifier (_Nonnull, _Nullable, or _Null_unspecified) [-Wnullability-completeness]
 11264 |     VmaAllocHandle allocHandle,
       |     ^
/Users/runner/work/PTVisionPro/PTVisionPro/build/deps/vma-src/include/vk_mem_alloc.h:11264:5: note: insert '_Nullable' if the pointer may be null
 11264 |     VmaAllocHandle allocHandle,
       |     ^
       |                    _Nullable
/Users/runner/work/PTVisionPro/PTVisionPro/build/deps/vma-src/include/vk_mem_alloc.h:11264:5: note: insert '_Nonnull' if the pointer should never be null
 11264 |     VmaAllocHandle allocHandle,
       |     ^
       |                    _Nonnull
/Users/runner/work/PTVisionPro/PTVisionPro/build/deps/vma-src/include/vk_mem_alloc.h:11288:5: warning: pointer is missing a nullability type specifier (_Nonnull, _Nullable, or _Null_unspecified) [-Wnullability-completeness]
 11288 |     VmaAllocator allocator,
       |     ^
/Users/runner/work/PTVisionPro/PTVisionPro/build/deps/vma-src/include/vk_mem_alloc.h:11288:5: note: insert '_Nullable' if the pointer may be null
 11288 |     VmaAllocator allocator,
       |     ^
       |                  _Nullable
/Users/runner/work/PTVisionPro/PTVisionPro/build/deps/vma-src/include/vk_mem_alloc.h:11288:5: note: insert '_Nonnull' if the pointer should never be null
 11288 |     VmaAllocator allocator,
       |     ^
       |                  _Nonnull
/Users/runner/work/PTVisionPro/PTVisionPro/build/deps/vma-src/include/vk_mem_alloc.h:11289:5: warning: pointer is missing a nullability type specifier (_Nonnull, _Nullable, or _Null_unspecified) [-Wnullability-completeness]
 11289 |     VmaPool hParentPool,
       |     ^
/Users/runner/work/PTVisionPro/PTVisionPro/build/deps/vma-src/include/vk_mem_alloc.h:11289:5: note: insert '_Nullable' if the pointer may be null
 11289 |     VmaPool hParentPool,
       |     ^
       |             _Nullable
/Users/runner/work/PTVisionPro/PTVisionPro/build/deps/vma-src/include/vk_mem_alloc.h:11289:5: note: insert '_Nonnull' if the pointer should never be null
 11289 |     VmaPool hParentPool,
       |     ^
       |             _Nonnull
/Users/runner/work/PTVisionPro/PTVisionPro/build/deps/vma-src/include/vk_mem_alloc.h:11291:5: warning: pointer is missing a nullability type specifier (_Nonnull, _Nullable, or _Null_unspecified) [-Wnullability-completeness]
 11291 |     VkDeviceMemory hMemory,
       |     ^
/Users/runner/work/PTVisionPro/PTVisionPro/build/deps/vma-src/include/vk_mem_alloc.h:11291:5: note: insert '_Nullable' if the pointer may be null
 11291 |     VkDeviceMemory hMemory,
       |     ^
       |                    _Nullable
/Users/runner/work/PTVisionPro/PTVisionPro/build/deps/vma-src/include/vk_mem_alloc.h:11291:5: note: insert '_Nonnull' if the pointer should never be null
 11291 |     VkDeviceMemory hMemory,
       |     ^
       |                    _Nonnull
/Users/runner/work/PTVisionPro/PTVisionPro/build/deps/vma-src/include/vk_mem_alloc.h:11293:9: warning: pointer is missing a nullability type specifier (_Nonnull, _Nullable, or _Null_unspecified) [-Wnullability-completeness]
 11293 |     void* pMappedData,
       |         ^
/Users/runner/work/PTVisionPro/PTVisionPro/build/deps/vma-src/include/vk_mem_alloc.h:11293:9: note: insert '_Nullable' if the pointer may be null
 11293 |     void* pMappedData,
       |         ^
       |           _Nullable
/Users/runner/work/PTVisionPro/PTVisionPro/build/deps/vma-src/include/vk_mem_alloc.h:11293:9: note: insert '_Nonnull' if the pointer should never be null
 11293 |     void* pMappedData,
       |         ^
       |           _Nonnull
/Users/runner/work/PTVisionPro/PTVisionPro/build/deps/vma-src/include/vk_mem_alloc.h:11318:31: warning: pointer is missing a nullability type specifier (_Nonnull, _Nullable, or _Null_unspecified) [-Wnullability-completeness]
 11318 | void VmaAllocation_T::Destroy(VmaAllocator allocator)
       |                               ^
/Users/runner/work/PTVisionPro/PTVisionPro/build/deps/vma-src/include/vk_mem_alloc.h:11318:31: note: insert '_Nullable' if the pointer may be null
 11318 | void VmaAllocation_T::Destroy(VmaAllocator allocator)
       |                               ^
       |                                            _Nullable
/Users/runner/work/PTVisionPro/PTVisionPro/build/deps/vma-src/include/vk_mem_alloc.h:11318:31: note: insert '_Nonnull' if the pointer should never be null
 11318 | void VmaAllocation_T::Destroy(VmaAllocator allocator)
       |                               ^
       |                                            _Nonnull
/Users/runner/work/PTVisionPro/PTVisionPro/build/deps/vma-src/include/vk_mem_alloc.h:11328:31: warning: pointer is missing a nullability type specifier (_Nonnull, _Nullable, or _Null_unspecified) [-Wnullability-completeness]
 11328 | void VmaAllocation_T::SetName(VmaAllocator hAllocator, const char* pName)
       |                               ^
/Users/runner/work/PTVisionPro/PTVisionPro/build/deps/vma-src/include/vk_mem_alloc.h:11328:31: note: insert '_Nullable' if the pointer may be null
 11328 | void VmaAllocation_T::SetName(VmaAllocator hAllocator, const char* pName)
       |                               ^
       |                                            _Nullable
/Users/runner/work/PTVisionPro/PTVisionPro/build/deps/vma-src/include/vk_mem_alloc.h:11328:31: note: insert '_Nonnull' if the pointer should never be null
 11328 | void VmaAllocation_T::SetName(VmaAllocator hAllocator, const char* pName)
       |                               ^
       |                                            _Nonnull
/Users/runner/work/PTVisionPro/PTVisionPro/build/deps/vma-src/include/vk_mem_alloc.h:11328:66: warning: pointer is missing a nullability type specifier (_Nonnull, _Nullable, or _Null_unspecified) [-Wnullability-completeness]
 11328 | void VmaAllocation_T::SetName(VmaAllocator hAllocator, const char* pName)
       |                                                                  ^
/Users/runner/work/PTVisionPro/PTVisionPro/build/deps/vma-src/include/vk_mem_alloc.h:11328:66: note: insert '_Nullable' if the pointer may be null
 11328 | void VmaAllocation_T::SetName(VmaAllocator hAllocator, const char* pName)
       |                                                                  ^
       |                                                                    _Nullable
/Users/runner/work/PTVisionPro/PTVisionPro/build/deps/vma-src/include/vk_mem_alloc.h:11328:66: note: insert '_Nonnull' if the pointer should never be null
 11328 | void VmaAllocation_T::SetName(VmaAllocator hAllocator, const char* pName)
       |                                                                  ^
       |                                                                    _Nonnull
/Users/runner/work/PTVisionPro/PTVisionPro/build/deps/vma-src/include/vk_mem_alloc.h:11338:46: warning: pointer is missing a nullability type specifier (_Nonnull, _Nullable, or _Null_unspecified) [-Wnullability-completeness]
 11338 | uint8_t VmaAllocation_T::SwapBlockAllocation(VmaAllocator hAllocator, VmaAllocation allocation)
       |                                              ^
/Users/runner/work/PTVisionPro/PTVisionPro/build/deps/vma-src/include/vk_mem_alloc.h:11338:46: note: insert '_Nullable' if the pointer may be null
 11338 | uint8_t VmaAllocation_T::SwapBlockAllocation(VmaAllocator hAllocator, VmaAllocation allocation)
       |                                              ^
       |                                                           _Nullable
/Users/runner/work/PTVisionPro/PTVisionPro/build/deps/vma-src/include/vk_mem_alloc.h:11338:46: note: insert '_Nonnull' if the pointer should never be null
 11338 | uint8_t VmaAllocation_T::SwapBlockAllocation(VmaAllocator hAllocator, VmaAllocation allocation)
       |                                              ^
       |                                                           _Nonnull
/Users/runner/work/PTVisionPro/PTVisionPro/build/deps/vma-src/include/vk_mem_alloc.h:11338:71: warning: pointer is missing a nullability type specifier (_Nonnull, _Nullable, or _Null_unspecified) [-Wnullability-completeness]
 11338 | uint8_t VmaAllocation_T::SwapBlockAllocation(VmaAllocator hAllocator, VmaAllocation allocation)
       |                                                                       ^
/Users/runner/work/PTVisionPro/PTVisionPro/build/deps/vma-src/include/vk_mem_alloc.h:11338:71: note: insert '_Nullable' if the pointer may be null
 11338 | uint8_t VmaAllocation_T::SwapBlockAllocation(VmaAllocator hAllocator, VmaAllocation allocation)
       |                                                                       ^
       |                                                                                     _Nullable
/Users/runner/work/PTVisionPro/PTVisionPro/build/deps/vma-src/include/vk_mem_alloc.h:11338:71: note: insert '_Nonnull' if the pointer should never be null
 11338 | uint8_t VmaAllocation_T::SwapBlockAllocation(VmaAllocator hAllocator, VmaAllocation allocation)
       |                                                                       ^
       |                                                                                     _Nonnull
/Users/runner/work/PTVisionPro/PTVisionPro/build/deps/vma-src/include/vk_mem_alloc.h:11357:1: warning: pointer is missing a nullability type specifier (_Nonnull, _Nullable, or _Null_unspecified) [-Wnullability-completeness]
 11357 | VmaAllocHandle VmaAllocation_T::GetAllocHandle() const
       | ^
/Users/runner/work/PTVisionPro/PTVisionPro/build/deps/vma-src/include/vk_mem_alloc.h:11357:1: note: insert '_Nullable' if the pointer may be null
 11357 | VmaAllocHandle VmaAllocation_T::GetAllocHandle() const
       | ^
       |                _Nullable
/Users/runner/work/PTVisionPro/PTVisionPro/build/deps/vma-src/include/vk_mem_alloc.h:11357:1: note: insert '_Nonnull' if the pointer should never be null
 11357 | VmaAllocHandle VmaAllocation_T::GetAllocHandle() const
       | ^
       |                _Nonnull
/Users/runner/work/PTVisionPro/PTVisionPro/build/deps/vma-src/include/vk_mem_alloc.h:11385:1: warning: pointer is missing a nullability type specifier (_Nonnull, _Nullable, or _Null_unspecified) [-Wnullability-completeness]
 11385 | VmaPool VmaAllocation_T::GetParentPool() const
       | ^
/Users/runner/work/PTVisionPro/PTVisionPro/build/deps/vma-src/include/vk_mem_alloc.h:11385:1: note: insert '_Nullable' if the pointer may be null
 11385 | VmaPool VmaAllocation_T::GetParentPool() const
       | ^
       |         _Nullable
/Users/runner/work/PTVisionPro/PTVisionPro/build/deps/vma-src/include/vk_mem_alloc.h:11385:1: note: insert '_Nonnull' if the pointer should never be null
 11385 | VmaPool VmaAllocation_T::GetParentPool() const
       | ^
       |         _Nonnull
/Users/runner/work/PTVisionPro/PTVisionPro/build/deps/vma-src/include/vk_mem_alloc.h:11399:1: warning: pointer is missing a nullability type specifier (_Nonnull, _Nullable, or _Null_unspecified) [-Wnullability-completeness]
 11399 | VkDeviceMemory VmaAllocation_T::GetMemory() const
       | ^
/Users/runner/work/PTVisionPro/PTVisionPro/build/deps/vma-src/include/vk_mem_alloc.h:11399:1: note: insert '_Nullable' if the pointer may be null
 11399 | VkDeviceMemory VmaAllocation_T::GetMemory() const
       | ^
       |                _Nullable
/Users/runner/work/PTVisionPro/PTVisionPro/build/deps/vma-src/include/vk_mem_alloc.h:11399:1: note: insert '_Nonnull' if the pointer should never be null
 11399 | VkDeviceMemory VmaAllocation_T::GetMemory() const
       | ^
       |                _Nonnull
/Users/runner/work/PTVisionPro/PTVisionPro/build/deps/vma-src/include/vk_mem_alloc.h:11413:5: warning: pointer is missing a nullability type specifier (_Nonnull, _Nullable, or _Null_unspecified) [-Wnullability-completeness]
 11413 | void* VmaAllocation_T::GetMappedData() const
       |     ^
/Users/runner/work/PTVisionPro/PTVisionPro/build/deps/vma-src/include/vk_mem_alloc.h:11413:5: note: insert '_Nullable' if the pointer may be null
 11413 | void* VmaAllocation_T::GetMappedData() const
       |     ^
       |       _Nullable
/Users/runner/work/PTVisionPro/PTVisionPro/build/deps/vma-src/include/vk_mem_alloc.h:11413:5: note: insert '_Nonnull' if the pointer should never be null
 11413 | void* VmaAllocation_T::GetMappedData() const
       |     ^
       |       _Nonnull
/Users/runner/work/PTVisionPro/PTVisionPro/build/deps/vma-src/include/vk_mem_alloc.h:11468:45: warning: pointer is missing a nullability type specifier (_Nonnull, _Nullable, or _Null_unspecified) [-Wnullability-completeness]
 11468 | VkResult VmaAllocation_T::DedicatedAllocMap(VmaAllocator hAllocator, void** ppData)
       |                                             ^
/Users/runner/work/PTVisionPro/PTVisionPro/build/deps/vma-src/include/vk_mem_alloc.h:11468:45: note: insert '_Nullable' if the pointer may be null
 11468 | VkResult VmaAllocation_T::DedicatedAllocMap(VmaAllocator hAllocator, void** ppData)
       |                                             ^
       |                                                          _Nullable
/Users/runner/work/PTVisionPro/PTVisionPro/build/deps/vma-src/include/vk_mem_alloc.h:11468:45: note: insert '_Nonnull' if the pointer should never be null
 11468 | VkResult VmaAllocation_T::DedicatedAllocMap(VmaAllocator hAllocator, void** ppData)
       |                                             ^
       |                                                          _Nonnull
/Users/runner/work/PTVisionPro/PTVisionPro/build/deps/vma-src/include/vk_mem_alloc.h:11468:74: warning: pointer is missing a nullability type specifier (_Nonnull, _Nullable, or _Null_unspecified) [-Wnullability-completeness]
 11468 | VkResult VmaAllocation_T::DedicatedAllocMap(VmaAllocator hAllocator, void** ppData)
       |                                                                          ^
/Users/runner/work/PTVisionPro/PTVisionPro/build/deps/vma-src/include/vk_mem_alloc.h:11468:74: note: insert '_Nullable' if the pointer may be null
 11468 | VkResult VmaAllocation_T::DedicatedAllocMap(VmaAllocator hAllocator, void** ppData)
       |                                                                          ^
       |                                                                           _Nullable
/Users/runner/work/PTVisionPro/PTVisionPro/build/deps/vma-src/include/vk_mem_alloc.h:11468:74: note: insert '_Nonnull' if the pointer should never be null
 11468 | VkResult VmaAllocation_T::DedicatedAllocMap(VmaAllocator hAllocator, void** ppData)
       |                                                                          ^
       |                                                                           _Nonnull
/Users/runner/work/PTVisionPro/PTVisionPro/build/deps/vma-src/include/vk_mem_alloc.h:11468:75: warning: pointer is missing a nullability type specifier (_Nonnull, _Nullable, or _Null_unspecified) [-Wnullability-completeness]
 11468 | VkResult VmaAllocation_T::DedicatedAllocMap(VmaAllocator hAllocator, void** ppData)
       |                                                                           ^
/Users/runner/work/PTVisionPro/PTVisionPro/build/deps/vma-src/include/vk_mem_alloc.h:11468:75: note: insert '_Nullable' if the pointer may be null
 11468 | VkResult VmaAllocation_T::DedicatedAllocMap(VmaAllocator hAllocator, void** ppData)
       |                                                                           ^
       |                                                                             _Nullable
/Users/runner/work/PTVisionPro/PTVisionPro/build/deps/vma-src/include/vk_mem_alloc.h:11468:75: note: insert '_Nonnull' if the pointer should never be null
 11468 | VkResult VmaAllocation_T::DedicatedAllocMap(VmaAllocator hAllocator, void** ppData)
       |                                                                           ^
       |                                                                             _Nonnull
/Users/runner/work/PTVisionPro/PTVisionPro/build/deps/vma-src/include/vk_mem_alloc.h:11504:43: warning: pointer is missing a nullability type specifier (_Nonnull, _Nullable, or _Null_unspecified) [-Wnullability-completeness]
 11504 | void VmaAllocation_T::DedicatedAllocUnmap(VmaAllocator hAllocator)
       |                                           ^
/Users/runner/work/PTVisionPro/PTVisionPro/build/deps/vma-src/include/vk_mem_alloc.h:11504:43: note: insert '_Nullable' if the pointer may be null
 11504 | void VmaAllocation_T::DedicatedAllocUnmap(VmaAllocator hAllocator)
       |                                           ^
       |                                                        _Nullable
/Users/runner/work/PTVisionPro/PTVisionPro/build/deps/vma-src/include/vk_mem_alloc.h:11504:43: note: insert '_Nonnull' if the pointer should never be null
 11504 | void VmaAllocation_T::DedicatedAllocUnmap(VmaAllocator hAllocator)
       |                                           ^
       |                                                        _Nonnull
/Users/runner/work/PTVisionPro/PTVisionPro/build/deps/vma-src/include/vk_mem_alloc.h:11569:39: warning: pointer is missing a nullability type specifier (_Nonnull, _Nullable, or _Null_unspecified) [-Wnullability-completeness]
 11569 | void VmaAllocation_T::EnsureExtraData(VmaAllocator hAllocator)
       |                                       ^
/Users/runner/work/PTVisionPro/PTVisionPro/build/deps/vma-src/include/vk_mem_alloc.h:11569:39: note: insert '_Nullable' if the pointer may be null
 11569 | void VmaAllocation_T::EnsureExtraData(VmaAllocator hAllocator)
       |                                       ^
       |                                                    _Nullable
/Users/runner/work/PTVisionPro/PTVisionPro/build/deps/vma-src/include/vk_mem_alloc.h:11569:39: note: insert '_Nonnull' if the pointer should never be null
 11569 | void VmaAllocation_T::EnsureExtraData(VmaAllocator hAllocator)
       |                                       ^
       |                                                    _Nonnull
/Users/runner/work/PTVisionPro/PTVisionPro/build/deps/vma-src/include/vk_mem_alloc.h:11577:32: warning: pointer is missing a nullability type specifier (_Nonnull, _Nullable, or _Null_unspecified) [-Wnullability-completeness]
 11577 | void VmaAllocation_T::FreeName(VmaAllocator hAllocator)
       |                                ^
/Users/runner/work/PTVisionPro/PTVisionPro/build/deps/vma-src/include/vk_mem_alloc.h:11577:32: note: insert '_Nullable' if the pointer may be null
 11577 | void VmaAllocation_T::FreeName(VmaAllocator hAllocator)
       |                                ^
       |                                             _Nullable
/Users/runner/work/PTVisionPro/PTVisionPro/build/deps/vma-src/include/vk_mem_alloc.h:11577:32: note: insert '_Nonnull' if the pointer should never be null
 11577 | void VmaAllocation_T::FreeName(VmaAllocator hAllocator)
       |                                ^
       |                                             _Nonnull
/Users/runner/work/PTVisionPro/PTVisionPro/build/deps/vma-src/include/vk_mem_alloc.h:11589:5: warning: pointer is missing a nullability type specifier (_Nonnull, _Nullable, or _Null_unspecified) [-Wnullability-completeness]
 11589 |     VmaAllocator hAllocator,
       |     ^
/Users/runner/work/PTVisionPro/PTVisionPro/build/deps/vma-src/include/vk_mem_alloc.h:11589:5: note: insert '_Nullable' if the pointer may be null
 11589 |     VmaAllocator hAllocator,
       |     ^
       |                  _Nullable
/Users/runner/work/PTVisionPro/PTVisionPro/build/deps/vma-src/include/vk_mem_alloc.h:11589:5: note: insert '_Nonnull' if the pointer should never be null
 11589 |     VmaAllocator hAllocator,
       |     ^
       |                  _Nonnull
/Users/runner/work/PTVisionPro/PTVisionPro/build/deps/vma-src/include/vk_mem_alloc.h:11590:5: warning: pointer is missing a nullability type specifier (_Nonnull, _Nullable, or _Null_unspecified) [-Wnullability-completeness]
 11590 |     VmaPool hParentPool,
       |     ^
/Users/runner/work/PTVisionPro/PTVisionPro/build/deps/vma-src/include/vk_mem_alloc.h:11590:5: note: insert '_Nullable' if the pointer may be null
 11590 |     VmaPool hParentPool,
       |     ^
       |             _Nullable
/Users/runner/work/PTVisionPro/PTVisionPro/build/deps/vma-src/include/vk_mem_alloc.h:11590:5: note: insert '_Nonnull' if the pointer should never be null
 11590 |     VmaPool hParentPool,
       |     ^
       |             _Nonnull
/Users/runner/work/PTVisionPro/PTVisionPro/build/deps/vma-src/include/vk_mem_alloc.h:11600:9: warning: pointer is missing a nullability type specifier (_Nonnull, _Nullable, or _Null_unspecified) [-Wnullability-completeness]
 11600 |     void* pMemoryAllocateNext)
       |         ^
/Users/runner/work/PTVisionPro/PTVisionPro/build/deps/vma-src/include/vk_mem_alloc.h:11600:9: note: insert '_Nullable' if the pointer may be null
 11600 |     void* pMemoryAllocateNext)
       |         ^
       |           _Nullable
/Users/runner/work/PTVisionPro/PTVisionPro/build/deps/vma-src/include/vk_mem_alloc.h:11600:9: note: insert '_Nonnull' if the pointer should never be null
 11600 |     void* pMemoryAllocateNext)
       |         ^
       |           _Nonnull
/Users/runner/work/PTVisionPro/PTVisionPro/build/deps/vma-src/include/vk_mem_alloc.h:11689:5: warning: pointer is missing a nullability type specifier (_Nonnull, _Nullable, or _Null_unspecified) [-Wnullability-completeness]
 11689 |     VmaAllocation* pAllocations)
       |     ^
/Users/runner/work/PTVisionPro/PTVisionPro/build/deps/vma-src/include/vk_mem_alloc.h:11689:5: note: insert '_Nullable' if the pointer may be null
 11689 |     VmaAllocation* pAllocations)
       |     ^            
       |                   _Nullable 
/Users/runner/work/PTVisionPro/PTVisionPro/build/deps/vma-src/include/vk_mem_alloc.h:11689:5: note: insert '_Nonnull' if the pointer should never be null
 11689 |     VmaAllocation* pAllocations)
       |     ^            
       |                   _Nonnull 
/Users/runner/work/PTVisionPro/PTVisionPro/build/deps/vma-src/include/vk_mem_alloc.h:11689:18: warning: pointer is missing a nullability type specifier (_Nonnull, _Nullable, or _Null_unspecified) [-Wnullability-completeness]
 11689 |     VmaAllocation* pAllocations)
       |                  ^
/Users/runner/work/PTVisionPro/PTVisionPro/build/deps/vma-src/include/vk_mem_alloc.h:11689:18: note: insert '_Nullable' if the pointer may be null
 11689 |     VmaAllocation* pAllocations)
       |                  ^
       |                    _Nullable
/Users/runner/work/PTVisionPro/PTVisionPro/build/deps/vma-src/include/vk_mem_alloc.h:11689:18: note: insert '_Nonnull' if the pointer should never be null
 11689 |     VmaAllocation* pAllocations)
       |                  ^
       |                    _Nonnull
/Users/runner/work/PTVisionPro/PTVisionPro/build/deps/vma-src/include/vk_mem_alloc.h:11735:5: warning: pointer is missing a nullability type specifier (_Nonnull, _Nullable, or _Null_unspecified) [-Wnullability-completeness]
 11735 |     VmaAllocation* pAllocation)
       |     ^
/Users/runner/work/PTVisionPro/PTVisionPro/build/deps/vma-src/include/vk_mem_alloc.h:11735:5: note: insert '_Nullable' if the pointer may be null
 11735 |     VmaAllocation* pAllocation)
       |     ^            
       |                   _Nullable 
/Users/runner/work/PTVisionPro/PTVisionPro/build/deps/vma-src/include/vk_mem_alloc.h:11735:5: note: insert '_Nonnull' if the pointer should never be null
 11735 |     VmaAllocation* pAllocation)
       |     ^            
       |                   _Nonnull 
/Users/runner/work/PTVisionPro/PTVisionPro/build/deps/vma-src/include/vk_mem_alloc.h:11735:18: warning: pointer is missing a nullability type specifier (_Nonnull, _Nullable, or _Null_unspecified) [-Wnullability-completeness]
 11735 |     VmaAllocation* pAllocation)
       |                  ^
/Users/runner/work/PTVisionPro/PTVisionPro/build/deps/vma-src/include/vk_mem_alloc.h:11735:18: note: insert '_Nullable' if the pointer may be null
 11735 |     VmaAllocation* pAllocation)
       |                  ^
       |                    _Nullable
/Users/runner/work/PTVisionPro/PTVisionPro/build/deps/vma-src/include/vk_mem_alloc.h:11735:18: note: insert '_Nonnull' if the pointer should never be null
 11735 |     VmaAllocation* pAllocation)
       |                  ^
       |                    _Nonnull
/Users/runner/work/PTVisionPro/PTVisionPro/build/deps/vma-src/include/vk_mem_alloc.h:11932:27: warning: pointer is missing a nullability type specifier (_Nonnull, _Nullable, or _Null_unspecified) [-Wnullability-completeness]
 11932 | void VmaBlockVector::Free(VmaAllocation hAllocation)
       |                           ^
/Users/runner/work/PTVisionPro/PTVisionPro/build/deps/vma-src/include/vk_mem_alloc.h:11932:27: note: insert '_Nullable' if the pointer may be null
 11932 | void VmaBlockVector::Free(VmaAllocation hAllocation)
       |                           ^
       |                                         _Nullable
/Users/runner/work/PTVisionPro/PTVisionPro/build/deps/vma-src/include/vk_mem_alloc.h:11932:27: note: insert '_Nonnull' if the pointer should never be null
 11932 | void VmaBlockVector::Free(VmaAllocation hAllocation)
       |                           ^
       |                                         _Nonnull
/Users/runner/work/PTVisionPro/PTVisionPro/build/deps/vma-src/include/vk_mem_alloc.h:12023:49: warning: pointer is missing a nullability type specifier (_Nonnull, _Nullable, or _Null_unspecified) [-Wnullability-completeness]
 12023 | void VmaBlockVector::Remove(VmaDeviceMemoryBlock* pBlock)
       |                                                 ^
/Users/runner/work/PTVisionPro/PTVisionPro/build/deps/vma-src/include/vk_mem_alloc.h:12023:49: note: insert '_Nullable' if the pointer may be null
 12023 | void VmaBlockVector::Remove(VmaDeviceMemoryBlock* pBlock)
       |                                                 ^
       |                                                   _Nullable
/Users/runner/work/PTVisionPro/PTVisionPro/build/deps/vma-src/include/vk_mem_alloc.h:12023:49: note: insert '_Nonnull' if the pointer should never be null
 12023 | void VmaBlockVector::Remove(VmaDeviceMemoryBlock* pBlock)
       |                                                 ^
       |                                                   _Nonnull
/Users/runner/work/PTVisionPro/PTVisionPro/build/deps/vma-src/include/vk_mem_alloc.h:12064:25: warning: pointer is missing a nullability type specifier (_Nonnull, _Nullable, or _Null_unspecified) [-Wnullability-completeness]
 12064 |     VmaDeviceMemoryBlock* pBlock,
       |                         ^
/Users/runner/work/PTVisionPro/PTVisionPro/build/deps/vma-src/include/vk_mem_alloc.h:12064:25: note: insert '_Nullable' if the pointer may be null
 12064 |     VmaDeviceMemoryBlock* pBlock,
       |                         ^
       |                           _Nullable
/Users/runner/work/PTVisionPro/PTVisionPro/build/deps/vma-src/include/vk_mem_alloc.h:12064:25: note: insert '_Nonnull' if the pointer should never be null
 12064 |     VmaDeviceMemoryBlock* pBlock,
       |                         ^
       |                           _Nonnull
/Users/runner/work/PTVisionPro/PTVisionPro/build/deps/vma-src/include/vk_mem_alloc.h:12068:9: warning: pointer is missing a nullability type specifier (_Nonnull, _Nullable, or _Null_unspecified) [-Wnullability-completeness]
 12068 |     void* pUserData,
       |         ^
/Users/runner/work/PTVisionPro/PTVisionPro/build/deps/vma-src/include/vk_mem_alloc.h:12068:9: note: insert '_Nullable' if the pointer may be null
 12068 |     void* pUserData,
       |         ^
       |           _Nullable
/Users/runner/work/PTVisionPro/PTVisionPro/build/deps/vma-src/include/vk_mem_alloc.h:12068:9: note: insert '_Nonnull' if the pointer should never be null
 12068 |     void* pUserData,
       |         ^
       |           _Nonnull
/Users/runner/work/PTVisionPro/PTVisionPro/build/deps/vma-src/include/vk_mem_alloc.h:12071:5: warning: pointer is missing a nullability type specifier (_Nonnull, _Nullable, or _Null_unspecified) [-Wnullability-completeness]
 12071 |     VmaAllocation* pAllocation)
       |     ^
/Users/runner/work/PTVisionPro/PTVisionPro/build/deps/vma-src/include/vk_mem_alloc.h:12071:5: note: insert '_Nullable' if the pointer may be null
 12071 |     VmaAllocation* pAllocation)
       |     ^            
       |                   _Nullable 
/Users/runner/work/PTVisionPro/PTVisionPro/build/deps/vma-src/include/vk_mem_alloc.h:12071:5: note: insert '_Nonnull' if the pointer should never be null
 12071 |     VmaAllocation* pAllocation)
       |     ^            
       |                   _Nonnull 
/Users/runner/work/PTVisionPro/PTVisionPro/build/deps/vma-src/include/vk_mem_alloc.h:12071:18: warning: pointer is missing a nullability type specifier (_Nonnull, _Nullable, or _Null_unspecified) [-Wnullability-completeness]
 12071 |     VmaAllocation* pAllocation)
       |                  ^
/Users/runner/work/PTVisionPro/PTVisionPro/build/deps/vma-src/include/vk_mem_alloc.h:12071:18: note: insert '_Nullable' if the pointer may be null
 12071 |     VmaAllocation* pAllocation)
       |                  ^
       |                    _Nullable
/Users/runner/work/PTVisionPro/PTVisionPro/build/deps/vma-src/include/vk_mem_alloc.h:12071:18: note: insert '_Nonnull' if the pointer should never be null
 12071 |     VmaAllocation* pAllocation)
       |                  ^
       |                    _Nonnull
/Users/runner/work/PTVisionPro/PTVisionPro/build/deps/vma-src/include/vk_mem_alloc.h:12091:25: warning: pointer is missing a nullability type specifier (_Nonnull, _Nullable, or _Null_unspecified) [-Wnullability-completeness]
 12091 |     VmaDeviceMemoryBlock* pBlock,
       |                         ^
/Users/runner/work/PTVisionPro/PTVisionPro/build/deps/vma-src/include/vk_mem_alloc.h:12091:25: note: insert '_Nullable' if the pointer may be null
 12091 |     VmaDeviceMemoryBlock* pBlock,
       |                         ^
       |                           _Nullable
/Users/runner/work/PTVisionPro/PTVisionPro/build/deps/vma-src/include/vk_mem_alloc.h:12091:25: note: insert '_Nonnull' if the pointer should never be null
 12091 |     VmaDeviceMemoryBlock* pBlock,
       |                         ^
       |                           _Nonnull
/Users/runner/work/PTVisionPro/PTVisionPro/build/deps/vma-src/include/vk_mem_alloc.h:12094:9: warning: pointer is missing a nullability type specifier (_Nonnull, _Nullable, or _Null_unspecified) [-Wnullability-completeness]
 12094 |     void* pUserData,
       |         ^
/Users/runner/work/PTVisionPro/PTVisionPro/build/deps/vma-src/include/vk_mem_alloc.h:12094:9: note: insert '_Nullable' if the pointer may be null
 12094 |     void* pUserData,
       |         ^
       |           _Nullable
/Users/runner/work/PTVisionPro/PTVisionPro/build/deps/vma-src/include/vk_mem_alloc.h:12094:9: note: insert '_Nonnull' if the pointer should never be null
 12094 |     void* pUserData,
       |         ^
       |           _Nonnull
/Users/runner/work/PTVisionPro/PTVisionPro/build/deps/vma-src/include/vk_mem_alloc.h:12096:5: warning: pointer is missing a nullability type specifier (_Nonnull, _Nullable, or _Null_unspecified) [-Wnullability-completeness]
 12096 |     VmaAllocation* pAllocation)
       |     ^
/Users/runner/work/PTVisionPro/PTVisionPro/build/deps/vma-src/include/vk_mem_alloc.h:12096:5: note: insert '_Nullable' if the pointer may be null
 12096 |     VmaAllocation* pAllocation)
       |     ^            
       |                   _Nullable 
/Users/runner/work/PTVisionPro/PTVisionPro/build/deps/vma-src/include/vk_mem_alloc.h:12096:5: note: insert '_Nonnull' if the pointer should never be null
 12096 |     VmaAllocation* pAllocation)
       |     ^            
       |                   _Nonnull 
/Users/runner/work/PTVisionPro/PTVisionPro/build/deps/vma-src/include/vk_mem_alloc.h:12096:18: warning: pointer is missing a nullability type specifier (_Nonnull, _Nullable, or _Null_unspecified) [-Wnullability-completeness]
 12096 |     VmaAllocation* pAllocation)
       |                  ^
/Users/runner/work/PTVisionPro/PTVisionPro/build/deps/vma-src/include/vk_mem_alloc.h:12096:18: note: insert '_Nullable' if the pointer may be null
 12096 |     VmaAllocation* pAllocation)
       |                  ^
       |                    _Nullable
/Users/runner/work/PTVisionPro/PTVisionPro/build/deps/vma-src/include/vk_mem_alloc.h:12096:18: note: insert '_Nonnull' if the pointer should never be null
 12096 |     VmaAllocation* pAllocation)
       |                  ^
       |                    _Nonnull
/Users/runner/work/PTVisionPro/PTVisionPro/build/deps/vma-src/include/vk_mem_alloc.h:12143:68: warning: pointer is missing a nullability type specifier (_Nonnull, _Nullable, or _Null_unspecified) [-Wnullability-completeness]
 12143 | VkResult VmaBlockVector::CreateBlock(VkDeviceSize blockSize, size_t* pNewBlockIndex)
       |                                                                    ^
/Users/runner/work/PTVisionPro/PTVisionPro/build/deps/vma-src/include/vk_mem_alloc.h:12143:68: note: insert '_Nullable' if the pointer may be null
 12143 | VkResult VmaBlockVector::CreateBlock(VkDeviceSize blockSize, size_t* pNewBlockIndex)
       |                                                                    ^
       |                                                                      _Nullable
/Users/runner/work/PTVisionPro/PTVisionPro/build/deps/vma-src/include/vk_mem_alloc.h:12143:68: note: insert '_Nonnull' if the pointer should never be null
 12143 | VkResult VmaBlockVector::CreateBlock(VkDeviceSize blockSize, size_t* pNewBlockIndex)
       |                                                                    ^
       |                                                                      _Nonnull
/Users/runner/work/PTVisionPro/PTVisionPro/build/deps/vma-src/include/vk_mem_alloc.h:12272:5: warning: pointer is missing a nullability type specifier (_Nonnull, _Nullable, or _Null_unspecified) [-Wnullability-completeness]
 12272 |     VmaAllocator hAllocator,
       |     ^
/Users/runner/work/PTVisionPro/PTVisionPro/build/deps/vma-src/include/vk_mem_alloc.h:12272:5: note: insert '_Nullable' if the pointer may be null
 12272 |     VmaAllocator hAllocator,
       |     ^
       |                  _Nullable
/Users/runner/work/PTVisionPro/PTVisionPro/build/deps/vma-src/include/vk_mem_alloc.h:12272:5: note: insert '_Nonnull' if the pointer should never be null
 12272 |     VmaAllocator hAllocator,
       |     ^
       |                  _Nonnull
/Users/runner/work/PTVisionPro/PTVisionPro/build/deps/vma-src/include/vk_mem_alloc.h:12666:5: warning: pointer is missing a nullability type specifier (_Nonnull, _Nullable, or _Null_unspecified) [-Wnullability-completeness]
 12666 |     VmaAllocHandle handle, VmaBlockMetadata* metadata)
       |     ^
/Users/runner/work/PTVisionPro/PTVisionPro/build/deps/vma-src/include/vk_mem_alloc.h:12666:5: note: insert '_Nullable' if the pointer may be null
 12666 |     VmaAllocHandle handle, VmaBlockMetadata* metadata)
       |     ^
       |                    _Nullable
/Users/runner/work/PTVisionPro/PTVisionPro/build/deps/vma-src/include/vk_mem_alloc.h:12666:5: note: insert '_Nonnull' if the pointer should never be null
 12666 |     VmaAllocHandle handle, VmaBlockMetadata* metadata)
       |     ^
       |                    _Nonnull
/Users/runner/work/PTVisionPro/PTVisionPro/build/deps/vma-src/include/vk_mem_alloc.h:12666:44: warning: pointer is missing a nullability type specifier (_Nonnull, _Nullable, or _Null_unspecified) [-Wnullability-completeness]
 12666 |     VmaAllocHandle handle, VmaBlockMetadata* metadata)
       |                                            ^
/Users/runner/work/PTVisionPro/PTVisionPro/build/deps/vma-src/include/vk_mem_alloc.h:12666:44: note: insert '_Nullable' if the pointer may be null
 12666 |     VmaAllocHandle handle, VmaBlockMetadata* metadata)
       |                                            ^
       |                                              _Nullable
/Users/runner/work/PTVisionPro/PTVisionPro/build/deps/vma-src/include/vk_mem_alloc.h:12666:44: note: insert '_Nonnull' if the pointer should never be null
 12666 |     VmaAllocHandle handle, VmaBlockMetadata* metadata)
       |                                            ^
       |                                              _Nonnull
/Users/runner/work/PTVisionPro/PTVisionPro/build/deps/vma-src/include/vk_mem_alloc.h:12714:98: warning: pointer is missing a nullability type specifier (_Nonnull, _Nullable, or _Null_unspecified) [-Wnullability-completeness]
 12714 | bool VmaDefragmentationContext_T::ReallocWithinBlock(VmaBlockVector& vector, VmaDeviceMemoryBlock* block)
       |                                                                                                  ^
/Users/runner/work/PTVisionPro/PTVisionPro/build/deps/vma-src/include/vk_mem_alloc.h:12714:98: note: insert '_Nullable' if the pointer may be null
 12714 | bool VmaDefragmentationContext_T::ReallocWithinBlock(VmaBlockVector& vector, VmaDeviceMemoryBlock* block)
       |                                                                                                  ^
       |                                                                                                    _Nullable
/Users/runner/work/PTVisionPro/PTVisionPro/build/deps/vma-src/include/vk_mem_alloc.h:12714:98: note: insert '_Nonnull' if the pointer should never be null
 12714 | bool VmaDefragmentationContext_T::ReallocWithinBlock(VmaBlockVector& vector, VmaDeviceMemoryBlock* block)
       |                                                                                                  ^
       |                                                                                                    _Nonnull
/Users/runner/work/PTVisionPro/PTVisionPro/build/deps/vma-src/include/vk_mem_alloc.h:13265:5: warning: pointer is missing a nullability type specifier (_Nonnull, _Nullable, or _Null_unspecified) [-Wnullability-completeness]
 13265 |     VmaAllocator hAllocator,
       |     ^
/Users/runner/work/PTVisionPro/PTVisionPro/build/deps/vma-src/include/vk_mem_alloc.h:13265:5: note: insert '_Nullable' if the pointer may be null
 13265 |     VmaAllocator hAllocator,
       |     ^
       |                  _Nullable
/Users/runner/work/PTVisionPro/PTVisionPro/build/deps/vma-src/include/vk_mem_alloc.h:13265:5: note: insert '_Nonnull' if the pointer should never be null
 13265 |     VmaAllocator hAllocator,
       |     ^
       |                  _Nonnull
/Users/runner/work/PTVisionPro/PTVisionPro/build/deps/vma-src/include/vk_mem_alloc.h:13292:35: warning: pointer is missing a nullability type specifier (_Nonnull, _Nullable, or _Null_unspecified) [-Wnullability-completeness]
 13292 | void VmaPool_T::SetName(const char* pName)
       |                                   ^
/Users/runner/work/PTVisionPro/PTVisionPro/build/deps/vma-src/include/vk_mem_alloc.h:13292:35: note: insert '_Nullable' if the pointer may be null
 13292 | void VmaPool_T::SetName(const char* pName)
       |                                   ^
       |                                     _Nullable
/Users/runner/work/PTVisionPro/PTVisionPro/build/deps/vma-src/include/vk_mem_alloc.h:13292:35: note: insert '_Nonnull' if the pointer should never be null
 13292 | void VmaPool_T::SetName(const char* pName)
       |                                   ^
       |                                     _Nonnull
/Users/runner/work/PTVisionPro/PTVisionPro/build/deps/vma-src/include/vk_mem_alloc.h:13309:60: warning: pointer is missing a nullability type specifier (_Nonnull, _Nullable, or _Null_unspecified) [-Wnullability-completeness]
 13309 | VmaAllocator_T::VmaAllocator_T(const VmaAllocatorCreateInfo* pCreateInfo) :
       |                                                            ^
/Users/runner/work/PTVisionPro/PTVisionPro/build/deps/vma-src/include/vk_mem_alloc.h:13309:60: note: insert '_Nullable' if the pointer may be null
 13309 | VmaAllocator_T::VmaAllocator_T(const VmaAllocatorCreateInfo* pCreateInfo) :
       |                                                            ^
       |                                                              _Nullable
/Users/runner/work/PTVisionPro/PTVisionPro/build/deps/vma-src/include/vk_mem_alloc.h:13309:60: note: insert '_Nonnull' if the pointer should never be null
 13309 | VmaAllocator_T::VmaAllocator_T(const VmaAllocatorCreateInfo* pCreateInfo) :
       |                                                            ^
       |                                                              _Nonnull
/Users/runner/work/PTVisionPro/PTVisionPro/build/deps/vma-src/include/vk_mem_alloc.h:13529:59: warning: pointer is missing a nullability type specifier (_Nonnull, _Nullable, or _Null_unspecified) [-Wnullability-completeness]
 13529 | VkResult VmaAllocator_T::Init(const VmaAllocatorCreateInfo* pCreateInfo)
       |                                                           ^
/Users/runner/work/PTVisionPro/PTVisionPro/build/deps/vma-src/include/vk_mem_alloc.h:13529:59: note: insert '_Nullable' if the pointer may be null
 13529 | VkResult VmaAllocator_T::Init(const VmaAllocatorCreateInfo* pCreateInfo)
       |                                                           ^
       |                                                             _Nullable
/Users/runner/work/PTVisionPro/PTVisionPro/build/deps/vma-src/include/vk_mem_alloc.h:13529:59: note: insert '_Nonnull' if the pointer should never be null
 13529 | VkResult VmaAllocator_T::Init(const VmaAllocatorCreateInfo* pCreateInfo)
       |                                                           ^
       |                                                             _Nonnull
/Users/runner/work/PTVisionPro/PTVisionPro/build/deps/vma-src/include/vk_mem_alloc.h:13553:68: warning: pointer is missing a nullability type specifier (_Nonnull, _Nullable, or _Null_unspecified) [-Wnullability-completeness]
 13553 | void VmaAllocator_T::ImportVulkanFunctions(const VmaVulkanFunctions* pVulkanFunctions)
       |                                                                    ^
/Users/runner/work/PTVisionPro/PTVisionPro/build/deps/vma-src/include/vk_mem_alloc.h:13553:68: note: insert '_Nullable' if the pointer may be null
 13553 | void VmaAllocator_T::ImportVulkanFunctions(const VmaVulkanFunctions* pVulkanFunctions)
       |                                                                    ^
       |                                                                      _Nullable
/Users/runner/work/PTVisionPro/PTVisionPro/build/deps/vma-src/include/vk_mem_alloc.h:13553:68: note: insert '_Nonnull' if the pointer should never be null
 13553 | void VmaAllocator_T::ImportVulkanFunctions(const VmaVulkanFunctions* pVulkanFunctions)
       |                                                                    ^
       |                                                                      _Nonnull
/Users/runner/work/PTVisionPro/PTVisionPro/build/deps/vma-src/include/vk_mem_alloc.h:13626:75: warning: pointer is missing a nullability type specifier (_Nonnull, _Nullable, or _Null_unspecified) [-Wnullability-completeness]
 13626 | void VmaAllocator_T::ImportVulkanFunctions_Custom(const VmaVulkanFunctions* pVulkanFunctions)
       |                                                                           ^
/Users/runner/work/PTVisionPro/PTVisionPro/build/deps/vma-src/include/vk_mem_alloc.h:13626:75: note: insert '_Nullable' if the pointer may be null
 13626 | void VmaAllocator_T::ImportVulkanFunctions_Custom(const VmaVulkanFunctions* pVulkanFunctions)
       |                                                                           ^
       |                                                                             _Nullable
/Users/runner/work/PTVisionPro/PTVisionPro/build/deps/vma-src/include/vk_mem_alloc.h:13626:75: note: insert '_Nonnull' if the pointer should never be null
 13626 | void VmaAllocator_T::ImportVulkanFunctions_Custom(const VmaVulkanFunctions* pVulkanFunctions)
       |                                                                           ^
       |                                                                             _Nonnull
/Users/runner/work/PTVisionPro/PTVisionPro/build/deps/vma-src/include/vk_mem_alloc.h:13853:5: warning: pointer is missing a nullability type specifier (_Nonnull, _Nullable, or _Null_unspecified) [-Wnullability-completeness]
 13853 |     VmaPool pool,
       |     ^
/Users/runner/work/PTVisionPro/PTVisionPro/build/deps/vma-src/include/vk_mem_alloc.h:13853:5: note: insert '_Nullable' if the pointer may be null
 13853 |     VmaPool pool,
       |     ^
       |             _Nullable
/Users/runner/work/PTVisionPro/PTVisionPro/build/deps/vma-src/include/vk_mem_alloc.h:13853:5: note: insert '_Nonnull' if the pointer should never be null
 13853 |     VmaPool pool,
       |     ^
       |             _Nonnull
/Users/runner/work/PTVisionPro/PTVisionPro/build/deps/vma-src/include/vk_mem_alloc.h:13857:5: warning: pointer is missing a nullability type specifier (_Nonnull, _Nullable, or _Null_unspecified) [-Wnullability-completeness]
 13857 |     VkBuffer dedicatedBuffer,
       |     ^
/Users/runner/work/PTVisionPro/PTVisionPro/build/deps/vma-src/include/vk_mem_alloc.h:13857:5: note: insert '_Nullable' if the pointer may be null
 13857 |     VkBuffer dedicatedBuffer,
       |     ^
       |              _Nullable
/Users/runner/work/PTVisionPro/PTVisionPro/build/deps/vma-src/include/vk_mem_alloc.h:13857:5: note: insert '_Nonnull' if the pointer should never be null
 13857 |     VkBuffer dedicatedBuffer,
       |     ^
       |              _Nonnull
/Users/runner/work/PTVisionPro/PTVisionPro/build/deps/vma-src/include/vk_mem_alloc.h:13858:5: warning: pointer is missing a nullability type specifier (_Nonnull, _Nullable, or _Null_unspecified) [-Wnullability-completeness]
 13858 |     VkImage dedicatedImage,
       |     ^
/Users/runner/work/PTVisionPro/PTVisionPro/build/deps/vma-src/include/vk_mem_alloc.h:13858:5: note: insert '_Nullable' if the pointer may be null
 13858 |     VkImage dedicatedImage,
       |     ^
       |             _Nullable
/Users/runner/work/PTVisionPro/PTVisionPro/build/deps/vma-src/include/vk_mem_alloc.h:13858:5: note: insert '_Nonnull' if the pointer should never be null
 13858 |     VkImage dedicatedImage,
       |     ^
       |             _Nonnull
/Users/runner/work/PTVisionPro/PTVisionPro/build/deps/vma-src/include/vk_mem_alloc.h:13860:9: warning: pointer is missing a nullability type specifier (_Nonnull, _Nullable, or _Null_unspecified) [-Wnullability-completeness]
 13860 |     void* pMemoryAllocateNext,
       |         ^
/Users/runner/work/PTVisionPro/PTVisionPro/build/deps/vma-src/include/vk_mem_alloc.h:13860:9: note: insert '_Nullable' if the pointer may be null
 13860 |     void* pMemoryAllocateNext,
       |         ^
       |           _Nullable
/Users/runner/work/PTVisionPro/PTVisionPro/build/deps/vma-src/include/vk_mem_alloc.h:13860:9: note: insert '_Nonnull' if the pointer should never be null
 13860 |     void* pMemoryAllocateNext,
       |         ^
       |           _Nonnull
/Users/runner/work/PTVisionPro/PTVisionPro/build/deps/vma-src/include/vk_mem_alloc.h:13867:5: warning: pointer is missing a nullability type specifier (_Nonnull, _Nullable, or _Null_unspecified) [-Wnullability-completeness]
 13867 |     VmaAllocation* pAllocations)
       |     ^
/Users/runner/work/PTVisionPro/PTVisionPro/build/deps/vma-src/include/vk_mem_alloc.h:13867:5: note: insert '_Nullable' if the pointer may be null
 13867 |     VmaAllocation* pAllocations)
       |     ^            
       |                   _Nullable 
/Users/runner/work/PTVisionPro/PTVisionPro/build/deps/vma-src/include/vk_mem_alloc.h:13867:5: note: insert '_Nonnull' if the pointer should never be null
 13867 |     VmaAllocation* pAllocations)
       |     ^            
       |                   _Nonnull 
/Users/runner/work/PTVisionPro/PTVisionPro/build/deps/vma-src/include/vk_mem_alloc.h:13867:18: warning: pointer is missing a nullability type specifier (_Nonnull, _Nullable, or _Null_unspecified) [-Wnullability-completeness]
 13867 |     VmaAllocation* pAllocations)
       |                  ^
/Users/runner/work/PTVisionPro/PTVisionPro/build/deps/vma-src/include/vk_mem_alloc.h:13867:18: note: insert '_Nullable' if the pointer may be null
 13867 |     VmaAllocation* pAllocations)
       |                  ^
       |                    _Nullable
/Users/runner/work/PTVisionPro/PTVisionPro/build/deps/vma-src/include/vk_mem_alloc.h:13867:18: note: insert '_Nonnull' if the pointer should never be null
 13867 |     VmaAllocation* pAllocations)
       |                  ^
       |                    _Nonnull
/Users/runner/work/PTVisionPro/PTVisionPro/build/deps/vma-src/include/vk_mem_alloc.h:14008:5: warning: pointer is missing a nullability type specifier (_Nonnull, _Nullable, or _Null_unspecified) [-Wnullability-completeness]
 14008 |     VmaPool pool,
       |     ^
/Users/runner/work/PTVisionPro/PTVisionPro/build/deps/vma-src/include/vk_mem_alloc.h:14008:5: note: insert '_Nullable' if the pointer may be null
 14008 |     VmaPool pool,
       |     ^
       |             _Nullable
/Users/runner/work/PTVisionPro/PTVisionPro/build/deps/vma-src/include/vk_mem_alloc.h:14008:5: note: insert '_Nonnull' if the pointer should never be null
 14008 |     VmaPool pool,
       |     ^
       |             _Nonnull
/Users/runner/work/PTVisionPro/PTVisionPro/build/deps/vma-src/include/vk_mem_alloc.h:14017:9: warning: pointer is missing a nullability type specifier (_Nonnull, _Nullable, or _Null_unspecified) [-Wnullability-completeness]
 14017 |     void* pUserData,
       |         ^
/Users/runner/work/PTVisionPro/PTVisionPro/build/deps/vma-src/include/vk_mem_alloc.h:14017:9: note: insert '_Nullable' if the pointer may be null
 14017 |     void* pUserData,
       |         ^
       |           _Nullable
/Users/runner/work/PTVisionPro/PTVisionPro/build/deps/vma-src/include/vk_mem_alloc.h:14017:9: note: insert '_Nonnull' if the pointer should never be null
 14017 |     void* pUserData,
       |         ^
       |           _Nonnull
/Users/runner/work/PTVisionPro/PTVisionPro/build/deps/vma-src/include/vk_mem_alloc.h:14019:5: warning: pointer is missing a nullability type specifier (_Nonnull, _Nullable, or _Null_unspecified) [-Wnullability-completeness]
 14019 |     VkBuffer dedicatedBuffer,
       |     ^
/Users/runner/work/PTVisionPro/PTVisionPro/build/deps/vma-src/include/vk_mem_alloc.h:14019:5: note: insert '_Nullable' if the pointer may be null
 14019 |     VkBuffer dedicatedBuffer,
       |     ^
       |              _Nullable
/Users/runner/work/PTVisionPro/PTVisionPro/build/deps/vma-src/include/vk_mem_alloc.h:14019:5: note: insert '_Nonnull' if the pointer should never be null
 14019 |     VkBuffer dedicatedBuffer,
       |     ^
       |              _Nonnull
/Users/runner/work/PTVisionPro/PTVisionPro/build/deps/vma-src/include/vk_mem_alloc.h:14020:5: warning: pointer is missing a nullability type specifier (_Nonnull, _Nullable, or _Null_unspecified) [-Wnullability-completeness]
 14020 |     VkImage dedicatedImage,
       |     ^
/Users/runner/work/PTVisionPro/PTVisionPro/build/deps/vma-src/include/vk_mem_alloc.h:14020:5: note: insert '_Nullable' if the pointer may be null
 14020 |     VkImage dedicatedImage,
       |     ^
       |             _Nullable
/Users/runner/work/PTVisionPro/PTVisionPro/build/deps/vma-src/include/vk_mem_alloc.h:14020:5: note: insert '_Nonnull' if the pointer should never be null
 14020 |     VkImage dedicatedImage,
       |     ^
       |             _Nonnull
/Users/runner/work/PTVisionPro/PTVisionPro/build/deps/vma-src/include/vk_mem_alloc.h:14023:5: warning: pointer is missing a nullability type specifier (_Nonnull, _Nullable, or _Null_unspecified) [-Wnullability-completeness]
 14023 |     VmaAllocation* pAllocations,
       |     ^
/Users/runner/work/PTVisionPro/PTVisionPro/build/deps/vma-src/include/vk_mem_alloc.h:14023:5: note: insert '_Nullable' if the pointer may be null
 14023 |     VmaAllocation* pAllocations,
       |     ^            
       |                   _Nullable 
/Users/runner/work/PTVisionPro/PTVisionPro/build/deps/vma-src/include/vk_mem_alloc.h:14023:5: note: insert '_Nonnull' if the pointer should never be null
 14023 |     VmaAllocation* pAllocations,
       |     ^            
       |                   _Nonnull 
/Users/runner/work/PTVisionPro/PTVisionPro/build/deps/vma-src/include/vk_mem_alloc.h:14023:18: warning: pointer is missing a nullability type specifier (_Nonnull, _Nullable, or _Null_unspecified) [-Wnullability-completeness]
 14023 |     VmaAllocation* pAllocations,
       |                  ^
/Users/runner/work/PTVisionPro/PTVisionPro/build/deps/vma-src/include/vk_mem_alloc.h:14023:18: note: insert '_Nullable' if the pointer may be null
 14023 |     VmaAllocation* pAllocations,
       |                  ^
       |                    _Nullable
/Users/runner/work/PTVisionPro/PTVisionPro/build/deps/vma-src/include/vk_mem_alloc.h:14023:18: note: insert '_Nonnull' if the pointer should never be null
 14023 |     VmaAllocation* pAllocations,
       |                  ^
       |                    _Nonnull
/Users/runner/work/PTVisionPro/PTVisionPro/build/deps/vma-src/include/vk_mem_alloc.h:14024:15: warning: pointer is missing a nullability type specifier (_Nonnull, _Nullable, or _Null_unspecified) [-Wnullability-completeness]
 14024 |     const void* pNextChain)
       |               ^
/Users/runner/work/PTVisionPro/PTVisionPro/build/deps/vma-src/include/vk_mem_alloc.h:14024:15: note: insert '_Nullable' if the pointer may be null
 14024 |     const void* pNextChain)
       |               ^
       |                 _Nullable
/Users/runner/work/PTVisionPro/PTVisionPro/build/deps/vma-src/include/vk_mem_alloc.h:14024:15: note: insert '_Nonnull' if the pointer should never be null
 14024 |     const void* pNextChain)
       |               ^
       |                 _Nonnull
/Users/runner/work/PTVisionPro/PTVisionPro/build/deps/vma-src/include/vk_mem_alloc.h:14155:5: warning: pointer is missing a nullability type specifier (_Nonnull, _Nullable, or _Null_unspecified) [-Wnullability-completeness]
 14155 |     VmaPool pool,
       |     ^
/Users/runner/work/PTVisionPro/PTVisionPro/build/deps/vma-src/include/vk_mem_alloc.h:14155:5: note: insert '_Nullable' if the pointer may be null
 14155 |     VmaPool pool,
       |     ^
       |             _Nullable
/Users/runner/work/PTVisionPro/PTVisionPro/build/deps/vma-src/include/vk_mem_alloc.h:14155:5: note: insert '_Nonnull' if the pointer should never be null
 14155 |     VmaPool pool,
       |     ^
       |             _Nonnull
/Users/runner/work/PTVisionPro/PTVisionPro/build/deps/vma-src/include/vk_mem_alloc.h:14163:9: warning: pointer is missing a nullability type specifier (_Nonnull, _Nullable, or _Null_unspecified) [-Wnullability-completeness]
 14163 |     void* pUserData,
       |         ^
/Users/runner/work/PTVisionPro/PTVisionPro/build/deps/vma-src/include/vk_mem_alloc.h:14163:9: note: insert '_Nullable' if the pointer may be null
 14163 |     void* pUserData,
       |         ^
       |           _Nullable
/Users/runner/work/PTVisionPro/PTVisionPro/build/deps/vma-src/include/vk_mem_alloc.h:14163:9: note: insert '_Nonnull' if the pointer should never be null
 14163 |     void* pUserData,
       |         ^
       |           _Nonnull
/Users/runner/work/PTVisionPro/PTVisionPro/build/deps/vma-src/include/vk_mem_alloc.h:14164:5: warning: pointer is missing a nullability type specifier (_Nonnull, _Nullable, or _Null_unspecified) [-Wnullability-completeness]
 14164 |     VmaAllocation* pAllocation)
       |     ^
/Users/runner/work/PTVisionPro/PTVisionPro/build/deps/vma-src/include/vk_mem_alloc.h:14164:5: note: insert '_Nullable' if the pointer may be null
 14164 |     VmaAllocation* pAllocation)
       |     ^            
       |                   _Nullable 
/Users/runner/work/PTVisionPro/PTVisionPro/build/deps/vma-src/include/vk_mem_alloc.h:14164:5: note: insert '_Nonnull' if the pointer should never be null
 14164 |     VmaAllocation* pAllocation)
       |     ^            
       |                   _Nonnull 
/Users/runner/work/PTVisionPro/PTVisionPro/build/deps/vma-src/include/vk_mem_alloc.h:14164:18: warning: pointer is missing a nullability type specifier (_Nonnull, _Nullable, or _Null_unspecified) [-Wnullability-completeness]
 14164 |     VmaAllocation* pAllocation)
       |                  ^
/Users/runner/work/PTVisionPro/PTVisionPro/build/deps/vma-src/include/vk_mem_alloc.h:14164:18: note: insert '_Nullable' if the pointer may be null
 14164 |     VmaAllocation* pAllocation)
       |                  ^
       |                    _Nullable
/Users/runner/work/PTVisionPro/PTVisionPro/build/deps/vma-src/include/vk_mem_alloc.h:14164:18: note: insert '_Nonnull' if the pointer should never be null
 14164 |     VmaAllocation* pAllocation)
       |                  ^
       |                    _Nonnull
/Users/runner/work/PTVisionPro/PTVisionPro/build/deps/vma-src/include/vk_mem_alloc.h:14208:5: warning: pointer is missing a nullability type specifier (_Nonnull, _Nullable, or _Null_unspecified) [-Wnullability-completeness]
 14208 |     VkBuffer hBuffer,
       |     ^
/Users/runner/work/PTVisionPro/PTVisionPro/build/deps/vma-src/include/vk_mem_alloc.h:14208:5: note: insert '_Nullable' if the pointer may be null
 14208 |     VkBuffer hBuffer,
       |     ^
       |              _Nullable
/Users/runner/work/PTVisionPro/PTVisionPro/build/deps/vma-src/include/vk_mem_alloc.h:14208:5: note: insert '_Nonnull' if the pointer should never be null
 14208 |     VkBuffer hBuffer,
       |     ^
       |              _Nonnull
/Users/runner/work/PTVisionPro/PTVisionPro/build/deps/vma-src/include/vk_mem_alloc.h:14240:5: warning: pointer is missing a nullability type specifier (_Nonnull, _Nullable, or _Null_unspecified) [-Wnullability-completeness]
 14240 |     VkImage hImage,
       |     ^
/Users/runner/work/PTVisionPro/PTVisionPro/build/deps/vma-src/include/vk_mem_alloc.h:14240:5: note: insert '_Nullable' if the pointer may be null
 14240 |     VkImage hImage,
       |     ^
       |             _Nullable
/Users/runner/work/PTVisionPro/PTVisionPro/build/deps/vma-src/include/vk_mem_alloc.h:14240:5: note: insert '_Nonnull' if the pointer should never be null
 14240 |     VkImage hImage,
       |     ^
       |             _Nonnull
/Users/runner/work/PTVisionPro/PTVisionPro/build/deps/vma-src/include/vk_mem_alloc.h:14273:34: warning: pointer is missing a nullability type specifier (_Nonnull, _Nullable, or _Null_unspecified) [-Wnullability-completeness]
 14273 |     const VmaAllocationCreateInfo* pAllocationCreateInfo,
       |                                  ^
/Users/runner/work/PTVisionPro/PTVisionPro/build/deps/vma-src/include/vk_mem_alloc.h:14273:34: note: insert '_Nullable' if the pointer may be null
 14273 |     const VmaAllocationCreateInfo* pAllocationCreateInfo,
       |                                  ^
       |                                    _Nullable
/Users/runner/work/PTVisionPro/PTVisionPro/build/deps/vma-src/include/vk_mem_alloc.h:14273:34: note: insert '_Nonnull' if the pointer should never be null
 14273 |     const VmaAllocationCreateInfo* pAllocationCreateInfo,
       |                                  ^
       |                                    _Nonnull
/Users/runner/work/PTVisionPro/PTVisionPro/build/deps/vma-src/include/vk_mem_alloc.h:14275:13: warning: pointer is missing a nullability type specifier (_Nonnull, _Nullable, or _Null_unspecified) [-Wnullability-completeness]
 14275 |     uint32_t* pMemoryTypeIndex) const
       |             ^
/Users/runner/work/PTVisionPro/PTVisionPro/build/deps/vma-src/include/vk_mem_alloc.h:14275:13: note: insert '_Nullable' if the pointer may be null
 14275 |     uint32_t* pMemoryTypeIndex) const
       |             ^
       |               _Nullable
/Users/runner/work/PTVisionPro/PTVisionPro/build/deps/vma-src/include/vk_mem_alloc.h:14275:13: note: insert '_Nonnull' if the pointer should never be null
 14275 |     uint32_t* pMemoryTypeIndex) const
       |             ^
       |               _Nonnull
/Users/runner/work/PTVisionPro/PTVisionPro/build/deps/vma-src/include/vk_mem_alloc.h:14426:29: warning: pointer is missing a nullability type specifier (_Nonnull, _Nullable, or _Null_unspecified) [-Wnullability-completeness]
 14426 |     const VkBufferCreateInfo* pBufferCreateInfo,
       |                             ^
/Users/runner/work/PTVisionPro/PTVisionPro/build/deps/vma-src/include/vk_mem_alloc.h:14426:29: note: insert '_Nullable' if the pointer may be null
 14426 |     const VkBufferCreateInfo* pBufferCreateInfo,
       |                             ^
       |                               _Nullable
/Users/runner/work/PTVisionPro/PTVisionPro/build/deps/vma-src/include/vk_mem_alloc.h:14426:29: note: insert '_Nonnull' if the pointer should never be null
 14426 |     const VkBufferCreateInfo* pBufferCreateInfo,
       |                             ^
       |                               _Nonnull
/Users/runner/work/PTVisionPro/PTVisionPro/build/deps/vma-src/include/vk_mem_alloc.h:14427:34: warning: pointer is missing a nullability type specifier (_Nonnull, _Nullable, or _Null_unspecified) [-Wnullability-completeness]
 14427 |     const VmaAllocationCreateInfo* pAllocationCreateInfo,
       |                                  ^
/Users/runner/work/PTVisionPro/PTVisionPro/build/deps/vma-src/include/vk_mem_alloc.h:14427:34: note: insert '_Nullable' if the pointer may be null
 14427 |     const VmaAllocationCreateInfo* pAllocationCreateInfo,
       |                                  ^
       |                                    _Nullable
/Users/runner/work/PTVisionPro/PTVisionPro/build/deps/vma-src/include/vk_mem_alloc.h:14427:34: note: insert '_Nonnull' if the pointer should never be null
 14427 |     const VmaAllocationCreateInfo* pAllocationCreateInfo,
       |                                  ^
       |                                    _Nonnull
/Users/runner/work/PTVisionPro/PTVisionPro/build/deps/vma-src/include/vk_mem_alloc.h:14428:9: warning: pointer is missing a nullability type specifier (_Nonnull, _Nullable, or _Null_unspecified) [-Wnullability-completeness]
 14428 |     void* pMemoryAllocateNext,
       |         ^
/Users/runner/work/PTVisionPro/PTVisionPro/build/deps/vma-src/include/vk_mem_alloc.h:14428:9: note: insert '_Nullable' if the pointer may be null
 14428 |     void* pMemoryAllocateNext,
       |         ^
       |           _Nullable
/Users/runner/work/PTVisionPro/PTVisionPro/build/deps/vma-src/include/vk_mem_alloc.h:14428:9: note: insert '_Nonnull' if the pointer should never be null
 14428 |     void* pMemoryAllocateNext,
       |         ^
       |           _Nonnull
/Users/runner/work/PTVisionPro/PTVisionPro/build/deps/vma-src/include/vk_mem_alloc.h:14429:5: warning: pointer is missing a nullability type specifier (_Nonnull, _Nullable, or _Null_unspecified) [-Wnullability-completeness]
 14429 |     VkBuffer* pBuffer,
       |     ^
/Users/runner/work/PTVisionPro/PTVisionPro/build/deps/vma-src/include/vk_mem_alloc.h:14429:5: note: insert '_Nullable' if the pointer may be null
 14429 |     VkBuffer* pBuffer,
       |     ^       
       |              _Nullable 
/Users/runner/work/PTVisionPro/PTVisionPro/build/deps/vma-src/include/vk_mem_alloc.h:14429:5: note: insert '_Nonnull' if the pointer should never be null
 14429 |     VkBuffer* pBuffer,
       |     ^       
       |              _Nonnull 
/Users/runner/work/PTVisionPro/PTVisionPro/build/deps/vma-src/include/vk_mem_alloc.h:14429:13: warning: pointer is missing a nullability type specifier (_Nonnull, _Nullable, or _Null_unspecified) [-Wnullability-completeness]
 14429 |     VkBuffer* pBuffer,
       |             ^
/Users/runner/work/PTVisionPro/PTVisionPro/build/deps/vma-src/include/vk_mem_alloc.h:14429:13: note: insert '_Nullable' if the pointer may be null
 14429 |     VkBuffer* pBuffer,
       |             ^
       |               _Nullable
/Users/runner/work/PTVisionPro/PTVisionPro/build/deps/vma-src/include/vk_mem_alloc.h:14429:13: note: insert '_Nonnull' if the pointer should never be null
 14429 |     VkBuffer* pBuffer,
       |             ^
       |               _Nonnull
/Users/runner/work/PTVisionPro/PTVisionPro/build/deps/vma-src/include/vk_mem_alloc.h:14430:5: warning: pointer is missing a nullability type specifier (_Nonnull, _Nullable, or _Null_unspecified) [-Wnullability-completeness]
 14430 |     VmaAllocation* pAllocation,
       |     ^
/Users/runner/work/PTVisionPro/PTVisionPro/build/deps/vma-src/include/vk_mem_alloc.h:14430:5: note: insert '_Nullable' if the pointer may be null
 14430 |     VmaAllocation* pAllocation,
       |     ^            
       |                   _Nullable 
/Users/runner/work/PTVisionPro/PTVisionPro/build/deps/vma-src/include/vk_mem_alloc.h:14430:5: note: insert '_Nonnull' if the pointer should never be null
 14430 |     VmaAllocation* pAllocation,
       |     ^            
       |                   _Nonnull 
/Users/runner/work/PTVisionPro/PTVisionPro/build/deps/vma-src/include/vk_mem_alloc.h:14430:18: warning: pointer is missing a nullability type specifier (_Nonnull, _Nullable, or _Null_unspecified) [-Wnullability-completeness]
 14430 |     VmaAllocation* pAllocation,
       |                  ^
/Users/runner/work/PTVisionPro/PTVisionPro/build/deps/vma-src/include/vk_mem_alloc.h:14430:18: note: insert '_Nullable' if the pointer may be null
 14430 |     VmaAllocation* pAllocation,
       |                  ^
       |                    _Nullable
/Users/runner/work/PTVisionPro/PTVisionPro/build/deps/vma-src/include/vk_mem_alloc.h:14430:18: note: insert '_Nonnull' if the pointer should never be null
 14430 |     VmaAllocation* pAllocation,
       |                  ^
       |                    _Nonnull
/Users/runner/work/PTVisionPro/PTVisionPro/build/deps/vma-src/include/vk_mem_alloc.h:14431:22: warning: pointer is missing a nullability type specifier (_Nonnull, _Nullable, or _Null_unspecified) [-Wnullability-completeness]
 14431 |     VmaAllocationInfo* pAllocationInfo)
       |                      ^
/Users/runner/work/PTVisionPro/PTVisionPro/build/deps/vma-src/include/vk_mem_alloc.h:14431:22: note: insert '_Nullable' if the pointer may be null
 14431 |     VmaAllocationInfo* pAllocationInfo)
       |                      ^
       |                        _Nullable
/Users/runner/work/PTVisionPro/PTVisionPro/build/deps/vma-src/include/vk_mem_alloc.h:14431:22: note: insert '_Nonnull' if the pointer should never be null
 14431 |     VmaAllocationInfo* pAllocationInfo)
       |                      ^
       |                        _Nonnull
/Users/runner/work/PTVisionPro/PTVisionPro/build/deps/vma-src/include/vk_mem_alloc.h:14506:28: warning: pointer is missing a nullability type specifier (_Nonnull, _Nullable, or _Null_unspecified) [-Wnullability-completeness]
 14506 |     const VkImageCreateInfo* pImageCreateInfo,
       |                            ^
/Users/runner/work/PTVisionPro/PTVisionPro/build/deps/vma-src/include/vk_mem_alloc.h:14506:28: note: insert '_Nullable' if the pointer may be null
 14506 |     const VkImageCreateInfo* pImageCreateInfo,
       |                            ^
       |                              _Nullable
/Users/runner/work/PTVisionPro/PTVisionPro/build/deps/vma-src/include/vk_mem_alloc.h:14506:28: note: insert '_Nonnull' if the pointer should never be null
 14506 |     const VkImageCreateInfo* pImageCreateInfo,
       |                            ^
       |                              _Nonnull
/Users/runner/work/PTVisionPro/PTVisionPro/build/deps/vma-src/include/vk_mem_alloc.h:14507:34: warning: pointer is missing a nullability type specifier (_Nonnull, _Nullable, or _Null_unspecified) [-Wnullability-completeness]
 14507 |     const VmaAllocationCreateInfo* pAllocationCreateInfo,
       |                                  ^
/Users/runner/work/PTVisionPro/PTVisionPro/build/deps/vma-src/include/vk_mem_alloc.h:14507:34: note: insert '_Nullable' if the pointer may be null
 14507 |     const VmaAllocationCreateInfo* pAllocationCreateInfo,
       |                                  ^
       |                                    _Nullable
/Users/runner/work/PTVisionPro/PTVisionPro/build/deps/vma-src/include/vk_mem_alloc.h:14507:34: note: insert '_Nonnull' if the pointer should never be null
 14507 |     const VmaAllocationCreateInfo* pAllocationCreateInfo,
       |                                  ^
       |                                    _Nonnull
/Users/runner/work/PTVisionPro/PTVisionPro/build/deps/vma-src/include/vk_mem_alloc.h:14508:9: warning: pointer is missing a nullability type specifier (_Nonnull, _Nullable, or _Null_unspecified) [-Wnullability-completeness]
 14508 |     void* pMemoryAllocateNext,
       |         ^
/Users/runner/work/PTVisionPro/PTVisionPro/build/deps/vma-src/include/vk_mem_alloc.h:14508:9: note: insert '_Nullable' if the pointer may be null
 14508 |     void* pMemoryAllocateNext,
       |         ^
       |           _Nullable
/Users/runner/work/PTVisionPro/PTVisionPro/build/deps/vma-src/include/vk_mem_alloc.h:14508:9: note: insert '_Nonnull' if the pointer should never be null
 14508 |     void* pMemoryAllocateNext,
       |         ^
       |           _Nonnull
/Users/runner/work/PTVisionPro/PTVisionPro/build/deps/vma-src/include/vk_mem_alloc.h:14509:5: warning: pointer is missing a nullability type specifier (_Nonnull, _Nullable, or _Null_unspecified) [-Wnullability-completeness]
 14509 |     VkImage* pImage,
       |     ^
/Users/runner/work/PTVisionPro/PTVisionPro/build/deps/vma-src/include/vk_mem_alloc.h:14509:5: note: insert '_Nullable' if the pointer may be null
 14509 |     VkImage* pImage,
       |     ^      
       |             _Nullable 
/Users/runner/work/PTVisionPro/PTVisionPro/build/deps/vma-src/include/vk_mem_alloc.h:14509:5: note: insert '_Nonnull' if the pointer should never be null
 14509 |     VkImage* pImage,
       |     ^      
       |             _Nonnull 
/Users/runner/work/PTVisionPro/PTVisionPro/build/deps/vma-src/include/vk_mem_alloc.h:14509:12: warning: pointer is missing a nullability type specifier (_Nonnull, _Nullable, or _Null_unspecified) [-Wnullability-completeness]
 14509 |     VkImage* pImage,
       |            ^
/Users/runner/work/PTVisionPro/PTVisionPro/build/deps/vma-src/include/vk_mem_alloc.h:14509:12: note: insert '_Nullable' if the pointer may be null
 14509 |     VkImage* pImage,
       |            ^
       |              _Nullable
/Users/runner/work/PTVisionPro/PTVisionPro/build/deps/vma-src/include/vk_mem_alloc.h:14509:12: note: insert '_Nonnull' if the pointer should never be null
 14509 |     VkImage* pImage,
       |            ^
       |              _Nonnull
/Users/runner/work/PTVisionPro/PTVisionPro/build/deps/vma-src/include/vk_mem_alloc.h:14510:5: warning: pointer is missing a nullability type specifier (_Nonnull, _Nullable, or _Null_unspecified) [-Wnullability-completeness]
 14510 |     VmaAllocation* pAllocation,
       |     ^
/Users/runner/work/PTVisionPro/PTVisionPro/build/deps/vma-src/include/vk_mem_alloc.h:14510:5: note: insert '_Nullable' if the pointer may be null
 14510 |     VmaAllocation* pAllocation,
       |     ^            
       |                   _Nullable 
/Users/runner/work/PTVisionPro/PTVisionPro/build/deps/vma-src/include/vk_mem_alloc.h:14510:5: note: insert '_Nonnull' if the pointer should never be null
 14510 |     VmaAllocation* pAllocation,
       |     ^            
       |                   _Nonnull 
/Users/runner/work/PTVisionPro/PTVisionPro/build/deps/vma-src/include/vk_mem_alloc.h:14510:18: warning: pointer is missing a nullability type specifier (_Nonnull, _Nullable, or _Null_unspecified) [-Wnullability-completeness]
 14510 |     VmaAllocation* pAllocation,
       |                  ^
/Users/runner/work/PTVisionPro/PTVisionPro/build/deps/vma-src/include/vk_mem_alloc.h:14510:18: note: insert '_Nullable' if the pointer may be null
 14510 |     VmaAllocation* pAllocation,
       |                  ^
       |                    _Nullable
/Users/runner/work/PTVisionPro/PTVisionPro/build/deps/vma-src/include/vk_mem_alloc.h:14510:18: note: insert '_Nonnull' if the pointer should never be null
 14510 |     VmaAllocation* pAllocation,
       |                  ^
       |                    _Nonnull
/Users/runner/work/PTVisionPro/PTVisionPro/build/deps/vma-src/include/vk_mem_alloc.h:14511:22: warning: pointer is missing a nullability type specifier (_Nonnull, _Nullable, or _Null_unspecified) [-Wnullability-completeness]
 14511 |     VmaAllocationInfo* pAllocationInfo)
       |                      ^
/Users/runner/work/PTVisionPro/PTVisionPro/build/deps/vma-src/include/vk_mem_alloc.h:14511:22: note: insert '_Nullable' if the pointer may be null
 14511 |     VmaAllocationInfo* pAllocationInfo)
       |                      ^
       |                        _Nullable
/Users/runner/work/PTVisionPro/PTVisionPro/build/deps/vma-src/include/vk_mem_alloc.h:14511:22: note: insert '_Nonnull' if the pointer should never be null
 14511 |     VmaAllocationInfo* pAllocationInfo)
       |                      ^
       |                        _Nonnull
/Users/runner/work/PTVisionPro/PTVisionPro/build/deps/vma-src/include/vk_mem_alloc.h:14590:5: warning: pointer is missing a nullability type specifier (_Nonnull, _Nullable, or _Null_unspecified) [-Wnullability-completeness]
 14590 |     VkBuffer dedicatedBuffer,
       |     ^
/Users/runner/work/PTVisionPro/PTVisionPro/build/deps/vma-src/include/vk_mem_alloc.h:14590:5: note: insert '_Nullable' if the pointer may be null
 14590 |     VkBuffer dedicatedBuffer,
       |     ^
       |              _Nullable
/Users/runner/work/PTVisionPro/PTVisionPro/build/deps/vma-src/include/vk_mem_alloc.h:14590:5: note: insert '_Nonnull' if the pointer should never be null
 14590 |     VkBuffer dedicatedBuffer,
       |     ^
       |              _Nonnull
/Users/runner/work/PTVisionPro/PTVisionPro/build/deps/vma-src/include/vk_mem_alloc.h:14591:5: warning: pointer is missing a nullability type specifier (_Nonnull, _Nullable, or _Null_unspecified) [-Wnullability-completeness]
 14591 |     VkImage dedicatedImage,
       |     ^
/Users/runner/work/PTVisionPro/PTVisionPro/build/deps/vma-src/include/vk_mem_alloc.h:14591:5: note: insert '_Nullable' if the pointer may be null
 14591 |     VkImage dedicatedImage,
       |     ^
       |             _Nullable
/Users/runner/work/PTVisionPro/PTVisionPro/build/deps/vma-src/include/vk_mem_alloc.h:14591:5: note: insert '_Nonnull' if the pointer should never be null
 14591 |     VkImage dedicatedImage,
       |     ^
       |             _Nonnull
/Users/runner/work/PTVisionPro/PTVisionPro/build/deps/vma-src/include/vk_mem_alloc.h:14594:9: warning: pointer is missing a nullability type specifier (_Nonnull, _Nullable, or _Null_unspecified) [-Wnullability-completeness]
 14594 |     void* pMemoryAllocateNext,
       |         ^
/Users/runner/work/PTVisionPro/PTVisionPro/build/deps/vma-src/include/vk_mem_alloc.h:14594:9: note: insert '_Nullable' if the pointer may be null
 14594 |     void* pMemoryAllocateNext,
       |         ^
       |           _Nullable
/Users/runner/work/PTVisionPro/PTVisionPro/build/deps/vma-src/include/vk_mem_alloc.h:14594:9: note: insert '_Nonnull' if the pointer should never be null
 14594 |     void* pMemoryAllocateNext,
       |         ^
       |           _Nonnull
/Users/runner/work/PTVisionPro/PTVisionPro/build/deps/vma-src/include/vk_mem_alloc.h:14598:5: warning: pointer is missing a nullability type specifier (_Nonnull, _Nullable, or _Null_unspecified) [-Wnullability-completeness]
 14598 |     VmaAllocation* pAllocations)
       |     ^
/Users/runner/work/PTVisionPro/PTVisionPro/build/deps/vma-src/include/vk_mem_alloc.h:14598:5: note: insert '_Nullable' if the pointer may be null
 14598 |     VmaAllocation* pAllocations)
       |     ^            
       |                   _Nullable 
/Users/runner/work/PTVisionPro/PTVisionPro/build/deps/vma-src/include/vk_mem_alloc.h:14598:5: note: insert '_Nonnull' if the pointer should never be null
 14598 |     VmaAllocation* pAllocations)
       |     ^            
       |                   _Nonnull 
/Users/runner/work/PTVisionPro/PTVisionPro/build/deps/vma-src/include/vk_mem_alloc.h:14598:18: warning: pointer is missing a nullability type specifier (_Nonnull, _Nullable, or _Null_unspecified) [-Wnullability-completeness]
 14598 |     VmaAllocation* pAllocations)
       |                  ^
/Users/runner/work/PTVisionPro/PTVisionPro/build/deps/vma-src/include/vk_mem_alloc.h:14598:18: note: insert '_Nullable' if the pointer may be null
 14598 |     VmaAllocation* pAllocations)
       |                  ^
       |                    _Nullable
/Users/runner/work/PTVisionPro/PTVisionPro/build/deps/vma-src/include/vk_mem_alloc.h:14598:18: note: insert '_Nonnull' if the pointer should never be null
 14598 |     VmaAllocation* pAllocations)
       |                  ^
       |                    _Nonnull
/Users/runner/work/PTVisionPro/PTVisionPro/build/deps/vma-src/include/vk_mem_alloc.h:14687:11: warning: pointer is missing a nullability type specifier (_Nonnull, _Nullable, or _Null_unspecified) [-Wnullability-completeness]
 14687 |     const VmaAllocation* pAllocations)
       |           ^
/Users/runner/work/PTVisionPro/PTVisionPro/build/deps/vma-src/include/vk_mem_alloc.h:14687:11: note: insert '_Nullable' if the pointer may be null
 14687 |     const VmaAllocation* pAllocations)
       |           ^            
       |                         _Nullable 
/Users/runner/work/PTVisionPro/PTVisionPro/build/deps/vma-src/include/vk_mem_alloc.h:14687:11: note: insert '_Nonnull' if the pointer should never be null
 14687 |     const VmaAllocation* pAllocations)
       |           ^            
       |                         _Nonnull 
/Users/runner/work/PTVisionPro/PTVisionPro/build/deps/vma-src/include/vk_mem_alloc.h:14687:24: warning: pointer is missing a nullability type specifier (_Nonnull, _Nullable, or _Null_unspecified) [-Wnullability-completeness]
 14687 |     const VmaAllocation* pAllocations)
       |                        ^
/Users/runner/work/PTVisionPro/PTVisionPro/build/deps/vma-src/include/vk_mem_alloc.h:14687:24: note: insert '_Nullable' if the pointer may be null
 14687 |     const VmaAllocation* pAllocations)
       |                        ^
       |                          _Nullable
/Users/runner/work/PTVisionPro/PTVisionPro/build/deps/vma-src/include/vk_mem_alloc.h:14687:24: note: insert '_Nonnull' if the pointer should never be null
 14687 |     const VmaAllocation* pAllocations)
       |                        ^
       |                          _Nonnull
/Users/runner/work/PTVisionPro/PTVisionPro/build/deps/vma-src/include/vk_mem_alloc.h:14730:60: warning: pointer is missing a nullability type specifier (_Nonnull, _Nullable, or _Null_unspecified) [-Wnullability-completeness]
 14730 | void VmaAllocator_T::CalculateStatistics(VmaTotalStatistics* pStats)
       |                                                            ^
/Users/runner/work/PTVisionPro/PTVisionPro/build/deps/vma-src/include/vk_mem_alloc.h:14730:60: note: insert '_Nullable' if the pointer may be null
 14730 | void VmaAllocator_T::CalculateStatistics(VmaTotalStatistics* pStats)
       |                                                            ^
       |                                                              _Nullable
/Users/runner/work/PTVisionPro/PTVisionPro/build/deps/vma-src/include/vk_mem_alloc.h:14730:60: note: insert '_Nonnull' if the pointer should never be null
 14730 | void VmaAllocator_T::CalculateStatistics(VmaTotalStatistics* pStats)
       |                                                            ^
       |                                                              _Nonnull
/Users/runner/work/PTVisionPro/PTVisionPro/build/deps/vma-src/include/vk_mem_alloc.h:14782:46: warning: pointer is missing a nullability type specifier (_Nonnull, _Nullable, or _Null_unspecified) [-Wnullability-completeness]
 14782 | void VmaAllocator_T::GetHeapBudgets(VmaBudget* outBudgets, uint32_t firstHeap, uint32_t heapCount)
       |                                              ^
/Users/runner/work/PTVisionPro/PTVisionPro/build/deps/vma-src/include/vk_mem_alloc.h:14782:46: note: insert '_Nullable' if the pointer may be null
 14782 | void VmaAllocator_T::GetHeapBudgets(VmaBudget* outBudgets, uint32_t firstHeap, uint32_t heapCount)
       |                                              ^
       |                                                _Nullable
/Users/runner/work/PTVisionPro/PTVisionPro/build/deps/vma-src/include/vk_mem_alloc.h:14782:46: note: insert '_Nonnull' if the pointer should never be null
 14782 | void VmaAllocator_T::GetHeapBudgets(VmaBudget* outBudgets, uint32_t firstHeap, uint32_t heapCount)
       |                                              ^
       |                                                _Nonnull
/Users/runner/work/PTVisionPro/PTVisionPro/build/deps/vma-src/include/vk_mem_alloc.h:14838:40: warning: pointer is missing a nullability type specifier (_Nonnull, _Nullable, or _Null_unspecified) [-Wnullability-completeness]
 14838 | void VmaAllocator_T::GetAllocationInfo(VmaAllocation hAllocation, VmaAllocationInfo* pAllocationInfo)
       |                                        ^
/Users/runner/work/PTVisionPro/PTVisionPro/build/deps/vma-src/include/vk_mem_alloc.h:14838:40: note: insert '_Nullable' if the pointer may be null
 14838 | void VmaAllocator_T::GetAllocationInfo(VmaAllocation hAllocation, VmaAllocationInfo* pAllocationInfo)
       |                                        ^
       |                                                      _Nullable
/Users/runner/work/PTVisionPro/PTVisionPro/build/deps/vma-src/include/vk_mem_alloc.h:14838:40: note: insert '_Nonnull' if the pointer should never be null
 14838 | void VmaAllocator_T::GetAllocationInfo(VmaAllocation hAllocation, VmaAllocationInfo* pAllocationInfo)
       |                                        ^
       |                                                      _Nonnull
/Users/runner/work/PTVisionPro/PTVisionPro/build/deps/vma-src/include/vk_mem_alloc.h:14838:84: warning: pointer is missing a nullability type specifier (_Nonnull, _Nullable, or _Null_unspecified) [-Wnullability-completeness]
 14838 | void VmaAllocator_T::GetAllocationInfo(VmaAllocation hAllocation, VmaAllocationInfo* pAllocationInfo)
       |                                                                                    ^
/Users/runner/work/PTVisionPro/PTVisionPro/build/deps/vma-src/include/vk_mem_alloc.h:14838:84: note: insert '_Nullable' if the pointer may be null
 14838 | void VmaAllocator_T::GetAllocationInfo(VmaAllocation hAllocation, VmaAllocationInfo* pAllocationInfo)
       |                                                                                    ^
       |                                                                                      _Nullable
/Users/runner/work/PTVisionPro/PTVisionPro/build/deps/vma-src/include/vk_mem_alloc.h:14838:84: note: insert '_Nonnull' if the pointer should never be null
 14838 | void VmaAllocator_T::GetAllocationInfo(VmaAllocation hAllocation, VmaAllocationInfo* pAllocationInfo)
       |                                                                                    ^
       |                                                                                      _Nonnull
/Users/runner/work/PTVisionPro/PTVisionPro/build/deps/vma-src/include/vk_mem_alloc.h:14849:41: warning: pointer is missing a nullability type specifier (_Nonnull, _Nullable, or _Null_unspecified) [-Wnullability-completeness]
 14849 | void VmaAllocator_T::GetAllocationInfo2(VmaAllocation hAllocation, VmaAllocationInfo2* pAllocationInfo)
       |                                         ^
/Users/runner/work/PTVisionPro/PTVisionPro/build/deps/vma-src/include/vk_mem_alloc.h:14849:41: note: insert '_Nullable' if the pointer may be null
 14849 | void VmaAllocator_T::GetAllocationInfo2(VmaAllocation hAllocation, VmaAllocationInfo2* pAllocationInfo)
       |                                         ^
       |                                                       _Nullable
/Users/runner/work/PTVisionPro/PTVisionPro/build/deps/vma-src/include/vk_mem_alloc.h:14849:41: note: insert '_Nonnull' if the pointer should never be null
 14849 | void VmaAllocator_T::GetAllocationInfo2(VmaAllocation hAllocation, VmaAllocationInfo2* pAllocationInfo)
       |                                         ^
       |                                                       _Nonnull
/Users/runner/work/PTVisionPro/PTVisionPro/build/deps/vma-src/include/vk_mem_alloc.h:14849:86: warning: pointer is missing a nullability type specifier (_Nonnull, _Nullable, or _Null_unspecified) [-Wnullability-completeness]
 14849 | void VmaAllocator_T::GetAllocationInfo2(VmaAllocation hAllocation, VmaAllocationInfo2* pAllocationInfo)
       |                                                                                      ^
/Users/runner/work/PTVisionPro/PTVisionPro/build/deps/vma-src/include/vk_mem_alloc.h:14849:86: note: insert '_Nullable' if the pointer may be null
 14849 | void VmaAllocator_T::GetAllocationInfo2(VmaAllocation hAllocation, VmaAllocationInfo2* pAllocationInfo)
       |                                                                                      ^
       |                                                                                        _Nullable
/Users/runner/work/PTVisionPro/PTVisionPro/build/deps/vma-src/include/vk_mem_alloc.h:14849:86: note: insert '_Nonnull' if the pointer should never be null
 14849 | void VmaAllocator_T::GetAllocationInfo2(VmaAllocation hAllocation, VmaAllocationInfo2* pAllocationInfo)
       |                                                                                      ^
       |                                                                                        _Nonnull
/Users/runner/work/PTVisionPro/PTVisionPro/build/deps/vma-src/include/vk_mem_alloc.h:14868:60: warning: pointer is missing a nullability type specifier (_Nonnull, _Nullable, or _Null_unspecified) [-Wnullability-completeness]
 14868 | VkResult VmaAllocator_T::CreatePool(const VmaPoolCreateInfo* pCreateInfo, VmaPool* pPool)
       |                                                            ^
/Users/runner/work/PTVisionPro/PTVisionPro/build/deps/vma-src/include/vk_mem_alloc.h:14868:60: note: insert '_Nullable' if the pointer may be null
 14868 | VkResult VmaAllocator_T::CreatePool(const VmaPoolCreateInfo* pCreateInfo, VmaPool* pPool)
       |                                                            ^
       |                                                              _Nullable
/Users/runner/work/PTVisionPro/PTVisionPro/build/deps/vma-src/include/vk_mem_alloc.h:14868:60: note: insert '_Nonnull' if the pointer should never be null
 14868 | VkResult VmaAllocator_T::CreatePool(const VmaPoolCreateInfo* pCreateInfo, VmaPool* pPool)
       |                                                            ^
       |                                                              _Nonnull
/Users/runner/work/PTVisionPro/PTVisionPro/build/deps/vma-src/include/vk_mem_alloc.h:14868:75: warning: pointer is missing a nullability type specifier (_Nonnull, _Nullable, or _Null_unspecified) [-Wnullability-completeness]
 14868 | VkResult VmaAllocator_T::CreatePool(const VmaPoolCreateInfo* pCreateInfo, VmaPool* pPool)
       |                                                                           ^
/Users/runner/work/PTVisionPro/PTVisionPro/build/deps/vma-src/include/vk_mem_alloc.h:14868:75: note: insert '_Nullable' if the pointer may be null
 14868 | VkResult VmaAllocator_T::CreatePool(const VmaPoolCreateInfo* pCreateInfo, VmaPool* pPool)
       |                                                                           ^      
       |                                                                                   _Nullable 
/Users/runner/work/PTVisionPro/PTVisionPro/build/deps/vma-src/include/vk_mem_alloc.h:14868:75: note: insert '_Nonnull' if the pointer should never be null
 14868 | VkResult VmaAllocator_T::CreatePool(const VmaPoolCreateInfo* pCreateInfo, VmaPool* pPool)
       |                                                                           ^      
       |                                                                                   _Nonnull 
/Users/runner/work/PTVisionPro/PTVisionPro/build/deps/vma-src/include/vk_mem_alloc.h:14868:82: warning: pointer is missing a nullability type specifier (_Nonnull, _Nullable, or _Null_unspecified) [-Wnullability-completeness]
 14868 | VkResult VmaAllocator_T::CreatePool(const VmaPoolCreateInfo* pCreateInfo, VmaPool* pPool)
       |                                                                                  ^
/Users/runner/work/PTVisionPro/PTVisionPro/build/deps/vma-src/include/vk_mem_alloc.h:14868:82: note: insert '_Nullable' if the pointer may be null
 14868 | VkResult VmaAllocator_T::CreatePool(const VmaPoolCreateInfo* pCreateInfo, VmaPool* pPool)
       |                                                                                  ^
       |                                                                                    _Nullable
/Users/runner/work/PTVisionPro/PTVisionPro/build/deps/vma-src/include/vk_mem_alloc.h:14868:82: note: insert '_Nonnull' if the pointer should never be null
 14868 | VkResult VmaAllocator_T::CreatePool(const VmaPoolCreateInfo* pCreateInfo, VmaPool* pPool)
       |                                                                                  ^
       |                                                                                    _Nonnull
/Users/runner/work/PTVisionPro/PTVisionPro/build/deps/vma-src/include/vk_mem_alloc.h:14921:34: warning: pointer is missing a nullability type specifier (_Nonnull, _Nullable, or _Null_unspecified) [-Wnullability-completeness]
 14921 | void VmaAllocator_T::DestroyPool(VmaPool pool)
       |                                  ^
/Users/runner/work/PTVisionPro/PTVisionPro/build/deps/vma-src/include/vk_mem_alloc.h:14921:34: note: insert '_Nullable' if the pointer may be null
 14921 | void VmaAllocator_T::DestroyPool(VmaPool pool)
       |                                  ^
       |                                          _Nullable
/Users/runner/work/PTVisionPro/PTVisionPro/build/deps/vma-src/include/vk_mem_alloc.h:14921:34: note: insert '_Nonnull' if the pointer should never be null
 14921 | void VmaAllocator_T::DestroyPool(VmaPool pool)
       |                                  ^
       |                                          _Nonnull
/Users/runner/work/PTVisionPro/PTVisionPro/build/deps/vma-src/include/vk_mem_alloc.h:14932:40: warning: pointer is missing a nullability type specifier (_Nonnull, _Nullable, or _Null_unspecified) [-Wnullability-completeness]
 14932 | void VmaAllocator_T::GetPoolStatistics(VmaPool pool, VmaStatistics* pPoolStats)
       |                                        ^
/Users/runner/work/PTVisionPro/PTVisionPro/build/deps/vma-src/include/vk_mem_alloc.h:14932:40: note: insert '_Nullable' if the pointer may be null
 14932 | void VmaAllocator_T::GetPoolStatistics(VmaPool pool, VmaStatistics* pPoolStats)
       |                                        ^
       |                                                _Nullable
/Users/runner/work/PTVisionPro/PTVisionPro/build/deps/vma-src/include/vk_mem_alloc.h:14932:40: note: insert '_Nonnull' if the pointer should never be null
 14932 | void VmaAllocator_T::GetPoolStatistics(VmaPool pool, VmaStatistics* pPoolStats)
       |                                        ^
       |                                                _Nonnull
/Users/runner/work/PTVisionPro/PTVisionPro/build/deps/vma-src/include/vk_mem_alloc.h:14932:67: warning: pointer is missing a nullability type specifier (_Nonnull, _Nullable, or _Null_unspecified) [-Wnullability-completeness]
 14932 | void VmaAllocator_T::GetPoolStatistics(VmaPool pool, VmaStatistics* pPoolStats)
       |                                                                   ^
/Users/runner/work/PTVisionPro/PTVisionPro/build/deps/vma-src/include/vk_mem_alloc.h:14932:67: note: insert '_Nullable' if the pointer may be null
 14932 | void VmaAllocator_T::GetPoolStatistics(VmaPool pool, VmaStatistics* pPoolStats)
       |                                                                   ^
       |                                                                     _Nullable
/Users/runner/work/PTVisionPro/PTVisionPro/build/deps/vma-src/include/vk_mem_alloc.h:14932:67: note: insert '_Nonnull' if the pointer should never be null
 14932 | void VmaAllocator_T::GetPoolStatistics(VmaPool pool, VmaStatistics* pPoolStats)
       |                                                                   ^
       |                                                                     _Nonnull
/Users/runner/work/PTVisionPro/PTVisionPro/build/deps/vma-src/include/vk_mem_alloc.h:14939:46: warning: pointer is missing a nullability type specifier (_Nonnull, _Nullable, or _Null_unspecified) [-Wnullability-completeness]
 14939 | void VmaAllocator_T::CalculatePoolStatistics(VmaPool pool, VmaDetailedStatistics* pPoolStats)
       |                                              ^
/Users/runner/work/PTVisionPro/PTVisionPro/build/deps/vma-src/include/vk_mem_alloc.h:14939:46: note: insert '_Nullable' if the pointer may be null
 14939 | void VmaAllocator_T::CalculatePoolStatistics(VmaPool pool, VmaDetailedStatistics* pPoolStats)
       |                                              ^
       |                                                      _Nullable
/Users/runner/work/PTVisionPro/PTVisionPro/build/deps/vma-src/include/vk_mem_alloc.h:14939:46: note: insert '_Nonnull' if the pointer should never be null
 14939 | void VmaAllocator_T::CalculatePoolStatistics(VmaPool pool, VmaDetailedStatistics* pPoolStats)
       |                                              ^
       |                                                      _Nonnull
/Users/runner/work/PTVisionPro/PTVisionPro/build/deps/vma-src/include/vk_mem_alloc.h:14939:81: warning: pointer is missing a nullability type specifier (_Nonnull, _Nullable, or _Null_unspecified) [-Wnullability-completeness]
 14939 | void VmaAllocator_T::CalculatePoolStatistics(VmaPool pool, VmaDetailedStatistics* pPoolStats)
       |                                                                                 ^
/Users/runner/work/PTVisionPro/PTVisionPro/build/deps/vma-src/include/vk_mem_alloc.h:14939:81: note: insert '_Nullable' if the pointer may be null
 14939 | void VmaAllocator_T::CalculatePoolStatistics(VmaPool pool, VmaDetailedStatistics* pPoolStats)
       |                                                                                 ^
       |                                                                                   _Nullable
/Users/runner/work/PTVisionPro/PTVisionPro/build/deps/vma-src/include/vk_mem_alloc.h:14939:81: note: insert '_Nonnull' if the pointer should never be null
 14939 | void VmaAllocator_T::CalculatePoolStatistics(VmaPool pool, VmaDetailedStatistics* pPoolStats)
       |                                                                                 ^
       |                                                                                   _Nonnull
/Users/runner/work/PTVisionPro/PTVisionPro/build/deps/vma-src/include/vk_mem_alloc.h:14958:46: warning: pointer is missing a nullability type specifier (_Nonnull, _Nullable, or _Null_unspecified) [-Wnullability-completeness]
 14958 | VkResult VmaAllocator_T::CheckPoolCorruption(VmaPool hPool)
       |                                              ^
/Users/runner/work/PTVisionPro/PTVisionPro/build/deps/vma-src/include/vk_mem_alloc.h:14958:46: note: insert '_Nullable' if the pointer may be null
 14958 | VkResult VmaAllocator_T::CheckPoolCorruption(VmaPool hPool)
       |                                              ^
       |                                                      _Nullable
/Users/runner/work/PTVisionPro/PTVisionPro/build/deps/vma-src/include/vk_mem_alloc.h:14958:46: note: insert '_Nonnull' if the pointer should never be null
 14958 | VkResult VmaAllocator_T::CheckPoolCorruption(VmaPool hPool)
       |                                              ^
       |                                                      _Nonnull
/Users/runner/work/PTVisionPro/PTVisionPro/build/deps/vma-src/include/vk_mem_alloc.h:15012:73: warning: pointer is missing a nullability type specifier (_Nonnull, _Nullable, or _Null_unspecified) [-Wnullability-completeness]
 15012 | VkResult VmaAllocator_T::AllocateVulkanMemory(const VkMemoryAllocateInfo* pAllocateInfo, VkDeviceMemory* pMemory)
       |                                                                         ^
/Users/runner/work/PTVisionPro/PTVisionPro/build/deps/vma-src/include/vk_mem_alloc.h:15012:73: note: insert '_Nullable' if the pointer may be null
 15012 | VkResult VmaAllocator_T::AllocateVulkanMemory(const VkMemoryAllocateInfo* pAllocateInfo, VkDeviceMemory* pMemory)
       |                                                                         ^
       |                                                                           _Nullable
/Users/runner/work/PTVisionPro/PTVisionPro/build/deps/vma-src/include/vk_mem_alloc.h:15012:73: note: insert '_Nonnull' if the pointer should never be null
 15012 | VkResult VmaAllocator_T::AllocateVulkanMemory(const VkMemoryAllocateInfo* pAllocateInfo, VkDeviceMemory* pMemory)
       |                                                                         ^
       |                                                                           _Nonnull
/Users/runner/work/PTVisionPro/PTVisionPro/build/deps/vma-src/include/vk_mem_alloc.h:15012:90: warning: pointer is missing a nullability type specifier (_Nonnull, _Nullable, or _Null_unspecified) [-Wnullability-completeness]
 15012 | VkResult VmaAllocator_T::AllocateVulkanMemory(const VkMemoryAllocateInfo* pAllocateInfo, VkDeviceMemory* pMemory)
       |                                                                                          ^
/Users/runner/work/PTVisionPro/PTVisionPro/build/deps/vma-src/include/vk_mem_alloc.h:15012:90: note: insert '_Nullable' if the pointer may be null
 15012 | VkResult VmaAllocator_T::AllocateVulkanMemory(const VkMemoryAllocateInfo* pAllocateInfo, VkDeviceMemory* pMemory)
       |                                                                                          ^             
       |                                                                                                         _Nullable 
/Users/runner/work/PTVisionPro/PTVisionPro/build/deps/vma-src/include/vk_mem_alloc.h:15012:90: note: insert '_Nonnull' if the pointer should never be null
 15012 | VkResult VmaAllocator_T::AllocateVulkanMemory(const VkMemoryAllocateInfo* pAllocateInfo, VkDeviceMemory* pMemory)
       |                                                                                          ^             
       |                                                                                                         _Nonnull 
/Users/runner/work/PTVisionPro/PTVisionPro/build/deps/vma-src/include/vk_mem_alloc.h:15012:104: warning: pointer is missing a nullability type specifier (_Nonnull, _Nullable, or _Null_unspecified) [-Wnullability-completeness]
 15012 | VkResult VmaAllocator_T::AllocateVulkanMemory(const VkMemoryAllocateInfo* pAllocateInfo, VkDeviceMemory* pMemory)
       |                                                                                                        ^
/Users/runner/work/PTVisionPro/PTVisionPro/build/deps/vma-src/include/vk_mem_alloc.h:15012:104: note: insert '_Nullable' if the pointer may be null
 15012 | VkResult VmaAllocator_T::AllocateVulkanMemory(const VkMemoryAllocateInfo* pAllocateInfo, VkDeviceMemory* pMemory)
       |                                                                                                        ^
       |                                                                                                          _Nullable
/Users/runner/work/PTVisionPro/PTVisionPro/build/deps/vma-src/include/vk_mem_alloc.h:15012:104: note: insert '_Nonnull' if the pointer should never be null
 15012 | VkResult VmaAllocator_T::AllocateVulkanMemory(const VkMemoryAllocateInfo* pAllocateInfo, VkDeviceMemory* pMemory)
       |                                                                                                        ^
       |                                                                                                          _Nonnull
/Users/runner/work/PTVisionPro/PTVisionPro/build/deps/vma-src/include/vk_mem_alloc.h:15082:79: warning: pointer is missing a nullability type specifier (_Nonnull, _Nullable, or _Null_unspecified) [-Wnullability-completeness]
 15082 | void VmaAllocator_T::FreeVulkanMemory(uint32_t memoryType, VkDeviceSize size, VkDeviceMemory hMemory)
       |                                                                               ^
/Users/runner/work/PTVisionPro/PTVisionPro/build/deps/vma-src/include/vk_mem_alloc.h:15082:79: note: insert '_Nullable' if the pointer may be null
 15082 | void VmaAllocator_T::FreeVulkanMemory(uint32_t memoryType, VkDeviceSize size, VkDeviceMemory hMemory)
       |                                                                               ^
       |                                                                                              _Nullable
/Users/runner/work/PTVisionPro/PTVisionPro/build/deps/vma-src/include/vk_mem_alloc.h:15082:79: note: insert '_Nonnull' if the pointer should never be null
 15082 | void VmaAllocator_T::FreeVulkanMemory(uint32_t memoryType, VkDeviceSize size, VkDeviceMemory hMemory)
       |                                                                               ^
       |                                                                                              _Nonnull
/Users/runner/work/PTVisionPro/PTVisionPro/build/deps/vma-src/include/vk_mem_alloc.h:15101:5: warning: pointer is missing a nullability type specifier (_Nonnull, _Nullable, or _Null_unspecified) [-Wnullability-completeness]
 15101 |     VkDeviceMemory memory,
       |     ^
/Users/runner/work/PTVisionPro/PTVisionPro/build/deps/vma-src/include/vk_mem_alloc.h:15101:5: note: insert '_Nullable' if the pointer may be null
 15101 |     VkDeviceMemory memory,
       |     ^
       |                    _Nullable
/Users/runner/work/PTVisionPro/PTVisionPro/build/deps/vma-src/include/vk_mem_alloc.h:15101:5: note: insert '_Nonnull' if the pointer should never be null
 15101 |     VkDeviceMemory memory,
       |     ^
       |                    _Nonnull
/Users/runner/work/PTVisionPro/PTVisionPro/build/deps/vma-src/include/vk_mem_alloc.h:15103:5: warning: pointer is missing a nullability type specifier (_Nonnull, _Nullable, or _Null_unspecified) [-Wnullability-completeness]
 15103 |     VkBuffer buffer,
       |     ^
/Users/runner/work/PTVisionPro/PTVisionPro/build/deps/vma-src/include/vk_mem_alloc.h:15103:5: note: insert '_Nullable' if the pointer may be null
 15103 |     VkBuffer buffer,
       |     ^
       |              _Nullable
/Users/runner/work/PTVisionPro/PTVisionPro/build/deps/vma-src/include/vk_mem_alloc.h:15103:5: note: insert '_Nonnull' if the pointer should never be null
 15103 |     VkBuffer buffer,
       |     ^
       |              _Nonnull
/Users/runner/work/PTVisionPro/PTVisionPro/build/deps/vma-src/include/vk_mem_alloc.h:15104:15: warning: pointer is missing a nullability type specifier (_Nonnull, _Nullable, or _Null_unspecified) [-Wnullability-completeness]
 15104 |     const void* pNext) const
       |               ^
/Users/runner/work/PTVisionPro/PTVisionPro/build/deps/vma-src/include/vk_mem_alloc.h:15104:15: note: insert '_Nullable' if the pointer may be null
 15104 |     const void* pNext) const
       |               ^
       |                 _Nullable
/Users/runner/work/PTVisionPro/PTVisionPro/build/deps/vma-src/include/vk_mem_alloc.h:15104:15: note: insert '_Nonnull' if the pointer should never be null
 15104 |     const void* pNext) const
       |               ^
       |                 _Nonnull
/Users/runner/work/PTVisionPro/PTVisionPro/build/deps/vma-src/include/vk_mem_alloc.h:15130:5: warning: pointer is missing a nullability type specifier (_Nonnull, _Nullable, or _Null_unspecified) [-Wnullability-completeness]
 15130 |     VkDeviceMemory memory,
       |     ^
/Users/runner/work/PTVisionPro/PTVisionPro/build/deps/vma-src/include/vk_mem_alloc.h:15130:5: note: insert '_Nullable' if the pointer may be null
 15130 |     VkDeviceMemory memory,
       |     ^
       |                    _Nullable
/Users/runner/work/PTVisionPro/PTVisionPro/build/deps/vma-src/include/vk_mem_alloc.h:15130:5: note: insert '_Nonnull' if the pointer should never be null
 15130 |     VkDeviceMemory memory,
       |     ^
       |                    _Nonnull
/Users/runner/work/PTVisionPro/PTVisionPro/build/deps/vma-src/include/vk_mem_alloc.h:15132:5: warning: pointer is missing a nullability type specifier (_Nonnull, _Nullable, or _Null_unspecified) [-Wnullability-completeness]
 15132 |     VkImage image,
       |     ^
/Users/runner/work/PTVisionPro/PTVisionPro/build/deps/vma-src/include/vk_mem_alloc.h:15132:5: note: insert '_Nullable' if the pointer may be null
 15132 |     VkImage image,
       |     ^
       |             _Nullable
/Users/runner/work/PTVisionPro/PTVisionPro/build/deps/vma-src/include/vk_mem_alloc.h:15132:5: note: insert '_Nonnull' if the pointer should never be null
 15132 |     VkImage image,
       |     ^
       |             _Nonnull
/Users/runner/work/PTVisionPro/PTVisionPro/build/deps/vma-src/include/vk_mem_alloc.h:15133:15: warning: pointer is missing a nullability type specifier (_Nonnull, _Nullable, or _Null_unspecified) [-Wnullability-completeness]
 15133 |     const void* pNext) const
       |               ^
/Users/runner/work/PTVisionPro/PTVisionPro/build/deps/vma-src/include/vk_mem_alloc.h:15133:15: note: insert '_Nullable' if the pointer may be null
 15133 |     const void* pNext) const
       |               ^
       |                 _Nullable
/Users/runner/work/PTVisionPro/PTVisionPro/build/deps/vma-src/include/vk_mem_alloc.h:15133:15: note: insert '_Nonnull' if the pointer should never be null
 15133 |     const void* pNext) const
       |               ^
       |                 _Nonnull
/Users/runner/work/PTVisionPro/PTVisionPro/build/deps/vma-src/include/vk_mem_alloc.h:15156:30: warning: pointer is missing a nullability type specifier (_Nonnull, _Nullable, or _Null_unspecified) [-Wnullability-completeness]
 15156 | VkResult VmaAllocator_T::Map(VmaAllocation hAllocation, void** ppData)
       |                              ^
/Users/runner/work/PTVisionPro/PTVisionPro/build/deps/vma-src/include/vk_mem_alloc.h:15156:30: note: insert '_Nullable' if the pointer may be null
 15156 | VkResult VmaAllocator_T::Map(VmaAllocation hAllocation, void** ppData)
       |                              ^
       |                                            _Nullable
/Users/runner/work/PTVisionPro/PTVisionPro/build/deps/vma-src/include/vk_mem_alloc.h:15156:30: note: insert '_Nonnull' if the pointer should never be null
 15156 | VkResult VmaAllocator_T::Map(VmaAllocation hAllocation, void** ppData)
       |                              ^
       |                                            _Nonnull
/Users/runner/work/PTVisionPro/PTVisionPro/build/deps/vma-src/include/vk_mem_alloc.h:15156:61: warning: pointer is missing a nullability type specifier (_Nonnull, _Nullable, or _Null_unspecified) [-Wnullability-completeness]
 15156 | VkResult VmaAllocator_T::Map(VmaAllocation hAllocation, void** ppData)
       |                                                             ^
/Users/runner/work/PTVisionPro/PTVisionPro/build/deps/vma-src/include/vk_mem_alloc.h:15156:61: note: insert '_Nullable' if the pointer may be null
 15156 | VkResult VmaAllocator_T::Map(VmaAllocation hAllocation, void** ppData)
       |                                                             ^
       |                                                              _Nullable
/Users/runner/work/PTVisionPro/PTVisionPro/build/deps/vma-src/include/vk_mem_alloc.h:15156:61: note: insert '_Nonnull' if the pointer should never be null
 15156 | VkResult VmaAllocator_T::Map(VmaAllocation hAllocation, void** ppData)
       |                                                             ^
       |                                                              _Nonnull
/Users/runner/work/PTVisionPro/PTVisionPro/build/deps/vma-src/include/vk_mem_alloc.h:15156:62: warning: pointer is missing a nullability type specifier (_Nonnull, _Nullable, or _Null_unspecified) [-Wnullability-completeness]
 15156 | VkResult VmaAllocator_T::Map(VmaAllocation hAllocation, void** ppData)
       |                                                              ^
/Users/runner/work/PTVisionPro/PTVisionPro/build/deps/vma-src/include/vk_mem_alloc.h:15156:62: note: insert '_Nullable' if the pointer may be null
 15156 | VkResult VmaAllocator_T::Map(VmaAllocation hAllocation, void** ppData)
       |                                                              ^
       |                                                                _Nullable
/Users/runner/work/PTVisionPro/PTVisionPro/build/deps/vma-src/include/vk_mem_alloc.h:15156:62: note: insert '_Nonnull' if the pointer should never be null
 15156 | VkResult VmaAllocator_T::Map(VmaAllocation hAllocation, void** ppData)
       |                                                              ^
       |                                                                _Nonnull
/Users/runner/work/PTVisionPro/PTVisionPro/build/deps/vma-src/include/vk_mem_alloc.h:15180:28: warning: pointer is missing a nullability type specifier (_Nonnull, _Nullable, or _Null_unspecified) [-Wnullability-completeness]
 15180 | void VmaAllocator_T::Unmap(VmaAllocation hAllocation)
       |                            ^
/Users/runner/work/PTVisionPro/PTVisionPro/build/deps/vma-src/include/vk_mem_alloc.h:15180:28: note: insert '_Nullable' if the pointer may be null
 15180 | void VmaAllocator_T::Unmap(VmaAllocation hAllocation)
       |                            ^
       |                                          _Nullable
/Users/runner/work/PTVisionPro/PTVisionPro/build/deps/vma-src/include/vk_mem_alloc.h:15180:28: note: insert '_Nonnull' if the pointer should never be null
 15180 | void VmaAllocator_T::Unmap(VmaAllocation hAllocation)
       |                            ^
       |                                          _Nonnull
/Users/runner/work/PTVisionPro/PTVisionPro/build/deps/vma-src/include/vk_mem_alloc.h:15200:5: warning: pointer is missing a nullability type specifier (_Nonnull, _Nullable, or _Null_unspecified) [-Wnullability-completeness]
 15200 |     VmaAllocation hAllocation,
       |     ^
/Users/runner/work/PTVisionPro/PTVisionPro/build/deps/vma-src/include/vk_mem_alloc.h:15200:5: note: insert '_Nullable' if the pointer may be null
 15200 |     VmaAllocation hAllocation,
       |     ^
       |                   _Nullable
/Users/runner/work/PTVisionPro/PTVisionPro/build/deps/vma-src/include/vk_mem_alloc.h:15200:5: note: insert '_Nonnull' if the pointer should never be null
 15200 |     VmaAllocation hAllocation,
       |     ^
       |                   _Nonnull
/Users/runner/work/PTVisionPro/PTVisionPro/build/deps/vma-src/include/vk_mem_alloc.h:15202:5: warning: pointer is missing a nullability type specifier (_Nonnull, _Nullable, or _Null_unspecified) [-Wnullability-completeness]
 15202 |     VkBuffer hBuffer,
       |     ^
/Users/runner/work/PTVisionPro/PTVisionPro/build/deps/vma-src/include/vk_mem_alloc.h:15202:5: note: insert '_Nullable' if the pointer may be null
 15202 |     VkBuffer hBuffer,
       |     ^
       |              _Nullable
/Users/runner/work/PTVisionPro/PTVisionPro/build/deps/vma-src/include/vk_mem_alloc.h:15202:5: note: insert '_Nonnull' if the pointer should never be null
 15202 |     VkBuffer hBuffer,
       |     ^
       |              _Nonnull
/Users/runner/work/PTVisionPro/PTVisionPro/build/deps/vma-src/include/vk_mem_alloc.h:15203:15: warning: pointer is missing a nullability type specifier (_Nonnull, _Nullable, or _Null_unspecified) [-Wnullability-completeness]
 15203 |     const void* pNext)
       |               ^
/Users/runner/work/PTVisionPro/PTVisionPro/build/deps/vma-src/include/vk_mem_alloc.h:15203:15: note: insert '_Nullable' if the pointer may be null
 15203 |     const void* pNext)
       |               ^
       |                 _Nullable
/Users/runner/work/PTVisionPro/PTVisionPro/build/deps/vma-src/include/vk_mem_alloc.h:15203:15: note: insert '_Nonnull' if the pointer should never be null
 15203 |     const void* pNext)
       |               ^
       |                 _Nonnull
/Users/runner/work/PTVisionPro/PTVisionPro/build/deps/vma-src/include/vk_mem_alloc.h:15225:5: warning: pointer is missing a nullability type specifier (_Nonnull, _Nullable, or _Null_unspecified) [-Wnullability-completeness]
 15225 |     VmaAllocation hAllocation,
       |     ^
/Users/runner/work/PTVisionPro/PTVisionPro/build/deps/vma-src/include/vk_mem_alloc.h:15225:5: note: insert '_Nullable' if the pointer may be null
 15225 |     VmaAllocation hAllocation,
       |     ^
       |                   _Nullable
/Users/runner/work/PTVisionPro/PTVisionPro/build/deps/vma-src/include/vk_mem_alloc.h:15225:5: note: insert '_Nonnull' if the pointer should never be null
 15225 |     VmaAllocation hAllocation,
       |     ^
       |                   _Nonnull
/Users/runner/work/PTVisionPro/PTVisionPro/build/deps/vma-src/include/vk_mem_alloc.h:15227:5: warning: pointer is missing a nullability type specifier (_Nonnull, _Nullable, or _Null_unspecified) [-Wnullability-completeness]
 15227 |     VkImage hImage,
       |     ^
/Users/runner/work/PTVisionPro/PTVisionPro/build/deps/vma-src/include/vk_mem_alloc.h:15227:5: note: insert '_Nullable' if the pointer may be null
 15227 |     VkImage hImage,
       |     ^
       |             _Nullable
/Users/runner/work/PTVisionPro/PTVisionPro/build/deps/vma-src/include/vk_mem_alloc.h:15227:5: note: insert '_Nonnull' if the pointer should never be null
 15227 |     VkImage hImage,
       |     ^
       |             _Nonnull
/Users/runner/work/PTVisionPro/PTVisionPro/build/deps/vma-src/include/vk_mem_alloc.h:15228:15: warning: pointer is missing a nullability type specifier (_Nonnull, _Nullable, or _Null_unspecified) [-Wnullability-completeness]
 15228 |     const void* pNext)
       |               ^
/Users/runner/work/PTVisionPro/PTVisionPro/build/deps/vma-src/include/vk_mem_alloc.h:15228:15: note: insert '_Nullable' if the pointer may be null
 15228 |     const void* pNext)
       |               ^
       |                 _Nullable
/Users/runner/work/PTVisionPro/PTVisionPro/build/deps/vma-src/include/vk_mem_alloc.h:15228:15: note: insert '_Nonnull' if the pointer should never be null
 15228 |     const void* pNext)
       |               ^
       |                 _Nonnull
/Users/runner/work/PTVisionPro/PTVisionPro/build/deps/vma-src/include/vk_mem_alloc.h:15250:5: warning: pointer is missing a nullability type specifier (_Nonnull, _Nullable, or _Null_unspecified) [-Wnullability-completeness]
 15250 |     VmaAllocation hAllocation,
       |     ^
/Users/runner/work/PTVisionPro/PTVisionPro/build/deps/vma-src/include/vk_mem_alloc.h:15250:5: note: insert '_Nullable' if the pointer may be null
 15250 |     VmaAllocation hAllocation,
       |     ^
       |                   _Nullable
/Users/runner/work/PTVisionPro/PTVisionPro/build/deps/vma-src/include/vk_mem_alloc.h:15250:5: note: insert '_Nonnull' if the pointer should never be null
 15250 |     VmaAllocation hAllocation,
       |     ^
       |                   _Nonnull
/Users/runner/work/PTVisionPro/PTVisionPro/build/deps/vma-src/include/vk_mem_alloc.h:15277:11: warning: pointer is missing a nullability type specifier (_Nonnull, _Nullable, or _Null_unspecified) [-Wnullability-completeness]
 15277 |     const VmaAllocation* allocations,
       |           ^
/Users/runner/work/PTVisionPro/PTVisionPro/build/deps/vma-src/include/vk_mem_alloc.h:15277:11: note: insert '_Nullable' if the pointer may be null
 15277 |     const VmaAllocation* allocations,
       |           ^            
       |                         _Nullable 
/Users/runner/work/PTVisionPro/PTVisionPro/build/deps/vma-src/include/vk_mem_alloc.h:15277:11: note: insert '_Nonnull' if the pointer should never be null
 15277 |     const VmaAllocation* allocations,
       |           ^            
       |                         _Nonnull 
/Users/runner/work/PTVisionPro/PTVisionPro/build/deps/vma-src/include/vk_mem_alloc.h:15277:24: warning: pointer is missing a nullability type specifier (_Nonnull, _Nullable, or _Null_unspecified) [-Wnullability-completeness]
 15277 |     const VmaAllocation* allocations,
       |                        ^
/Users/runner/work/PTVisionPro/PTVisionPro/build/deps/vma-src/include/vk_mem_alloc.h:15277:24: note: insert '_Nullable' if the pointer may be null
 15277 |     const VmaAllocation* allocations,
       |                        ^
       |                          _Nullable
/Users/runner/work/PTVisionPro/PTVisionPro/build/deps/vma-src/include/vk_mem_alloc.h:15277:24: note: insert '_Nonnull' if the pointer should never be null
 15277 |     const VmaAllocation* allocations,
       |                        ^
       |                          _Nonnull
/Users/runner/work/PTVisionPro/PTVisionPro/build/deps/vma-src/include/vk_mem_alloc.h:15278:23: warning: pointer is missing a nullability type specifier (_Nonnull, _Nullable, or _Null_unspecified) [-Wnullability-completeness]
 15278 |     const VkDeviceSize* offsets, const VkDeviceSize* sizes,
       |                       ^
/Users/runner/work/PTVisionPro/PTVisionPro/build/deps/vma-src/include/vk_mem_alloc.h:15278:23: note: insert '_Nullable' if the pointer may be null
 15278 |     const VkDeviceSize* offsets, const VkDeviceSize* sizes,
       |                       ^
       |                         _Nullable
/Users/runner/work/PTVisionPro/PTVisionPro/build/deps/vma-src/include/vk_mem_alloc.h:15278:23: note: insert '_Nonnull' if the pointer should never be null
 15278 |     const VkDeviceSize* offsets, const VkDeviceSize* sizes,
       |                       ^
       |                         _Nonnull
/Users/runner/work/PTVisionPro/PTVisionPro/build/deps/vma-src/include/vk_mem_alloc.h:15278:52: warning: pointer is missing a nullability type specifier (_Nonnull, _Nullable, or _Null_unspecified) [-Wnullability-completeness]
 15278 |     const VkDeviceSize* offsets, const VkDeviceSize* sizes,
       |                                                    ^
/Users/runner/work/PTVisionPro/PTVisionPro/build/deps/vma-src/include/vk_mem_alloc.h:15278:52: note: insert '_Nullable' if the pointer may be null
 15278 |     const VkDeviceSize* offsets, const VkDeviceSize* sizes,
       |                                                    ^
       |                                                      _Nullable
/Users/runner/work/PTVisionPro/PTVisionPro/build/deps/vma-src/include/vk_mem_alloc.h:15278:52: note: insert '_Nonnull' if the pointer should never be null
 15278 |     const VkDeviceSize* offsets, const VkDeviceSize* sizes,
       |                                                    ^
       |                                                      _Nonnull
/Users/runner/work/PTVisionPro/PTVisionPro/build/deps/vma-src/include/vk_mem_alloc.h:15317:15: warning: pointer is missing a nullability type specifier (_Nonnull, _Nullable, or _Null_unspecified) [-Wnullability-completeness]
 15317 |     const void* pSrcHostPointer,
       |               ^
/Users/runner/work/PTVisionPro/PTVisionPro/build/deps/vma-src/include/vk_mem_alloc.h:15317:15: note: insert '_Nullable' if the pointer may be null
 15317 |     const void* pSrcHostPointer,
       |               ^
       |                 _Nullable
/Users/runner/work/PTVisionPro/PTVisionPro/build/deps/vma-src/include/vk_mem_alloc.h:15317:15: note: insert '_Nonnull' if the pointer should never be null
 15317 |     const void* pSrcHostPointer,
       |               ^
       |                 _Nonnull
/Users/runner/work/PTVisionPro/PTVisionPro/build/deps/vma-src/include/vk_mem_alloc.h:15318:5: warning: pointer is missing a nullability type specifier (_Nonnull, _Nullable, or _Null_unspecified) [-Wnullability-completeness]
 15318 |     VmaAllocation dstAllocation,
       |     ^
/Users/runner/work/PTVisionPro/PTVisionPro/build/deps/vma-src/include/vk_mem_alloc.h:15318:5: note: insert '_Nullable' if the pointer may be null
 15318 |     VmaAllocation dstAllocation,
       |     ^
       |                   _Nullable
/Users/runner/work/PTVisionPro/PTVisionPro/build/deps/vma-src/include/vk_mem_alloc.h:15318:5: note: insert '_Nonnull' if the pointer should never be null
 15318 |     VmaAllocation dstAllocation,
       |     ^
       |                   _Nonnull
/Users/runner/work/PTVisionPro/PTVisionPro/build/deps/vma-src/include/vk_mem_alloc.h:15334:5: warning: pointer is missing a nullability type specifier (_Nonnull, _Nullable, or _Null_unspecified) [-Wnullability-completeness]
 15334 |     VmaAllocation srcAllocation,
       |     ^
/Users/runner/work/PTVisionPro/PTVisionPro/build/deps/vma-src/include/vk_mem_alloc.h:15334:5: note: insert '_Nullable' if the pointer may be null
 15334 |     VmaAllocation srcAllocation,
       |     ^
       |                   _Nullable
/Users/runner/work/PTVisionPro/PTVisionPro/build/deps/vma-src/include/vk_mem_alloc.h:15334:5: note: insert '_Nonnull' if the pointer should never be null
 15334 |     VmaAllocation srcAllocation,
       |     ^
       |                   _Nonnull
/Users/runner/work/PTVisionPro/PTVisionPro/build/deps/vma-src/include/vk_mem_alloc.h:15336:9: warning: pointer is missing a nullability type specifier (_Nonnull, _Nullable, or _Null_unspecified) [-Wnullability-completeness]
 15336 |     void* pDstHostPointer,
       |         ^
/Users/runner/work/PTVisionPro/PTVisionPro/build/deps/vma-src/include/vk_mem_alloc.h:15336:9: note: insert '_Nullable' if the pointer may be null
 15336 |     void* pDstHostPointer,
       |         ^
       |           _Nullable
/Users/runner/work/PTVisionPro/PTVisionPro/build/deps/vma-src/include/vk_mem_alloc.h:15336:9: note: insert '_Nonnull' if the pointer should never be null
 15336 |     void* pDstHostPointer,
       |         ^
       |           _Nonnull
/Users/runner/work/PTVisionPro/PTVisionPro/build/deps/vma-src/include/vk_mem_alloc.h:15353:42: warning: pointer is missing a nullability type specifier (_Nonnull, _Nullable, or _Null_unspecified) [-Wnullability-completeness]
 15353 | void VmaAllocator_T::FreeDedicatedMemory(VmaAllocation allocation)
       |                                          ^
/Users/runner/work/PTVisionPro/PTVisionPro/build/deps/vma-src/include/vk_mem_alloc.h:15353:42: note: insert '_Nullable' if the pointer may be null
 15353 | void VmaAllocator_T::FreeDedicatedMemory(VmaAllocation allocation)
       |                                          ^
       |                                                        _Nullable
/Users/runner/work/PTVisionPro/PTVisionPro/build/deps/vma-src/include/vk_mem_alloc.h:15353:42: note: insert '_Nonnull' if the pointer should never be null
 15353 | void VmaAllocator_T::FreeDedicatedMemory(VmaAllocation allocation)
       |                                          ^
       |                                                        _Nonnull
/Users/runner/work/PTVisionPro/PTVisionPro/build/deps/vma-src/include/vk_mem_alloc.h:15439:5: warning: pointer is missing a nullability type specifier (_Nonnull, _Nullable, or _Null_unspecified) [-Wnullability-completeness]
 15439 |     VmaAllocation allocation,
       |     ^
/Users/runner/work/PTVisionPro/PTVisionPro/build/deps/vma-src/include/vk_mem_alloc.h:15439:5: note: insert '_Nullable' if the pointer may be null
 15439 |     VmaAllocation allocation,
       |     ^
       |                   _Nullable
/Users/runner/work/PTVisionPro/PTVisionPro/build/deps/vma-src/include/vk_mem_alloc.h:15439:5: note: insert '_Nonnull' if the pointer should never be null
 15439 |     VmaAllocation allocation,
       |     ^
       |                   _Nonnull
/Users/runner/work/PTVisionPro/PTVisionPro/build/deps/vma-src/include/vk_mem_alloc.h:15541:37: warning: pointer is missing a nullability type specifier (_Nonnull, _Nullable, or _Null_unspecified) [-Wnullability-completeness]
 15541 | void VmaAllocator_T::FillAllocation(VmaAllocation hAllocation, uint8_t pattern)
       |                                     ^
/Users/runner/work/PTVisionPro/PTVisionPro/build/deps/vma-src/include/vk_mem_alloc.h:15541:37: note: insert '_Nullable' if the pointer may be null
 15541 | void VmaAllocator_T::FillAllocation(VmaAllocation hAllocation, uint8_t pattern)
       |                                     ^
       |                                                   _Nullable
/Users/runner/work/PTVisionPro/PTVisionPro/build/deps/vma-src/include/vk_mem_alloc.h:15541:37: note: insert '_Nonnull' if the pointer should never be null
 15541 | void VmaAllocator_T::FillAllocation(VmaAllocation hAllocation, uint8_t pattern)
       |                                     ^
       |                                                   _Nonnull
/Users/runner/work/PTVisionPro/PTVisionPro/build/deps/vma-src/include/vk_mem_alloc.h:15767:33: warning: pointer is missing a nullability type specifier (_Nonnull, _Nullable, or _Null_unspecified) [-Wnullability-completeness]
 15767 |     const VmaAllocatorCreateInfo* pCreateInfo,
       |                                 ^
/Users/runner/work/PTVisionPro/PTVisionPro/build/deps/vma-src/include/vk_mem_alloc.h:15767:33: note: insert '_Nullable' if the pointer may be null
 15767 |     const VmaAllocatorCreateInfo* pCreateInfo,
       |                                 ^
       |                                   _Nullable
/Users/runner/work/PTVisionPro/PTVisionPro/build/deps/vma-src/include/vk_mem_alloc.h:15767:33: note: insert '_Nonnull' if the pointer should never be null
 15767 |     const VmaAllocatorCreateInfo* pCreateInfo,
       |                                 ^
       |                                   _Nonnull
/Users/runner/work/PTVisionPro/PTVisionPro/build/deps/vma-src/include/vk_mem_alloc.h:15768:5: warning: pointer is missing a nullability type specifier (_Nonnull, _Nullable, or _Null_unspecified) [-Wnullability-completeness]
 15768 |     VmaAllocator* pAllocator)
       |     ^
/Users/runner/work/PTVisionPro/PTVisionPro/build/deps/vma-src/include/vk_mem_alloc.h:15768:5: note: insert '_Nullable' if the pointer may be null
 15768 |     VmaAllocator* pAllocator)
       |     ^           
       |                  _Nullable 
/Users/runner/work/PTVisionPro/PTVisionPro/build/deps/vma-src/include/vk_mem_alloc.h:15768:5: note: insert '_Nonnull' if the pointer should never be null
 15768 |     VmaAllocator* pAllocator)
       |     ^           
       |                  _Nonnull 
/Users/runner/work/PTVisionPro/PTVisionPro/build/deps/vma-src/include/vk_mem_alloc.h:15768:17: warning: pointer is missing a nullability type specifier (_Nonnull, _Nullable, or _Null_unspecified) [-Wnullability-completeness]
 15768 |     VmaAllocator* pAllocator)
       |                 ^
/Users/runner/work/PTVisionPro/PTVisionPro/build/deps/vma-src/include/vk_mem_alloc.h:15768:17: note: insert '_Nullable' if the pointer may be null
 15768 |     VmaAllocator* pAllocator)
       |                 ^
       |                   _Nullable
/Users/runner/work/PTVisionPro/PTVisionPro/build/deps/vma-src/include/vk_mem_alloc.h:15768:17: note: insert '_Nonnull' if the pointer should never be null
 15768 |     VmaAllocator* pAllocator)
       |                 ^
       |                   _Nonnull
/Users/runner/work/PTVisionPro/PTVisionPro/build/deps/vma-src/include/vk_mem_alloc.h:15785:5: warning: pointer is missing a nullability type specifier (_Nonnull, _Nullable, or _Null_unspecified) [-Wnullability-completeness]
 15785 |     VmaAllocator allocator)
       |     ^
/Users/runner/work/PTVisionPro/PTVisionPro/build/deps/vma-src/include/vk_mem_alloc.h:15785:5: note: insert '_Nullable' if the pointer may be null
 15785 |     VmaAllocator allocator)
       |     ^
       |                  _Nullable
/Users/runner/work/PTVisionPro/PTVisionPro/build/deps/vma-src/include/vk_mem_alloc.h:15785:5: note: insert '_Nonnull' if the pointer should never be null
 15785 |     VmaAllocator allocator)
       |     ^
       |                  _Nonnull
/Users/runner/work/PTVisionPro/PTVisionPro/build/deps/vma-src/include/vk_mem_alloc.h:15795:53: warning: pointer is missing a nullability type specifier (_Nonnull, _Nullable, or _Null_unspecified) [-Wnullability-completeness]
 15795 | VMA_CALL_PRE void VMA_CALL_POST vmaGetAllocatorInfo(VmaAllocator allocator, VmaAllocatorInfo* pAllocatorInfo)
       |                                                     ^
/Users/runner/work/PTVisionPro/PTVisionPro/build/deps/vma-src/include/vk_mem_alloc.h:15795:53: note: insert '_Nullable' if the pointer may be null
 15795 | VMA_CALL_PRE void VMA_CALL_POST vmaGetAllocatorInfo(VmaAllocator allocator, VmaAllocatorInfo* pAllocatorInfo)
       |                                                     ^
       |                                                                  _Nullable
/Users/runner/work/PTVisionPro/PTVisionPro/build/deps/vma-src/include/vk_mem_alloc.h:15795:53: note: insert '_Nonnull' if the pointer should never be null
 15795 | VMA_CALL_PRE void VMA_CALL_POST vmaGetAllocatorInfo(VmaAllocator allocator, VmaAllocatorInfo* pAllocatorInfo)
       |                                                     ^
       |                                                                  _Nonnull
/Users/runner/work/PTVisionPro/PTVisionPro/build/deps/vma-src/include/vk_mem_alloc.h:15795:93: warning: pointer is missing a nullability type specifier (_Nonnull, _Nullable, or _Null_unspecified) [-Wnullability-completeness]
 15795 | VMA_CALL_PRE void VMA_CALL_POST vmaGetAllocatorInfo(VmaAllocator allocator, VmaAllocatorInfo* pAllocatorInfo)
       |                                                                                             ^
/Users/runner/work/PTVisionPro/PTVisionPro/build/deps/vma-src/include/vk_mem_alloc.h:15795:93: note: insert '_Nullable' if the pointer may be null
 15795 | VMA_CALL_PRE void VMA_CALL_POST vmaGetAllocatorInfo(VmaAllocator allocator, VmaAllocatorInfo* pAllocatorInfo)
       |                                                                                             ^
       |                                                                                               _Nullable
/Users/runner/work/PTVisionPro/PTVisionPro/build/deps/vma-src/include/vk_mem_alloc.h:15795:93: note: insert '_Nonnull' if the pointer should never be null
 15795 | VMA_CALL_PRE void VMA_CALL_POST vmaGetAllocatorInfo(VmaAllocator allocator, VmaAllocatorInfo* pAllocatorInfo)
       |                                                                                             ^
       |                                                                                               _Nonnull
/Users/runner/work/PTVisionPro/PTVisionPro/build/deps/vma-src/include/vk_mem_alloc.h:15804:5: warning: pointer is missing a nullability type specifier (_Nonnull, _Nullable, or _Null_unspecified) [-Wnullability-completeness]
 15804 |     VmaAllocator allocator,
       |     ^
/Users/runner/work/PTVisionPro/PTVisionPro/build/deps/vma-src/include/vk_mem_alloc.h:15804:5: note: insert '_Nullable' if the pointer may be null
 15804 |     VmaAllocator allocator,
       |     ^
       |                  _Nullable
/Users/runner/work/PTVisionPro/PTVisionPro/build/deps/vma-src/include/vk_mem_alloc.h:15804:5: note: insert '_Nonnull' if the pointer should never be null
 15804 |     VmaAllocator allocator,
       |     ^
       |                  _Nonnull
/Users/runner/work/PTVisionPro/PTVisionPro/build/deps/vma-src/include/vk_mem_alloc.h:15805:38: warning: pointer is missing a nullability type specifier (_Nonnull, _Nullable, or _Null_unspecified) [-Wnullability-completeness]
 15805 |     const VkPhysicalDeviceProperties **ppPhysicalDeviceProperties)
       |                                      ^
/Users/runner/work/PTVisionPro/PTVisionPro/build/deps/vma-src/include/vk_mem_alloc.h:15805:38: note: insert '_Nullable' if the pointer may be null
 15805 |     const VkPhysicalDeviceProperties **ppPhysicalDeviceProperties)
       |                                      ^
       |                                       _Nullable
/Users/runner/work/PTVisionPro/PTVisionPro/build/deps/vma-src/include/vk_mem_alloc.h:15805:38: note: insert '_Nonnull' if the pointer should never be null
 15805 |     const VkPhysicalDeviceProperties **ppPhysicalDeviceProperties)
       |                                      ^
       |                                       _Nonnull
/Users/runner/work/PTVisionPro/PTVisionPro/build/deps/vma-src/include/vk_mem_alloc.h:15805:39: warning: pointer is missing a nullability type specifier (_Nonnull, _Nullable, or _Null_unspecified) [-Wnullability-completeness]
 15805 |     const VkPhysicalDeviceProperties **ppPhysicalDeviceProperties)
       |                                       ^
/Users/runner/work/PTVisionPro/PTVisionPro/build/deps/vma-src/include/vk_mem_alloc.h:15805:39: note: insert '_Nullable' if the pointer may be null
 15805 |     const VkPhysicalDeviceProperties **ppPhysicalDeviceProperties)
       |                                       ^
       |                                         _Nullable 
/Users/runner/work/PTVisionPro/PTVisionPro/build/deps/vma-src/include/vk_mem_alloc.h:15805:39: note: insert '_Nonnull' if the pointer should never be null
 15805 |     const VkPhysicalDeviceProperties **ppPhysicalDeviceProperties)
       |                                       ^
       |                                         _Nonnull 
/Users/runner/work/PTVisionPro/PTVisionPro/build/deps/vma-src/include/vk_mem_alloc.h:15812:5: warning: pointer is missing a nullability type specifier (_Nonnull, _Nullable, or _Null_unspecified) [-Wnullability-completeness]
 15812 |     VmaAllocator allocator,
       |     ^
/Users/runner/work/PTVisionPro/PTVisionPro/build/deps/vma-src/include/vk_mem_alloc.h:15812:5: note: insert '_Nullable' if the pointer may be null
 15812 |     VmaAllocator allocator,
       |     ^
       |                  _Nullable
/Users/runner/work/PTVisionPro/PTVisionPro/build/deps/vma-src/include/vk_mem_alloc.h:15812:5: note: insert '_Nonnull' if the pointer should never be null
 15812 |     VmaAllocator allocator,
       |     ^
       |                  _Nonnull
/Users/runner/work/PTVisionPro/PTVisionPro/build/deps/vma-src/include/vk_mem_alloc.h:15813:43: warning: pointer is missing a nullability type specifier (_Nonnull, _Nullable, or _Null_unspecified) [-Wnullability-completeness]
 15813 |     const VkPhysicalDeviceMemoryProperties** ppPhysicalDeviceMemoryProperties)
       |                                           ^
/Users/runner/work/PTVisionPro/PTVisionPro/build/deps/vma-src/include/vk_mem_alloc.h:15813:43: note: insert '_Nullable' if the pointer may be null
 15813 |     const VkPhysicalDeviceMemoryProperties** ppPhysicalDeviceMemoryProperties)
       |                                           ^
       |                                            _Nullable
/Users/runner/work/PTVisionPro/PTVisionPro/build/deps/vma-src/include/vk_mem_alloc.h:15813:43: note: insert '_Nonnull' if the pointer should never be null
 15813 |     const VkPhysicalDeviceMemoryProperties** ppPhysicalDeviceMemoryProperties)
       |                                           ^
       |                                            _Nonnull
/Users/runner/work/PTVisionPro/PTVisionPro/build/deps/vma-src/include/vk_mem_alloc.h:15813:44: warning: pointer is missing a nullability type specifier (_Nonnull, _Nullable, or _Null_unspecified) [-Wnullability-completeness]
 15813 |     const VkPhysicalDeviceMemoryProperties** ppPhysicalDeviceMemoryProperties)
       |                                            ^
/Users/runner/work/PTVisionPro/PTVisionPro/build/deps/vma-src/include/vk_mem_alloc.h:15813:44: note: insert '_Nullable' if the pointer may be null
 15813 |     const VkPhysicalDeviceMemoryProperties** ppPhysicalDeviceMemoryProperties)
       |                                            ^
       |                                              _Nullable
/Users/runner/work/PTVisionPro/PTVisionPro/build/deps/vma-src/include/vk_mem_alloc.h:15813:44: note: insert '_Nonnull' if the pointer should never be null
 15813 |     const VkPhysicalDeviceMemoryProperties** ppPhysicalDeviceMemoryProperties)
       |                                            ^
       |                                              _Nonnull
/Users/runner/work/PTVisionPro/PTVisionPro/build/deps/vma-src/include/vk_mem_alloc.h:15820:5: warning: pointer is missing a nullability type specifier (_Nonnull, _Nullable, or _Null_unspecified) [-Wnullability-completeness]
 15820 |     VmaAllocator allocator,
       |     ^
/Users/runner/work/PTVisionPro/PTVisionPro/build/deps/vma-src/include/vk_mem_alloc.h:15820:5: note: insert '_Nullable' if the pointer may be null
 15820 |     VmaAllocator allocator,
       |     ^
       |                  _Nullable
/Users/runner/work/PTVisionPro/PTVisionPro/build/deps/vma-src/include/vk_mem_alloc.h:15820:5: note: insert '_Nonnull' if the pointer should never be null
 15820 |     VmaAllocator allocator,
       |     ^
       |                  _Nonnull
/Users/runner/work/PTVisionPro/PTVisionPro/build/deps/vma-src/include/vk_mem_alloc.h:15822:26: warning: pointer is missing a nullability type specifier (_Nonnull, _Nullable, or _Null_unspecified) [-Wnullability-completeness]
 15822 |     VkMemoryPropertyFlags* pFlags)
       |                          ^
/Users/runner/work/PTVisionPro/PTVisionPro/build/deps/vma-src/include/vk_mem_alloc.h:15822:26: note: insert '_Nullable' if the pointer may be null
 15822 |     VkMemoryPropertyFlags* pFlags)
       |                          ^
       |                            _Nullable
/Users/runner/work/PTVisionPro/PTVisionPro/build/deps/vma-src/include/vk_mem_alloc.h:15822:26: note: insert '_Nonnull' if the pointer should never be null
 15822 |     VkMemoryPropertyFlags* pFlags)
       |                          ^
       |                            _Nonnull
/Users/runner/work/PTVisionPro/PTVisionPro/build/deps/vma-src/include/vk_mem_alloc.h:15830:5: warning: pointer is missing a nullability type specifier (_Nonnull, _Nullable, or _Null_unspecified) [-Wnullability-completeness]
 15830 |     VmaAllocator allocator,
       |     ^
/Users/runner/work/PTVisionPro/PTVisionPro/build/deps/vma-src/include/vk_mem_alloc.h:15830:5: note: insert '_Nullable' if the pointer may be null
 15830 |     VmaAllocator allocator,
       |     ^
       |                  _Nullable
/Users/runner/work/PTVisionPro/PTVisionPro/build/deps/vma-src/include/vk_mem_alloc.h:15830:5: note: insert '_Nonnull' if the pointer should never be null
 15830 |     VmaAllocator allocator,
       |     ^
       |                  _Nonnull
/Users/runner/work/PTVisionPro/PTVisionPro/build/deps/vma-src/include/vk_mem_alloc.h:15841:5: warning: pointer is missing a nullability type specifier (_Nonnull, _Nullable, or _Null_unspecified) [-Wnullability-completeness]
 15841 |     VmaAllocator allocator,
       |     ^
/Users/runner/work/PTVisionPro/PTVisionPro/build/deps/vma-src/include/vk_mem_alloc.h:15841:5: note: insert '_Nullable' if the pointer may be null
 15841 |     VmaAllocator allocator,
       |     ^
       |                  _Nullable
/Users/runner/work/PTVisionPro/PTVisionPro/build/deps/vma-src/include/vk_mem_alloc.h:15841:5: note: insert '_Nonnull' if the pointer should never be null
 15841 |     VmaAllocator allocator,
       |     ^
       |                  _Nonnull
/Users/runner/work/PTVisionPro/PTVisionPro/build/deps/vma-src/include/vk_mem_alloc.h:15842:23: warning: pointer is missing a nullability type specifier (_Nonnull, _Nullable, or _Null_unspecified) [-Wnullability-completeness]
 15842 |     VmaTotalStatistics* pStats)
       |                       ^
/Users/runner/work/PTVisionPro/PTVisionPro/build/deps/vma-src/include/vk_mem_alloc.h:15842:23: note: insert '_Nullable' if the pointer may be null
 15842 |     VmaTotalStatistics* pStats)
       |                       ^
       |                         _Nullable
/Users/runner/work/PTVisionPro/PTVisionPro/build/deps/vma-src/include/vk_mem_alloc.h:15842:23: note: insert '_Nonnull' if the pointer should never be null
 15842 |     VmaTotalStatistics* pStats)
       |                       ^
       |                         _Nonnull
/Users/runner/work/PTVisionPro/PTVisionPro/build/deps/vma-src/include/vk_mem_alloc.h:15850:5: warning: pointer is missing a nullability type specifier (_Nonnull, _Nullable, or _Null_unspecified) [-Wnullability-completeness]
 15850 |     VmaAllocator allocator,
       |     ^
/Users/runner/work/PTVisionPro/PTVisionPro/build/deps/vma-src/include/vk_mem_alloc.h:15850:5: note: insert '_Nullable' if the pointer may be null
 15850 |     VmaAllocator allocator,
       |     ^
       |                  _Nullable
/Users/runner/work/PTVisionPro/PTVisionPro/build/deps/vma-src/include/vk_mem_alloc.h:15850:5: note: insert '_Nonnull' if the pointer should never be null
 15850 |     VmaAllocator allocator,
       |     ^
       |                  _Nonnull
/Users/runner/work/PTVisionPro/PTVisionPro/build/deps/vma-src/include/vk_mem_alloc.h:15851:14: warning: pointer is missing a nullability type specifier (_Nonnull, _Nullable, or _Null_unspecified) [-Wnullability-completeness]
 15851 |     VmaBudget* pBudgets)
       |              ^
/Users/runner/work/PTVisionPro/PTVisionPro/build/deps/vma-src/include/vk_mem_alloc.h:15851:14: note: insert '_Nullable' if the pointer may be null
 15851 |     VmaBudget* pBudgets)
       |              ^
       |                _Nullable
/Users/runner/work/PTVisionPro/PTVisionPro/build/deps/vma-src/include/vk_mem_alloc.h:15851:14: note: insert '_Nonnull' if the pointer should never be null
 15851 |     VmaBudget* pBudgets)
       |              ^
       |                _Nonnull
/Users/runner/work/PTVisionPro/PTVisionPro/build/deps/vma-src/include/vk_mem_alloc.h:15861:5: warning: pointer is missing a nullability type specifier (_Nonnull, _Nullable, or _Null_unspecified) [-Wnullability-completeness]
 15861 |     VmaAllocator allocator,
       |     ^
/Users/runner/work/PTVisionPro/PTVisionPro/build/deps/vma-src/include/vk_mem_alloc.h:15861:5: note: insert '_Nullable' if the pointer may be null
 15861 |     VmaAllocator allocator,
       |     ^
       |                  _Nullable
/Users/runner/work/PTVisionPro/PTVisionPro/build/deps/vma-src/include/vk_mem_alloc.h:15861:5: note: insert '_Nonnull' if the pointer should never be null
 15861 |     VmaAllocator allocator,
       |     ^
       |                  _Nonnull
/Users/runner/work/PTVisionPro/PTVisionPro/build/deps/vma-src/include/vk_mem_alloc.h:15862:9: warning: pointer is missing a nullability type specifier (_Nonnull, _Nullable, or _Null_unspecified) [-Wnullability-completeness]
 15862 |     char** ppStatsString,
       |         ^
/Users/runner/work/PTVisionPro/PTVisionPro/build/deps/vma-src/include/vk_mem_alloc.h:15862:9: note: insert '_Nullable' if the pointer may be null
 15862 |     char** ppStatsString,
       |         ^
       |          _Nullable
/Users/runner/work/PTVisionPro/PTVisionPro/build/deps/vma-src/include/vk_mem_alloc.h:15862:9: note: insert '_Nonnull' if the pointer should never be null
 15862 |     char** ppStatsString,
       |         ^
       |          _Nonnull
/Users/runner/work/PTVisionPro/PTVisionPro/build/deps/vma-src/include/vk_mem_alloc.h:15862:10: warning: pointer is missing a nullability type specifier (_Nonnull, _Nullable, or _Null_unspecified) [-Wnullability-completeness]
 15862 |     char** ppStatsString,
       |          ^
/Users/runner/work/PTVisionPro/PTVisionPro/build/deps/vma-src/include/vk_mem_alloc.h:15862:10: note: insert '_Nullable' if the pointer may be null
 15862 |     char** ppStatsString,
       |          ^
       |            _Nullable
/Users/runner/work/PTVisionPro/PTVisionPro/build/deps/vma-src/include/vk_mem_alloc.h:15862:10: note: insert '_Nonnull' if the pointer should never be null
 15862 |     char** ppStatsString,
       |          ^
       |            _Nonnull
/Users/runner/work/PTVisionPro/PTVisionPro/build/deps/vma-src/include/vk_mem_alloc.h:16048:5: warning: pointer is missing a nullability type specifier (_Nonnull, _Nullable, or _Null_unspecified) [-Wnullability-completeness]
 16048 |     VmaAllocator allocator,
       |     ^
/Users/runner/work/PTVisionPro/PTVisionPro/build/deps/vma-src/include/vk_mem_alloc.h:16048:5: note: insert '_Nullable' if the pointer may be null
 16048 |     VmaAllocator allocator,
       |     ^
       |                  _Nullable
/Users/runner/work/PTVisionPro/PTVisionPro/build/deps/vma-src/include/vk_mem_alloc.h:16048:5: note: insert '_Nonnull' if the pointer should never be null
 16048 |     VmaAllocator allocator,
       |     ^
       |                  _Nonnull
/Users/runner/work/PTVisionPro/PTVisionPro/build/deps/vma-src/include/vk_mem_alloc.h:16049:9: warning: pointer is missing a nullability type specifier (_Nonnull, _Nullable, or _Null_unspecified) [-Wnullability-completeness]
 16049 |     char* pStatsString)
       |         ^
/Users/runner/work/PTVisionPro/PTVisionPro/build/deps/vma-src/include/vk_mem_alloc.h:16049:9: note: insert '_Nullable' if the pointer may be null
 16049 |     char* pStatsString)
       |         ^
       |           _Nullable
/Users/runner/work/PTVisionPro/PTVisionPro/build/deps/vma-src/include/vk_mem_alloc.h:16049:9: note: insert '_Nonnull' if the pointer should never be null
 16049 |     char* pStatsString)
       |         ^
       |           _Nonnull
/Users/runner/work/PTVisionPro/PTVisionPro/build/deps/vma-src/include/vk_mem_alloc.h:16064:5: warning: pointer is missing a nullability type specifier (_Nonnull, _Nullable, or _Null_unspecified) [-Wnullability-completeness]
 16064 |     VmaAllocator allocator,
       |     ^
/Users/runner/work/PTVisionPro/PTVisionPro/build/deps/vma-src/include/vk_mem_alloc.h:16064:5: note: insert '_Nullable' if the pointer may be null
 16064 |     VmaAllocator allocator,
       |     ^
       |                  _Nullable
/Users/runner/work/PTVisionPro/PTVisionPro/build/deps/vma-src/include/vk_mem_alloc.h:16064:5: note: insert '_Nonnull' if the pointer should never be null
 16064 |     VmaAllocator allocator,
       |     ^
       |                  _Nonnull
/Users/runner/work/PTVisionPro/PTVisionPro/build/deps/vma-src/include/vk_mem_alloc.h:16066:34: warning: pointer is missing a nullability type specifier (_Nonnull, _Nullable, or _Null_unspecified) [-Wnullability-completeness]
 16066 |     const VmaAllocationCreateInfo* pAllocationCreateInfo,
       |                                  ^
/Users/runner/work/PTVisionPro/PTVisionPro/build/deps/vma-src/include/vk_mem_alloc.h:16066:34: note: insert '_Nullable' if the pointer may be null
 16066 |     const VmaAllocationCreateInfo* pAllocationCreateInfo,
       |                                  ^
       |                                    _Nullable
/Users/runner/work/PTVisionPro/PTVisionPro/build/deps/vma-src/include/vk_mem_alloc.h:16066:34: note: insert '_Nonnull' if the pointer should never be null
 16066 |     const VmaAllocationCreateInfo* pAllocationCreateInfo,
       |                                  ^
       |                                    _Nonnull
/Users/runner/work/PTVisionPro/PTVisionPro/build/deps/vma-src/include/vk_mem_alloc.h:16067:13: warning: pointer is missing a nullability type specifier (_Nonnull, _Nullable, or _Null_unspecified) [-Wnullability-completeness]
 16067 |     uint32_t* pMemoryTypeIndex)
       |             ^
/Users/runner/work/PTVisionPro/PTVisionPro/build/deps/vma-src/include/vk_mem_alloc.h:16067:13: note: insert '_Nullable' if the pointer may be null
 16067 |     uint32_t* pMemoryTypeIndex)
       |             ^
       |               _Nullable
/Users/runner/work/PTVisionPro/PTVisionPro/build/deps/vma-src/include/vk_mem_alloc.h:16067:13: note: insert '_Nonnull' if the pointer should never be null
 16067 |     uint32_t* pMemoryTypeIndex)
       |             ^
       |               _Nonnull
/Users/runner/work/PTVisionPro/PTVisionPro/build/deps/vma-src/include/vk_mem_alloc.h:16077:5: warning: pointer is missing a nullability type specifier (_Nonnull, _Nullable, or _Null_unspecified) [-Wnullability-completeness]
 16077 |     VmaAllocator allocator,
       |     ^
/Users/runner/work/PTVisionPro/PTVisionPro/build/deps/vma-src/include/vk_mem_alloc.h:16077:5: note: insert '_Nullable' if the pointer may be null
 16077 |     VmaAllocator allocator,
       |     ^
       |                  _Nullable
/Users/runner/work/PTVisionPro/PTVisionPro/build/deps/vma-src/include/vk_mem_alloc.h:16077:5: note: insert '_Nonnull' if the pointer should never be null
 16077 |     VmaAllocator allocator,
       |     ^
       |                  _Nonnull
/Users/runner/work/PTVisionPro/PTVisionPro/build/deps/vma-src/include/vk_mem_alloc.h:16078:29: warning: pointer is missing a nullability type specifier (_Nonnull, _Nullable, or _Null_unspecified) [-Wnullability-completeness]
 16078 |     const VkBufferCreateInfo* pBufferCreateInfo,
       |                             ^
/Users/runner/work/PTVisionPro/PTVisionPro/build/deps/vma-src/include/vk_mem_alloc.h:16078:29: note: insert '_Nullable' if the pointer may be null
 16078 |     const VkBufferCreateInfo* pBufferCreateInfo,
       |                             ^
       |                               _Nullable
/Users/runner/work/PTVisionPro/PTVisionPro/build/deps/vma-src/include/vk_mem_alloc.h:16078:29: note: insert '_Nonnull' if the pointer should never be null
 16078 |     const VkBufferCreateInfo* pBufferCreateInfo,
       |                             ^
       |                               _Nonnull
/Users/runner/work/PTVisionPro/PTVisionPro/build/deps/vma-src/include/vk_mem_alloc.h:16079:34: warning: pointer is missing a nullability type specifier (_Nonnull, _Nullable, or _Null_unspecified) [-Wnullability-completeness]
 16079 |     const VmaAllocationCreateInfo* pAllocationCreateInfo,
       |                                  ^
/Users/runner/work/PTVisionPro/PTVisionPro/build/deps/vma-src/include/vk_mem_alloc.h:16079:34: note: insert '_Nullable' if the pointer may be null
 16079 |     const VmaAllocationCreateInfo* pAllocationCreateInfo,
       |                                  ^
       |                                    _Nullable
/Users/runner/work/PTVisionPro/PTVisionPro/build/deps/vma-src/include/vk_mem_alloc.h:16079:34: note: insert '_Nonnull' if the pointer should never be null
 16079 |     const VmaAllocationCreateInfo* pAllocationCreateInfo,
       |                                  ^
       |                                    _Nonnull
/Users/runner/work/PTVisionPro/PTVisionPro/build/deps/vma-src/include/vk_mem_alloc.h:16080:13: warning: pointer is missing a nullability type specifier (_Nonnull, _Nullable, or _Null_unspecified) [-Wnullability-completeness]
 16080 |     uint32_t* pMemoryTypeIndex)
       |             ^
/Users/runner/work/PTVisionPro/PTVisionPro/build/deps/vma-src/include/vk_mem_alloc.h:16080:13: note: insert '_Nullable' if the pointer may be null
 16080 |     uint32_t* pMemoryTypeIndex)
       |             ^
       |               _Nullable
/Users/runner/work/PTVisionPro/PTVisionPro/build/deps/vma-src/include/vk_mem_alloc.h:16080:13: note: insert '_Nonnull' if the pointer should never be null
 16080 |     uint32_t* pMemoryTypeIndex)
       |             ^
       |               _Nonnull
/Users/runner/work/PTVisionPro/PTVisionPro/build/deps/vma-src/include/vk_mem_alloc.h:16128:5: warning: pointer is missing a nullability type specifier (_Nonnull, _Nullable, or _Null_unspecified) [-Wnullability-completeness]
 16128 |     VmaAllocator allocator,
       |     ^
/Users/runner/work/PTVisionPro/PTVisionPro/build/deps/vma-src/include/vk_mem_alloc.h:16128:5: note: insert '_Nullable' if the pointer may be null
 16128 |     VmaAllocator allocator,
       |     ^
       |                  _Nullable
/Users/runner/work/PTVisionPro/PTVisionPro/build/deps/vma-src/include/vk_mem_alloc.h:16128:5: note: insert '_Nonnull' if the pointer should never be null
 16128 |     VmaAllocator allocator,
       |     ^
       |                  _Nonnull
/Users/runner/work/PTVisionPro/PTVisionPro/build/deps/vma-src/include/vk_mem_alloc.h:16129:28: warning: pointer is missing a nullability type specifier (_Nonnull, _Nullable, or _Null_unspecified) [-Wnullability-completeness]
 16129 |     const VkImageCreateInfo* pImageCreateInfo,
       |                            ^
/Users/runner/work/PTVisionPro/PTVisionPro/build/deps/vma-src/include/vk_mem_alloc.h:16129:28: note: insert '_Nullable' if the pointer may be null
 16129 |     const VkImageCreateInfo* pImageCreateInfo,
       |                            ^
       |                              _Nullable
/Users/runner/work/PTVisionPro/PTVisionPro/build/deps/vma-src/include/vk_mem_alloc.h:16129:28: note: insert '_Nonnull' if the pointer should never be null
 16129 |     const VkImageCreateInfo* pImageCreateInfo,
       |                            ^
       |                              _Nonnull
/Users/runner/work/PTVisionPro/PTVisionPro/build/deps/vma-src/include/vk_mem_alloc.h:16130:34: warning: pointer is missing a nullability type specifier (_Nonnull, _Nullable, or _Null_unspecified) [-Wnullability-completeness]
 16130 |     const VmaAllocationCreateInfo* pAllocationCreateInfo,
       |                                  ^
/Users/runner/work/PTVisionPro/PTVisionPro/build/deps/vma-src/include/vk_mem_alloc.h:16130:34: note: insert '_Nullable' if the pointer may be null
 16130 |     const VmaAllocationCreateInfo* pAllocationCreateInfo,
       |                                  ^
       |                                    _Nullable
/Users/runner/work/PTVisionPro/PTVisionPro/build/deps/vma-src/include/vk_mem_alloc.h:16130:34: note: insert '_Nonnull' if the pointer should never be null
 16130 |     const VmaAllocationCreateInfo* pAllocationCreateInfo,
       |                                  ^
       |                                    _Nonnull
/Users/runner/work/PTVisionPro/PTVisionPro/build/deps/vma-src/include/vk_mem_alloc.h:16131:13: warning: pointer is missing a nullability type specifier (_Nonnull, _Nullable, or _Null_unspecified) [-Wnullability-completeness]
 16131 |     uint32_t* pMemoryTypeIndex)
       |             ^
/Users/runner/work/PTVisionPro/PTVisionPro/build/deps/vma-src/include/vk_mem_alloc.h:16131:13: note: insert '_Nullable' if the pointer may be null
 16131 |     uint32_t* pMemoryTypeIndex)
       |             ^
       |               _Nullable
/Users/runner/work/PTVisionPro/PTVisionPro/build/deps/vma-src/include/vk_mem_alloc.h:16131:13: note: insert '_Nonnull' if the pointer should never be null
 16131 |     uint32_t* pMemoryTypeIndex)
       |             ^
       |               _Nonnull
/Users/runner/work/PTVisionPro/PTVisionPro/build/deps/vma-src/include/vk_mem_alloc.h:16181:5: warning: pointer is missing a nullability type specifier (_Nonnull, _Nullable, or _Null_unspecified) [-Wnullability-completeness]
 16181 |     VmaAllocator allocator,
       |     ^
/Users/runner/work/PTVisionPro/PTVisionPro/build/deps/vma-src/include/vk_mem_alloc.h:16181:5: note: insert '_Nullable' if the pointer may be null
 16181 |     VmaAllocator allocator,
       |     ^
       |                  _Nullable
/Users/runner/work/PTVisionPro/PTVisionPro/build/deps/vma-src/include/vk_mem_alloc.h:16181:5: note: insert '_Nonnull' if the pointer should never be null
 16181 |     VmaAllocator allocator,
       |     ^
       |                  _Nonnull
/Users/runner/work/PTVisionPro/PTVisionPro/build/deps/vma-src/include/vk_mem_alloc.h:16182:28: warning: pointer is missing a nullability type specifier (_Nonnull, _Nullable, or _Null_unspecified) [-Wnullability-completeness]
 16182 |     const VmaPoolCreateInfo* pCreateInfo,
       |                            ^
/Users/runner/work/PTVisionPro/PTVisionPro/build/deps/vma-src/include/vk_mem_alloc.h:16182:28: note: insert '_Nullable' if the pointer may be null
 16182 |     const VmaPoolCreateInfo* pCreateInfo,
       |                            ^
       |                              _Nullable
/Users/runner/work/PTVisionPro/PTVisionPro/build/deps/vma-src/include/vk_mem_alloc.h:16182:28: note: insert '_Nonnull' if the pointer should never be null
 16182 |     const VmaPoolCreateInfo* pCreateInfo,
       |                            ^
       |                              _Nonnull
/Users/runner/work/PTVisionPro/PTVisionPro/build/deps/vma-src/include/vk_mem_alloc.h:16183:5: warning: pointer is missing a nullability type specifier (_Nonnull, _Nullable, or _Null_unspecified) [-Wnullability-completeness]
 16183 |     VmaPool* pPool)
       |     ^
/Users/runner/work/PTVisionPro/PTVisionPro/build/deps/vma-src/include/vk_mem_alloc.h:16183:5: note: insert '_Nullable' if the pointer may be null
 16183 |     VmaPool* pPool)
       |     ^      
       |             _Nullable 
/Users/runner/work/PTVisionPro/PTVisionPro/build/deps/vma-src/include/vk_mem_alloc.h:16183:5: note: insert '_Nonnull' if the pointer should never be null
 16183 |     VmaPool* pPool)
       |     ^      
       |             _Nonnull 
/Users/runner/work/PTVisionPro/PTVisionPro/build/deps/vma-src/include/vk_mem_alloc.h:16183:12: warning: pointer is missing a nullability type specifier (_Nonnull, _Nullable, or _Null_unspecified) [-Wnullability-completeness]
 16183 |     VmaPool* pPool)
       |            ^
/Users/runner/work/PTVisionPro/PTVisionPro/build/deps/vma-src/include/vk_mem_alloc.h:16183:12: note: insert '_Nullable' if the pointer may be null
 16183 |     VmaPool* pPool)
       |            ^
       |              _Nullable
/Users/runner/work/PTVisionPro/PTVisionPro/build/deps/vma-src/include/vk_mem_alloc.h:16183:12: note: insert '_Nonnull' if the pointer should never be null
 16183 |     VmaPool* pPool)
       |            ^
       |              _Nonnull
/Users/runner/work/PTVisionPro/PTVisionPro/build/deps/vma-src/include/vk_mem_alloc.h:16195:5: warning: pointer is missing a nullability type specifier (_Nonnull, _Nullable, or _Null_unspecified) [-Wnullability-completeness]
 16195 |     VmaAllocator allocator,
       |     ^
/Users/runner/work/PTVisionPro/PTVisionPro/build/deps/vma-src/include/vk_mem_alloc.h:16195:5: note: insert '_Nullable' if the pointer may be null
 16195 |     VmaAllocator allocator,
       |     ^
       |                  _Nullable
/Users/runner/work/PTVisionPro/PTVisionPro/build/deps/vma-src/include/vk_mem_alloc.h:16195:5: note: insert '_Nonnull' if the pointer should never be null
 16195 |     VmaAllocator allocator,
       |     ^
       |                  _Nonnull
/Users/runner/work/PTVisionPro/PTVisionPro/build/deps/vma-src/include/vk_mem_alloc.h:16196:5: warning: pointer is missing a nullability type specifier (_Nonnull, _Nullable, or _Null_unspecified) [-Wnullability-completeness]
 16196 |     VmaPool pool)
       |     ^
/Users/runner/work/PTVisionPro/PTVisionPro/build/deps/vma-src/include/vk_mem_alloc.h:16196:5: note: insert '_Nullable' if the pointer may be null
 16196 |     VmaPool pool)
       |     ^
       |             _Nullable
/Users/runner/work/PTVisionPro/PTVisionPro/build/deps/vma-src/include/vk_mem_alloc.h:16196:5: note: insert '_Nonnull' if the pointer should never be null
 16196 |     VmaPool pool)
       |     ^
       |             _Nonnull
/Users/runner/work/PTVisionPro/PTVisionPro/build/deps/vma-src/include/vk_mem_alloc.h:16213:5: warning: pointer is missing a nullability type specifier (_Nonnull, _Nullable, or _Null_unspecified) [-Wnullability-completeness]
 16213 |     VmaAllocator allocator,
       |     ^
/Users/runner/work/PTVisionPro/PTVisionPro/build/deps/vma-src/include/vk_mem_alloc.h:16213:5: note: insert '_Nullable' if the pointer may be null
 16213 |     VmaAllocator allocator,
       |     ^
       |                  _Nullable
/Users/runner/work/PTVisionPro/PTVisionPro/build/deps/vma-src/include/vk_mem_alloc.h:16213:5: note: insert '_Nonnull' if the pointer should never be null
 16213 |     VmaAllocator allocator,
       |     ^
       |                  _Nonnull
/Users/runner/work/PTVisionPro/PTVisionPro/build/deps/vma-src/include/vk_mem_alloc.h:16214:5: warning: pointer is missing a nullability type specifier (_Nonnull, _Nullable, or _Null_unspecified) [-Wnullability-completeness]
 16214 |     VmaPool pool,
       |     ^
/Users/runner/work/PTVisionPro/PTVisionPro/build/deps/vma-src/include/vk_mem_alloc.h:16214:5: note: insert '_Nullable' if the pointer may be null
 16214 |     VmaPool pool,
       |     ^
       |             _Nullable
/Users/runner/work/PTVisionPro/PTVisionPro/build/deps/vma-src/include/vk_mem_alloc.h:16214:5: note: insert '_Nonnull' if the pointer should never be null
 16214 |     VmaPool pool,
       |     ^
       |             _Nonnull
/Users/runner/work/PTVisionPro/PTVisionPro/build/deps/vma-src/include/vk_mem_alloc.h:16215:18: warning: pointer is missing a nullability type specifier (_Nonnull, _Nullable, or _Null_unspecified) [-Wnullability-completeness]
 16215 |     VmaStatistics* pPoolStats)
       |                  ^
/Users/runner/work/PTVisionPro/PTVisionPro/build/deps/vma-src/include/vk_mem_alloc.h:16215:18: note: insert '_Nullable' if the pointer may be null
 16215 |     VmaStatistics* pPoolStats)
       |                  ^
       |                    _Nullable
/Users/runner/work/PTVisionPro/PTVisionPro/build/deps/vma-src/include/vk_mem_alloc.h:16215:18: note: insert '_Nonnull' if the pointer should never be null
 16215 |     VmaStatistics* pPoolStats)
       |                  ^
       |                    _Nonnull
/Users/runner/work/PTVisionPro/PTVisionPro/build/deps/vma-src/include/vk_mem_alloc.h:16225:5: warning: pointer is missing a nullability type specifier (_Nonnull, _Nullable, or _Null_unspecified) [-Wnullability-completeness]
 16225 |     VmaAllocator allocator,
       |     ^
/Users/runner/work/PTVisionPro/PTVisionPro/build/deps/vma-src/include/vk_mem_alloc.h:16225:5: note: insert '_Nullable' if the pointer may be null
 16225 |     VmaAllocator allocator,
       |     ^
       |                  _Nullable
/Users/runner/work/PTVisionPro/PTVisionPro/build/deps/vma-src/include/vk_mem_alloc.h:16225:5: note: insert '_Nonnull' if the pointer should never be null
 16225 |     VmaAllocator allocator,
       |     ^
       |                  _Nonnull
/Users/runner/work/PTVisionPro/PTVisionPro/build/deps/vma-src/include/vk_mem_alloc.h:16226:5: warning: pointer is missing a nullability type specifier (_Nonnull, _Nullable, or _Null_unspecified) [-Wnullability-completeness]
 16226 |     VmaPool pool,
       |     ^
/Users/runner/work/PTVisionPro/PTVisionPro/build/deps/vma-src/include/vk_mem_alloc.h:16226:5: note: insert '_Nullable' if the pointer may be null
 16226 |     VmaPool pool,
       |     ^
       |             _Nullable
/Users/runner/work/PTVisionPro/PTVisionPro/build/deps/vma-src/include/vk_mem_alloc.h:16226:5: note: insert '_Nonnull' if the pointer should never be null
 16226 |     VmaPool pool,
       |     ^
       |             _Nonnull
/Users/runner/work/PTVisionPro/PTVisionPro/build/deps/vma-src/include/vk_mem_alloc.h:16227:26: warning: pointer is missing a nullability type specifier (_Nonnull, _Nullable, or _Null_unspecified) [-Wnullability-completeness]
 16227 |     VmaDetailedStatistics* pPoolStats)
       |                          ^
/Users/runner/work/PTVisionPro/PTVisionPro/build/deps/vma-src/include/vk_mem_alloc.h:16227:26: note: insert '_Nullable' if the pointer may be null
 16227 |     VmaDetailedStatistics* pPoolStats)
       |                          ^
       |                            _Nullable
/Users/runner/work/PTVisionPro/PTVisionPro/build/deps/vma-src/include/vk_mem_alloc.h:16227:26: note: insert '_Nonnull' if the pointer should never be null
 16227 |     VmaDetailedStatistics* pPoolStats)
       |                          ^
       |                            _Nonnull
/Users/runner/work/PTVisionPro/PTVisionPro/build/deps/vma-src/include/vk_mem_alloc.h:16236:60: warning: pointer is missing a nullability type specifier (_Nonnull, _Nullable, or _Null_unspecified) [-Wnullability-completeness]
 16236 | VMA_CALL_PRE VkResult VMA_CALL_POST vmaCheckPoolCorruption(VmaAllocator allocator, VmaPool pool)
       |                                                            ^
/Users/runner/work/PTVisionPro/PTVisionPro/build/deps/vma-src/include/vk_mem_alloc.h:16236:60: note: insert '_Nullable' if the pointer may be null
 16236 | VMA_CALL_PRE VkResult VMA_CALL_POST vmaCheckPoolCorruption(VmaAllocator allocator, VmaPool pool)
       |                                                            ^
       |                                                                         _Nullable
/Users/runner/work/PTVisionPro/PTVisionPro/build/deps/vma-src/include/vk_mem_alloc.h:16236:60: note: insert '_Nonnull' if the pointer should never be null
 16236 | VMA_CALL_PRE VkResult VMA_CALL_POST vmaCheckPoolCorruption(VmaAllocator allocator, VmaPool pool)
       |                                                            ^
       |                                                                         _Nonnull
/Users/runner/work/PTVisionPro/PTVisionPro/build/deps/vma-src/include/vk_mem_alloc.h:16236:84: warning: pointer is missing a nullability type specifier (_Nonnull, _Nullable, or _Null_unspecified) [-Wnullability-completeness]
 16236 | VMA_CALL_PRE VkResult VMA_CALL_POST vmaCheckPoolCorruption(VmaAllocator allocator, VmaPool pool)
       |                                                                                    ^
/Users/runner/work/PTVisionPro/PTVisionPro/build/deps/vma-src/include/vk_mem_alloc.h:16236:84: note: insert '_Nullable' if the pointer may be null
 16236 | VMA_CALL_PRE VkResult VMA_CALL_POST vmaCheckPoolCorruption(VmaAllocator allocator, VmaPool pool)
       |                                                                                    ^
       |                                                                                            _Nullable
/Users/runner/work/PTVisionPro/PTVisionPro/build/deps/vma-src/include/vk_mem_alloc.h:16236:84: note: insert '_Nonnull' if the pointer should never be null
 16236 | VMA_CALL_PRE VkResult VMA_CALL_POST vmaCheckPoolCorruption(VmaAllocator allocator, VmaPool pool)
       |                                                                                    ^
       |                                                                                            _Nonnull
/Users/runner/work/PTVisionPro/PTVisionPro/build/deps/vma-src/include/vk_mem_alloc.h:16248:5: warning: pointer is missing a nullability type specifier (_Nonnull, _Nullable, or _Null_unspecified) [-Wnullability-completeness]
 16248 |     VmaAllocator allocator,
       |     ^
/Users/runner/work/PTVisionPro/PTVisionPro/build/deps/vma-src/include/vk_mem_alloc.h:16248:5: note: insert '_Nullable' if the pointer may be null
 16248 |     VmaAllocator allocator,
       |     ^
       |                  _Nullable
/Users/runner/work/PTVisionPro/PTVisionPro/build/deps/vma-src/include/vk_mem_alloc.h:16248:5: note: insert '_Nonnull' if the pointer should never be null
 16248 |     VmaAllocator allocator,
       |     ^
       |                  _Nonnull
/Users/runner/work/PTVisionPro/PTVisionPro/build/deps/vma-src/include/vk_mem_alloc.h:16249:5: warning: pointer is missing a nullability type specifier (_Nonnull, _Nullable, or _Null_unspecified) [-Wnullability-completeness]
 16249 |     VmaPool pool,
       |     ^
/Users/runner/work/PTVisionPro/PTVisionPro/build/deps/vma-src/include/vk_mem_alloc.h:16249:5: note: insert '_Nullable' if the pointer may be null
 16249 |     VmaPool pool,
       |     ^
       |             _Nullable
/Users/runner/work/PTVisionPro/PTVisionPro/build/deps/vma-src/include/vk_mem_alloc.h:16249:5: note: insert '_Nonnull' if the pointer should never be null
 16249 |     VmaPool pool,
       |     ^
       |             _Nonnull
/Users/runner/work/PTVisionPro/PTVisionPro/build/deps/vma-src/include/vk_mem_alloc.h:16250:15: warning: pointer is missing a nullability type specifier (_Nonnull, _Nullable, or _Null_unspecified) [-Wnullability-completeness]
 16250 |     const char** ppName)
       |               ^
/Users/runner/work/PTVisionPro/PTVisionPro/build/deps/vma-src/include/vk_mem_alloc.h:16250:15: note: insert '_Nullable' if the pointer may be null
 16250 |     const char** ppName)
       |               ^
       |                _Nullable
/Users/runner/work/PTVisionPro/PTVisionPro/build/deps/vma-src/include/vk_mem_alloc.h:16250:15: note: insert '_Nonnull' if the pointer should never be null
 16250 |     const char** ppName)
       |               ^
       |                _Nonnull
/Users/runner/work/PTVisionPro/PTVisionPro/build/deps/vma-src/include/vk_mem_alloc.h:16250:16: warning: pointer is missing a nullability type specifier (_Nonnull, _Nullable, or _Null_unspecified) [-Wnullability-completeness]
 16250 |     const char** ppName)
       |                ^
/Users/runner/work/PTVisionPro/PTVisionPro/build/deps/vma-src/include/vk_mem_alloc.h:16250:16: note: insert '_Nullable' if the pointer may be null
 16250 |     const char** ppName)
       |                ^
       |                  _Nullable
/Users/runner/work/PTVisionPro/PTVisionPro/build/deps/vma-src/include/vk_mem_alloc.h:16250:16: note: insert '_Nonnull' if the pointer should never be null
 16250 |     const char** ppName)
       |                ^
       |                  _Nonnull
/Users/runner/work/PTVisionPro/PTVisionPro/build/deps/vma-src/include/vk_mem_alloc.h:16262:5: warning: pointer is missing a nullability type specifier (_Nonnull, _Nullable, or _Null_unspecified) [-Wnullability-completeness]
 16262 |     VmaAllocator allocator,
       |     ^
/Users/runner/work/PTVisionPro/PTVisionPro/build/deps/vma-src/include/vk_mem_alloc.h:16262:5: note: insert '_Nullable' if the pointer may be null
 16262 |     VmaAllocator allocator,
       |     ^
       |                  _Nullable
/Users/runner/work/PTVisionPro/PTVisionPro/build/deps/vma-src/include/vk_mem_alloc.h:16262:5: note: insert '_Nonnull' if the pointer should never be null
 16262 |     VmaAllocator allocator,
       |     ^
       |                  _Nonnull
/Users/runner/work/PTVisionPro/PTVisionPro/build/deps/vma-src/include/vk_mem_alloc.h:16263:5: warning: pointer is missing a nullability type specifier (_Nonnull, _Nullable, or _Null_unspecified) [-Wnullability-completeness]
 16263 |     VmaPool pool,
       |     ^
/Users/runner/work/PTVisionPro/PTVisionPro/build/deps/vma-src/include/vk_mem_alloc.h:16263:5: note: insert '_Nullable' if the pointer may be null
 16263 |     VmaPool pool,
       |     ^
       |             _Nullable
/Users/runner/work/PTVisionPro/PTVisionPro/build/deps/vma-src/include/vk_mem_alloc.h:16263:5: note: insert '_Nonnull' if the pointer should never be null
 16263 |     VmaPool pool,
       |     ^
       |             _Nonnull
/Users/runner/work/PTVisionPro/PTVisionPro/build/deps/vma-src/include/vk_mem_alloc.h:16264:15: warning: pointer is missing a nullability type specifier (_Nonnull, _Nullable, or _Null_unspecified) [-Wnullability-completeness]
 16264 |     const char* pName)
       |               ^
/Users/runner/work/PTVisionPro/PTVisionPro/build/deps/vma-src/include/vk_mem_alloc.h:16264:15: note: insert '_Nullable' if the pointer may be null
 16264 |     const char* pName)
       |               ^
       |                 _Nullable
/Users/runner/work/PTVisionPro/PTVisionPro/build/deps/vma-src/include/vk_mem_alloc.h:16264:15: note: insert '_Nonnull' if the pointer should never be null
 16264 |     const char* pName)
       |               ^
       |                 _Nonnull
/Users/runner/work/PTVisionPro/PTVisionPro/build/deps/vma-src/include/vk_mem_alloc.h:16276:5: warning: pointer is missing a nullability type specifier (_Nonnull, _Nullable, or _Null_unspecified) [-Wnullability-completeness]
 16276 |     VmaAllocator allocator,
       |     ^
/Users/runner/work/PTVisionPro/PTVisionPro/build/deps/vma-src/include/vk_mem_alloc.h:16276:5: note: insert '_Nullable' if the pointer may be null
 16276 |     VmaAllocator allocator,
       |     ^
       |                  _Nullable
/Users/runner/work/PTVisionPro/PTVisionPro/build/deps/vma-src/include/vk_mem_alloc.h:16276:5: note: insert '_Nonnull' if the pointer should never be null
 16276 |     VmaAllocator allocator,
       |     ^
       |                  _Nonnull
/Users/runner/work/PTVisionPro/PTVisionPro/build/deps/vma-src/include/vk_mem_alloc.h:16277:31: warning: pointer is missing a nullability type specifier (_Nonnull, _Nullable, or _Null_unspecified) [-Wnullability-completeness]
 16277 |     const VkMemoryRequirements* pVkMemoryRequirements,
       |                               ^
/Users/runner/work/PTVisionPro/PTVisionPro/build/deps/vma-src/include/vk_mem_alloc.h:16277:31: note: insert '_Nullable' if the pointer may be null
 16277 |     const VkMemoryRequirements* pVkMemoryRequirements,
       |                               ^
       |                                 _Nullable
/Users/runner/work/PTVisionPro/PTVisionPro/build/deps/vma-src/include/vk_mem_alloc.h:16277:31: note: insert '_Nonnull' if the pointer should never be null
 16277 |     const VkMemoryRequirements* pVkMemoryRequirements,
       |                               ^
       |                                 _Nonnull
/Users/runner/work/PTVisionPro/PTVisionPro/build/deps/vma-src/include/vk_mem_alloc.h:16278:34: warning: pointer is missing a nullability type specifier (_Nonnull, _Nullable, or _Null_unspecified) [-Wnullability-completeness]
 16278 |     const VmaAllocationCreateInfo* pCreateInfo,
       |                                  ^
/Users/runner/work/PTVisionPro/PTVisionPro/build/deps/vma-src/include/vk_mem_alloc.h:16278:34: note: insert '_Nullable' if the pointer may be null
 16278 |     const VmaAllocationCreateInfo* pCreateInfo,
       |                                  ^
       |                                    _Nullable
/Users/runner/work/PTVisionPro/PTVisionPro/build/deps/vma-src/include/vk_mem_alloc.h:16278:34: note: insert '_Nonnull' if the pointer should never be null
 16278 |     const VmaAllocationCreateInfo* pCreateInfo,
       |                                  ^
       |                                    _Nonnull
/Users/runner/work/PTVisionPro/PTVisionPro/build/deps/vma-src/include/vk_mem_alloc.h:16279:5: warning: pointer is missing a nullability type specifier (_Nonnull, _Nullable, or _Null_unspecified) [-Wnullability-completeness]
 16279 |     VmaAllocation* pAllocation,
       |     ^
/Users/runner/work/PTVisionPro/PTVisionPro/build/deps/vma-src/include/vk_mem_alloc.h:16279:5: note: insert '_Nullable' if the pointer may be null
 16279 |     VmaAllocation* pAllocation,
       |     ^            
       |                   _Nullable 
/Users/runner/work/PTVisionPro/PTVisionPro/build/deps/vma-src/include/vk_mem_alloc.h:16279:5: note: insert '_Nonnull' if the pointer should never be null
 16279 |     VmaAllocation* pAllocation,
       |     ^            
       |                   _Nonnull 
/Users/runner/work/PTVisionPro/PTVisionPro/build/deps/vma-src/include/vk_mem_alloc.h:16279:18: warning: pointer is missing a nullability type specifier (_Nonnull, _Nullable, or _Null_unspecified) [-Wnullability-completeness]
 16279 |     VmaAllocation* pAllocation,
       |                  ^
/Users/runner/work/PTVisionPro/PTVisionPro/build/deps/vma-src/include/vk_mem_alloc.h:16279:18: note: insert '_Nullable' if the pointer may be null
 16279 |     VmaAllocation* pAllocation,
       |                  ^
       |                    _Nullable
/Users/runner/work/PTVisionPro/PTVisionPro/build/deps/vma-src/include/vk_mem_alloc.h:16279:18: note: insert '_Nonnull' if the pointer should never be null
 16279 |     VmaAllocation* pAllocation,
       |                  ^
       |                    _Nonnull
/Users/runner/work/PTVisionPro/PTVisionPro/build/deps/vma-src/include/vk_mem_alloc.h:16280:22: warning: pointer is missing a nullability type specifier (_Nonnull, _Nullable, or _Null_unspecified) [-Wnullability-completeness]
 16280 |     VmaAllocationInfo* pAllocationInfo)
       |                      ^
/Users/runner/work/PTVisionPro/PTVisionPro/build/deps/vma-src/include/vk_mem_alloc.h:16280:22: note: insert '_Nullable' if the pointer may be null
 16280 |     VmaAllocationInfo* pAllocationInfo)
       |                      ^
       |                        _Nullable
/Users/runner/work/PTVisionPro/PTVisionPro/build/deps/vma-src/include/vk_mem_alloc.h:16280:22: note: insert '_Nonnull' if the pointer should never be null
 16280 |     VmaAllocationInfo* pAllocationInfo)
       |                      ^
       |                        _Nonnull
/Users/runner/work/PTVisionPro/PTVisionPro/build/deps/vma-src/include/vk_mem_alloc.h:16310:5: warning: pointer is missing a nullability type specifier (_Nonnull, _Nullable, or _Null_unspecified) [-Wnullability-completeness]
 16310 |     VmaAllocator allocator,
       |     ^
/Users/runner/work/PTVisionPro/PTVisionPro/build/deps/vma-src/include/vk_mem_alloc.h:16310:5: note: insert '_Nullable' if the pointer may be null
 16310 |     VmaAllocator allocator,
       |     ^
       |                  _Nullable
/Users/runner/work/PTVisionPro/PTVisionPro/build/deps/vma-src/include/vk_mem_alloc.h:16310:5: note: insert '_Nonnull' if the pointer should never be null
 16310 |     VmaAllocator allocator,
       |     ^
       |                  _Nonnull
/Users/runner/work/PTVisionPro/PTVisionPro/build/deps/vma-src/include/vk_mem_alloc.h:16311:31: warning: pointer is missing a nullability type specifier (_Nonnull, _Nullable, or _Null_unspecified) [-Wnullability-completeness]
 16311 |     const VkMemoryRequirements* pVkMemoryRequirements,
       |                               ^
/Users/runner/work/PTVisionPro/PTVisionPro/build/deps/vma-src/include/vk_mem_alloc.h:16311:31: note: insert '_Nullable' if the pointer may be null
 16311 |     const VkMemoryRequirements* pVkMemoryRequirements,
       |                               ^
       |                                 _Nullable
/Users/runner/work/PTVisionPro/PTVisionPro/build/deps/vma-src/include/vk_mem_alloc.h:16311:31: note: insert '_Nonnull' if the pointer should never be null
 16311 |     const VkMemoryRequirements* pVkMemoryRequirements,
       |                               ^
       |                                 _Nonnull
/Users/runner/work/PTVisionPro/PTVisionPro/build/deps/vma-src/include/vk_mem_alloc.h:16312:34: warning: pointer is missing a nullability type specifier (_Nonnull, _Nullable, or _Null_unspecified) [-Wnullability-completeness]
 16312 |     const VmaAllocationCreateInfo* pCreateInfo,
       |                                  ^
/Users/runner/work/PTVisionPro/PTVisionPro/build/deps/vma-src/include/vk_mem_alloc.h:16312:34: note: insert '_Nullable' if the pointer may be null
 16312 |     const VmaAllocationCreateInfo* pCreateInfo,
       |                                  ^
       |                                    _Nullable
/Users/runner/work/PTVisionPro/PTVisionPro/build/deps/vma-src/include/vk_mem_alloc.h:16312:34: note: insert '_Nonnull' if the pointer should never be null
 16312 |     const VmaAllocationCreateInfo* pCreateInfo,
       |                                  ^
       |                                    _Nonnull
/Users/runner/work/PTVisionPro/PTVisionPro/build/deps/vma-src/include/vk_mem_alloc.h:16313:9: warning: pointer is missing a nullability type specifier (_Nonnull, _Nullable, or _Null_unspecified) [-Wnullability-completeness]
 16313 |     void* pMemoryAllocateNext,
       |         ^
/Users/runner/work/PTVisionPro/PTVisionPro/build/deps/vma-src/include/vk_mem_alloc.h:16313:9: note: insert '_Nullable' if the pointer may be null
 16313 |     void* pMemoryAllocateNext,
       |         ^
       |           _Nullable
/Users/runner/work/PTVisionPro/PTVisionPro/build/deps/vma-src/include/vk_mem_alloc.h:16313:9: note: insert '_Nonnull' if the pointer should never be null
 16313 |     void* pMemoryAllocateNext,
       |         ^
       |           _Nonnull
/Users/runner/work/PTVisionPro/PTVisionPro/build/deps/vma-src/include/vk_mem_alloc.h:16314:5: warning: pointer is missing a nullability type specifier (_Nonnull, _Nullable, or _Null_unspecified) [-Wnullability-completeness]
 16314 |     VmaAllocation* pAllocation,
       |     ^
/Users/runner/work/PTVisionPro/PTVisionPro/build/deps/vma-src/include/vk_mem_alloc.h:16314:5: note: insert '_Nullable' if the pointer may be null
 16314 |     VmaAllocation* pAllocation,
       |     ^            
       |                   _Nullable 
/Users/runner/work/PTVisionPro/PTVisionPro/build/deps/vma-src/include/vk_mem_alloc.h:16314:5: note: insert '_Nonnull' if the pointer should never be null
 16314 |     VmaAllocation* pAllocation,
       |     ^            
       |                   _Nonnull 
/Users/runner/work/PTVisionPro/PTVisionPro/build/deps/vma-src/include/vk_mem_alloc.h:16314:18: warning: pointer is missing a nullability type specifier (_Nonnull, _Nullable, or _Null_unspecified) [-Wnullability-completeness]
 16314 |     VmaAllocation* pAllocation,
       |                  ^
/Users/runner/work/PTVisionPro/PTVisionPro/build/deps/vma-src/include/vk_mem_alloc.h:16314:18: note: insert '_Nullable' if the pointer may be null
 16314 |     VmaAllocation* pAllocation,
       |                  ^
       |                    _Nullable
/Users/runner/work/PTVisionPro/PTVisionPro/build/deps/vma-src/include/vk_mem_alloc.h:16314:18: note: insert '_Nonnull' if the pointer should never be null
 16314 |     VmaAllocation* pAllocation,
       |                  ^
       |                    _Nonnull
/Users/runner/work/PTVisionPro/PTVisionPro/build/deps/vma-src/include/vk_mem_alloc.h:16315:22: warning: pointer is missing a nullability type specifier (_Nonnull, _Nullable, or _Null_unspecified) [-Wnullability-completeness]
 16315 |     VmaAllocationInfo* pAllocationInfo)
       |                      ^
/Users/runner/work/PTVisionPro/PTVisionPro/build/deps/vma-src/include/vk_mem_alloc.h:16315:22: note: insert '_Nullable' if the pointer may be null
 16315 |     VmaAllocationInfo* pAllocationInfo)
       |                      ^
       |                        _Nullable
/Users/runner/work/PTVisionPro/PTVisionPro/build/deps/vma-src/include/vk_mem_alloc.h:16315:22: note: insert '_Nonnull' if the pointer should never be null
 16315 |     VmaAllocationInfo* pAllocationInfo)
       |                      ^
       |                        _Nonnull
/Users/runner/work/PTVisionPro/PTVisionPro/build/deps/vma-src/include/vk_mem_alloc.h:16345:5: warning: pointer is missing a nullability type specifier (_Nonnull, _Nullable, or _Null_unspecified) [-Wnullability-completeness]
 16345 |     VmaAllocator allocator,
       |     ^
/Users/runner/work/PTVisionPro/PTVisionPro/build/deps/vma-src/include/vk_mem_alloc.h:16345:5: note: insert '_Nullable' if the pointer may be null
 16345 |     VmaAllocator allocator,
       |     ^
       |                  _Nullable
/Users/runner/work/PTVisionPro/PTVisionPro/build/deps/vma-src/include/vk_mem_alloc.h:16345:5: note: insert '_Nonnull' if the pointer should never be null
 16345 |     VmaAllocator allocator,
       |     ^
       |                  _Nonnull
/Users/runner/work/PTVisionPro/PTVisionPro/build/deps/vma-src/include/vk_mem_alloc.h:16346:31: warning: pointer is missing a nullability type specifier (_Nonnull, _Nullable, or _Null_unspecified) [-Wnullability-completeness]
 16346 |     const VkMemoryRequirements* pVkMemoryRequirements,
       |                               ^
/Users/runner/work/PTVisionPro/PTVisionPro/build/deps/vma-src/include/vk_mem_alloc.h:16346:31: note: insert '_Nullable' if the pointer may be null
 16346 |     const VkMemoryRequirements* pVkMemoryRequirements,
       |                               ^
       |                                 _Nullable
/Users/runner/work/PTVisionPro/PTVisionPro/build/deps/vma-src/include/vk_mem_alloc.h:16346:31: note: insert '_Nonnull' if the pointer should never be null
 16346 |     const VkMemoryRequirements* pVkMemoryRequirements,
       |                               ^
       |                                 _Nonnull
/Users/runner/work/PTVisionPro/PTVisionPro/build/deps/vma-src/include/vk_mem_alloc.h:16347:34: warning: pointer is missing a nullability type specifier (_Nonnull, _Nullable, or _Null_unspecified) [-Wnullability-completeness]
 16347 |     const VmaAllocationCreateInfo* pCreateInfo,
       |                                  ^
/Users/runner/work/PTVisionPro/PTVisionPro/build/deps/vma-src/include/vk_mem_alloc.h:16347:34: note: insert '_Nullable' if the pointer may be null
 16347 |     const VmaAllocationCreateInfo* pCreateInfo,
       |                                  ^
       |                                    _Nullable
/Users/runner/work/PTVisionPro/PTVisionPro/build/deps/vma-src/include/vk_mem_alloc.h:16347:34: note: insert '_Nonnull' if the pointer should never be null
 16347 |     const VmaAllocationCreateInfo* pCreateInfo,
       |                                  ^
       |                                    _Nonnull
/Users/runner/work/PTVisionPro/PTVisionPro/build/deps/vma-src/include/vk_mem_alloc.h:16349:5: warning: pointer is missing a nullability type specifier (_Nonnull, _Nullable, or _Null_unspecified) [-Wnullability-completeness]
 16349 |     VmaAllocation* pAllocations,
       |     ^
/Users/runner/work/PTVisionPro/PTVisionPro/build/deps/vma-src/include/vk_mem_alloc.h:16349:5: note: insert '_Nullable' if the pointer may be null
 16349 |     VmaAllocation* pAllocations,
       |     ^            
       |                   _Nullable 
/Users/runner/work/PTVisionPro/PTVisionPro/build/deps/vma-src/include/vk_mem_alloc.h:16349:5: note: insert '_Nonnull' if the pointer should never be null
 16349 |     VmaAllocation* pAllocations,
       |     ^            
       |                   _Nonnull 
/Users/runner/work/PTVisionPro/PTVisionPro/build/deps/vma-src/include/vk_mem_alloc.h:16349:18: warning: pointer is missing a nullability type specifier (_Nonnull, _Nullable, or _Null_unspecified) [-Wnullability-completeness]
 16349 |     VmaAllocation* pAllocations,
       |                  ^
/Users/runner/work/PTVisionPro/PTVisionPro/build/deps/vma-src/include/vk_mem_alloc.h:16349:18: note: insert '_Nullable' if the pointer may be null
 16349 |     VmaAllocation* pAllocations,
       |                  ^
       |                    _Nullable
/Users/runner/work/PTVisionPro/PTVisionPro/build/deps/vma-src/include/vk_mem_alloc.h:16349:18: note: insert '_Nonnull' if the pointer should never be null
 16349 |     VmaAllocation* pAllocations,
       |                  ^
       |                    _Nonnull
/Users/runner/work/PTVisionPro/PTVisionPro/build/deps/vma-src/include/vk_mem_alloc.h:16350:22: warning: pointer is missing a nullability type specifier (_Nonnull, _Nullable, or _Null_unspecified) [-Wnullability-completeness]
 16350 |     VmaAllocationInfo* pAllocationInfo)
       |                      ^
/Users/runner/work/PTVisionPro/PTVisionPro/build/deps/vma-src/include/vk_mem_alloc.h:16350:22: note: insert '_Nullable' if the pointer may be null
 16350 |     VmaAllocationInfo* pAllocationInfo)
       |                      ^
       |                        _Nullable
/Users/runner/work/PTVisionPro/PTVisionPro/build/deps/vma-src/include/vk_mem_alloc.h:16350:22: note: insert '_Nonnull' if the pointer should never be null
 16350 |     VmaAllocationInfo* pAllocationInfo)
       |                      ^
       |                        _Nonnull
/Users/runner/work/PTVisionPro/PTVisionPro/build/deps/vma-src/include/vk_mem_alloc.h:16388:5: warning: pointer is missing a nullability type specifier (_Nonnull, _Nullable, or _Null_unspecified) [-Wnullability-completeness]
 16388 |     VmaAllocator allocator,
       |     ^
/Users/runner/work/PTVisionPro/PTVisionPro/build/deps/vma-src/include/vk_mem_alloc.h:16388:5: note: insert '_Nullable' if the pointer may be null
 16388 |     VmaAllocator allocator,
       |     ^
       |                  _Nullable
/Users/runner/work/PTVisionPro/PTVisionPro/build/deps/vma-src/include/vk_mem_alloc.h:16388:5: note: insert '_Nonnull' if the pointer should never be null
 16388 |     VmaAllocator allocator,
       |     ^
       |                  _Nonnull
/Users/runner/work/PTVisionPro/PTVisionPro/build/deps/vma-src/include/vk_mem_alloc.h:16389:5: warning: pointer is missing a nullability type specifier (_Nonnull, _Nullable, or _Null_unspecified) [-Wnullability-completeness]
 16389 |     VkBuffer buffer,
       |     ^
/Users/runner/work/PTVisionPro/PTVisionPro/build/deps/vma-src/include/vk_mem_alloc.h:16389:5: note: insert '_Nullable' if the pointer may be null
 16389 |     VkBuffer buffer,
       |     ^
       |              _Nullable
/Users/runner/work/PTVisionPro/PTVisionPro/build/deps/vma-src/include/vk_mem_alloc.h:16389:5: note: insert '_Nonnull' if the pointer should never be null
 16389 |     VkBuffer buffer,
       |     ^
       |              _Nonnull
/Users/runner/work/PTVisionPro/PTVisionPro/build/deps/vma-src/include/vk_mem_alloc.h:16390:34: warning: pointer is missing a nullability type specifier (_Nonnull, _Nullable, or _Null_unspecified) [-Wnullability-completeness]
 16390 |     const VmaAllocationCreateInfo* pCreateInfo,
       |                                  ^
/Users/runner/work/PTVisionPro/PTVisionPro/build/deps/vma-src/include/vk_mem_alloc.h:16390:34: note: insert '_Nullable' if the pointer may be null
 16390 |     const VmaAllocationCreateInfo* pCreateInfo,
       |                                  ^
       |                                    _Nullable
/Users/runner/work/PTVisionPro/PTVisionPro/build/deps/vma-src/include/vk_mem_alloc.h:16390:34: note: insert '_Nonnull' if the pointer should never be null
 16390 |     const VmaAllocationCreateInfo* pCreateInfo,
       |                                  ^
       |                                    _Nonnull
/Users/runner/work/PTVisionPro/PTVisionPro/build/deps/vma-src/include/vk_mem_alloc.h:16391:5: warning: pointer is missing a nullability type specifier (_Nonnull, _Nullable, or _Null_unspecified) [-Wnullability-completeness]
 16391 |     VmaAllocation* pAllocation,
       |     ^
/Users/runner/work/PTVisionPro/PTVisionPro/build/deps/vma-src/include/vk_mem_alloc.h:16391:5: note: insert '_Nullable' if the pointer may be null
 16391 |     VmaAllocation* pAllocation,
       |     ^            
       |                   _Nullable 
/Users/runner/work/PTVisionPro/PTVisionPro/build/deps/vma-src/include/vk_mem_alloc.h:16391:5: note: insert '_Nonnull' if the pointer should never be null
 16391 |     VmaAllocation* pAllocation,
       |     ^            
       |                   _Nonnull 
/Users/runner/work/PTVisionPro/PTVisionPro/build/deps/vma-src/include/vk_mem_alloc.h:16391:18: warning: pointer is missing a nullability type specifier (_Nonnull, _Nullable, or _Null_unspecified) [-Wnullability-completeness]
 16391 |     VmaAllocation* pAllocation,
       |                  ^
/Users/runner/work/PTVisionPro/PTVisionPro/build/deps/vma-src/include/vk_mem_alloc.h:16391:18: note: insert '_Nullable' if the pointer may be null
 16391 |     VmaAllocation* pAllocation,
       |                  ^
       |                    _Nullable
/Users/runner/work/PTVisionPro/PTVisionPro/build/deps/vma-src/include/vk_mem_alloc.h:16391:18: note: insert '_Nonnull' if the pointer should never be null
 16391 |     VmaAllocation* pAllocation,
       |                  ^
       |                    _Nonnull
/Users/runner/work/PTVisionPro/PTVisionPro/build/deps/vma-src/include/vk_mem_alloc.h:16392:22: warning: pointer is missing a nullability type specifier (_Nonnull, _Nullable, or _Null_unspecified) [-Wnullability-completeness]
 16392 |     VmaAllocationInfo* pAllocationInfo)
       |                      ^
/Users/runner/work/PTVisionPro/PTVisionPro/build/deps/vma-src/include/vk_mem_alloc.h:16392:22: note: insert '_Nullable' if the pointer may be null
 16392 |     VmaAllocationInfo* pAllocationInfo)
       |                      ^
       |                        _Nullable
/Users/runner/work/PTVisionPro/PTVisionPro/build/deps/vma-src/include/vk_mem_alloc.h:16392:22: note: insert '_Nonnull' if the pointer should never be null
 16392 |     VmaAllocationInfo* pAllocationInfo)
       |                      ^
       |                        _Nonnull
/Users/runner/work/PTVisionPro/PTVisionPro/build/deps/vma-src/include/vk_mem_alloc.h:16429:5: warning: pointer is missing a nullability type specifier (_Nonnull, _Nullable, or _Null_unspecified) [-Wnullability-completeness]
 16429 |     VmaAllocator allocator,
       |     ^
/Users/runner/work/PTVisionPro/PTVisionPro/build/deps/vma-src/include/vk_mem_alloc.h:16429:5: note: insert '_Nullable' if the pointer may be null
 16429 |     VmaAllocator allocator,
       |     ^
       |                  _Nullable
/Users/runner/work/PTVisionPro/PTVisionPro/build/deps/vma-src/include/vk_mem_alloc.h:16429:5: note: insert '_Nonnull' if the pointer should never be null
 16429 |     VmaAllocator allocator,
       |     ^
       |                  _Nonnull
/Users/runner/work/PTVisionPro/PTVisionPro/build/deps/vma-src/include/vk_mem_alloc.h:16430:5: warning: pointer is missing a nullability type specifier (_Nonnull, _Nullable, or _Null_unspecified) [-Wnullability-completeness]
 16430 |     VkImage image,
       |     ^
/Users/runner/work/PTVisionPro/PTVisionPro/build/deps/vma-src/include/vk_mem_alloc.h:16430:5: note: insert '_Nullable' if the pointer may be null
 16430 |     VkImage image,
       |     ^
       |             _Nullable
/Users/runner/work/PTVisionPro/PTVisionPro/build/deps/vma-src/include/vk_mem_alloc.h:16430:5: note: insert '_Nonnull' if the pointer should never be null
 16430 |     VkImage image,
       |     ^
       |             _Nonnull
/Users/runner/work/PTVisionPro/PTVisionPro/build/deps/vma-src/include/vk_mem_alloc.h:16431:34: warning: pointer is missing a nullability type specifier (_Nonnull, _Nullable, or _Null_unspecified) [-Wnullability-completeness]
 16431 |     const VmaAllocationCreateInfo* pCreateInfo,
       |                                  ^
/Users/runner/work/PTVisionPro/PTVisionPro/build/deps/vma-src/include/vk_mem_alloc.h:16431:34: note: insert '_Nullable' if the pointer may be null
 16431 |     const VmaAllocationCreateInfo* pCreateInfo,
       |                                  ^
       |                                    _Nullable
/Users/runner/work/PTVisionPro/PTVisionPro/build/deps/vma-src/include/vk_mem_alloc.h:16431:34: note: insert '_Nonnull' if the pointer should never be null
 16431 |     const VmaAllocationCreateInfo* pCreateInfo,
       |                                  ^
       |                                    _Nonnull
/Users/runner/work/PTVisionPro/PTVisionPro/build/deps/vma-src/include/vk_mem_alloc.h:16432:5: warning: pointer is missing a nullability type specifier (_Nonnull, _Nullable, or _Null_unspecified) [-Wnullability-completeness]
 16432 |     VmaAllocation* pAllocation,
       |     ^
/Users/runner/work/PTVisionPro/PTVisionPro/build/deps/vma-src/include/vk_mem_alloc.h:16432:5: note: insert '_Nullable' if the pointer may be null
 16432 |     VmaAllocation* pAllocation,
       |     ^            
       |                   _Nullable 
/Users/runner/work/PTVisionPro/PTVisionPro/build/deps/vma-src/include/vk_mem_alloc.h:16432:5: note: insert '_Nonnull' if the pointer should never be null
 16432 |     VmaAllocation* pAllocation,
       |     ^            
       |                   _Nonnull 
/Users/runner/work/PTVisionPro/PTVisionPro/build/deps/vma-src/include/vk_mem_alloc.h:16432:18: warning: pointer is missing a nullability type specifier (_Nonnull, _Nullable, or _Null_unspecified) [-Wnullability-completeness]
 16432 |     VmaAllocation* pAllocation,
       |                  ^
/Users/runner/work/PTVisionPro/PTVisionPro/build/deps/vma-src/include/vk_mem_alloc.h:16432:18: note: insert '_Nullable' if the pointer may be null
 16432 |     VmaAllocation* pAllocation,
       |                  ^
       |                    _Nullable
/Users/runner/work/PTVisionPro/PTVisionPro/build/deps/vma-src/include/vk_mem_alloc.h:16432:18: note: insert '_Nonnull' if the pointer should never be null
 16432 |     VmaAllocation* pAllocation,
       |                  ^
       |                    _Nonnull
/Users/runner/work/PTVisionPro/PTVisionPro/build/deps/vma-src/include/vk_mem_alloc.h:16433:22: warning: pointer is missing a nullability type specifier (_Nonnull, _Nullable, or _Null_unspecified) [-Wnullability-completeness]
 16433 |     VmaAllocationInfo* pAllocationInfo)
       |                      ^
/Users/runner/work/PTVisionPro/PTVisionPro/build/deps/vma-src/include/vk_mem_alloc.h:16433:22: note: insert '_Nullable' if the pointer may be null
 16433 |     VmaAllocationInfo* pAllocationInfo)
       |                      ^
       |                        _Nullable
/Users/runner/work/PTVisionPro/PTVisionPro/build/deps/vma-src/include/vk_mem_alloc.h:16433:22: note: insert '_Nonnull' if the pointer should never be null
 16433 |     VmaAllocationInfo* pAllocationInfo)
       |                      ^
       |                        _Nonnull
/Users/runner/work/PTVisionPro/PTVisionPro/build/deps/vma-src/include/vk_mem_alloc.h:16469:5: warning: pointer is missing a nullability type specifier (_Nonnull, _Nullable, or _Null_unspecified) [-Wnullability-completeness]
 16469 |     VmaAllocator allocator,
       |     ^
/Users/runner/work/PTVisionPro/PTVisionPro/build/deps/vma-src/include/vk_mem_alloc.h:16469:5: note: insert '_Nullable' if the pointer may be null
 16469 |     VmaAllocator allocator,
       |     ^
       |                  _Nullable
/Users/runner/work/PTVisionPro/PTVisionPro/build/deps/vma-src/include/vk_mem_alloc.h:16469:5: note: insert '_Nonnull' if the pointer should never be null
 16469 |     VmaAllocator allocator,
       |     ^
       |                  _Nonnull
/Users/runner/work/PTVisionPro/PTVisionPro/build/deps/vma-src/include/vk_mem_alloc.h:16470:5: warning: pointer is missing a nullability type specifier (_Nonnull, _Nullable, or _Null_unspecified) [-Wnullability-completeness]
 16470 |     VmaAllocation allocation)
       |     ^
/Users/runner/work/PTVisionPro/PTVisionPro/build/deps/vma-src/include/vk_mem_alloc.h:16470:5: note: insert '_Nullable' if the pointer may be null
 16470 |     VmaAllocation allocation)
       |     ^
       |                   _Nullable
/Users/runner/work/PTVisionPro/PTVisionPro/build/deps/vma-src/include/vk_mem_alloc.h:16470:5: note: insert '_Nonnull' if the pointer should never be null
 16470 |     VmaAllocation allocation)
       |     ^
       |                   _Nonnull
/Users/runner/work/PTVisionPro/PTVisionPro/build/deps/vma-src/include/vk_mem_alloc.h:16489:5: warning: pointer is missing a nullability type specifier (_Nonnull, _Nullable, or _Null_unspecified) [-Wnullability-completeness]
 16489 |     VmaAllocator allocator,
       |     ^
/Users/runner/work/PTVisionPro/PTVisionPro/build/deps/vma-src/include/vk_mem_alloc.h:16489:5: note: insert '_Nullable' if the pointer may be null
 16489 |     VmaAllocator allocator,
       |     ^
       |                  _Nullable
/Users/runner/work/PTVisionPro/PTVisionPro/build/deps/vma-src/include/vk_mem_alloc.h:16489:5: note: insert '_Nonnull' if the pointer should never be null
 16489 |     VmaAllocator allocator,
       |     ^
       |                  _Nonnull
/Users/runner/work/PTVisionPro/PTVisionPro/build/deps/vma-src/include/vk_mem_alloc.h:16491:11: warning: pointer is missing a nullability type specifier (_Nonnull, _Nullable, or _Null_unspecified) [-Wnullability-completeness]
 16491 |     const VmaAllocation* pAllocations)
       |           ^
/Users/runner/work/PTVisionPro/PTVisionPro/build/deps/vma-src/include/vk_mem_alloc.h:16491:11: note: insert '_Nullable' if the pointer may be null
 16491 |     const VmaAllocation* pAllocations)
       |           ^            
       |                         _Nullable 
/Users/runner/work/PTVisionPro/PTVisionPro/build/deps/vma-src/include/vk_mem_alloc.h:16491:11: note: insert '_Nonnull' if the pointer should never be null
 16491 |     const VmaAllocation* pAllocations)
       |           ^            
       |                         _Nonnull 
/Users/runner/work/PTVisionPro/PTVisionPro/build/deps/vma-src/include/vk_mem_alloc.h:16491:24: warning: pointer is missing a nullability type specifier (_Nonnull, _Nullable, or _Null_unspecified) [-Wnullability-completeness]
 16491 |     const VmaAllocation* pAllocations)
       |                        ^
/Users/runner/work/PTVisionPro/PTVisionPro/build/deps/vma-src/include/vk_mem_alloc.h:16491:24: note: insert '_Nullable' if the pointer may be null
 16491 |     const VmaAllocation* pAllocations)
       |                        ^
       |                          _Nullable
/Users/runner/work/PTVisionPro/PTVisionPro/build/deps/vma-src/include/vk_mem_alloc.h:16491:24: note: insert '_Nonnull' if the pointer should never be null
 16491 |     const VmaAllocation* pAllocations)
       |                        ^
       |                          _Nonnull
/Users/runner/work/PTVisionPro/PTVisionPro/build/deps/vma-src/include/vk_mem_alloc.h:16508:5: warning: pointer is missing a nullability type specifier (_Nonnull, _Nullable, or _Null_unspecified) [-Wnullability-completeness]
 16508 |     VmaAllocator allocator,
       |     ^
/Users/runner/work/PTVisionPro/PTVisionPro/build/deps/vma-src/include/vk_mem_alloc.h:16508:5: note: insert '_Nullable' if the pointer may be null
 16508 |     VmaAllocator allocator,
       |     ^
       |                  _Nullable
/Users/runner/work/PTVisionPro/PTVisionPro/build/deps/vma-src/include/vk_mem_alloc.h:16508:5: note: insert '_Nonnull' if the pointer should never be null
 16508 |     VmaAllocator allocator,
       |     ^
       |                  _Nonnull
/Users/runner/work/PTVisionPro/PTVisionPro/build/deps/vma-src/include/vk_mem_alloc.h:16509:5: warning: pointer is missing a nullability type specifier (_Nonnull, _Nullable, or _Null_unspecified) [-Wnullability-completeness]
 16509 |     VmaAllocation allocation,
       |     ^
/Users/runner/work/PTVisionPro/PTVisionPro/build/deps/vma-src/include/vk_mem_alloc.h:16509:5: note: insert '_Nullable' if the pointer may be null
 16509 |     VmaAllocation allocation,
       |     ^
       |                   _Nullable
/Users/runner/work/PTVisionPro/PTVisionPro/build/deps/vma-src/include/vk_mem_alloc.h:16509:5: note: insert '_Nonnull' if the pointer should never be null
 16509 |     VmaAllocation allocation,
       |     ^
       |                   _Nonnull
/Users/runner/work/PTVisionPro/PTVisionPro/build/deps/vma-src/include/vk_mem_alloc.h:16510:22: warning: pointer is missing a nullability type specifier (_Nonnull, _Nullable, or _Null_unspecified) [-Wnullability-completeness]
 16510 |     VmaAllocationInfo* pAllocationInfo)
       |                      ^
/Users/runner/work/PTVisionPro/PTVisionPro/build/deps/vma-src/include/vk_mem_alloc.h:16510:22: note: insert '_Nullable' if the pointer may be null
 16510 |     VmaAllocationInfo* pAllocationInfo)
       |                      ^
       |                        _Nullable
/Users/runner/work/PTVisionPro/PTVisionPro/build/deps/vma-src/include/vk_mem_alloc.h:16510:22: note: insert '_Nonnull' if the pointer should never be null
 16510 |     VmaAllocationInfo* pAllocationInfo)
       |                      ^
       |                        _Nonnull
/Users/runner/work/PTVisionPro/PTVisionPro/build/deps/vma-src/include/vk_mem_alloc.h:16520:5: warning: pointer is missing a nullability type specifier (_Nonnull, _Nullable, or _Null_unspecified) [-Wnullability-completeness]
 16520 |     VmaAllocator allocator,
       |     ^
/Users/runner/work/PTVisionPro/PTVisionPro/build/deps/vma-src/include/vk_mem_alloc.h:16520:5: note: insert '_Nullable' if the pointer may be null
 16520 |     VmaAllocator allocator,
       |     ^
       |                  _Nullable
/Users/runner/work/PTVisionPro/PTVisionPro/build/deps/vma-src/include/vk_mem_alloc.h:16520:5: note: insert '_Nonnull' if the pointer should never be null
 16520 |     VmaAllocator allocator,
       |     ^
       |                  _Nonnull
/Users/runner/work/PTVisionPro/PTVisionPro/build/deps/vma-src/include/vk_mem_alloc.h:16521:5: warning: pointer is missing a nullability type specifier (_Nonnull, _Nullable, or _Null_unspecified) [-Wnullability-completeness]
 16521 |     VmaAllocation allocation,
       |     ^
/Users/runner/work/PTVisionPro/PTVisionPro/build/deps/vma-src/include/vk_mem_alloc.h:16521:5: note: insert '_Nullable' if the pointer may be null
 16521 |     VmaAllocation allocation,
       |     ^
       |                   _Nullable
/Users/runner/work/PTVisionPro/PTVisionPro/build/deps/vma-src/include/vk_mem_alloc.h:16521:5: note: insert '_Nonnull' if the pointer should never be null
 16521 |     VmaAllocation allocation,
       |     ^
       |                   _Nonnull
/Users/runner/work/PTVisionPro/PTVisionPro/build/deps/vma-src/include/vk_mem_alloc.h:16522:23: warning: pointer is missing a nullability type specifier (_Nonnull, _Nullable, or _Null_unspecified) [-Wnullability-completeness]
 16522 |     VmaAllocationInfo2* pAllocationInfo)
       |                       ^
/Users/runner/work/PTVisionPro/PTVisionPro/build/deps/vma-src/include/vk_mem_alloc.h:16522:23: note: insert '_Nullable' if the pointer may be null
 16522 |     VmaAllocationInfo2* pAllocationInfo)
       |                       ^
       |                         _Nullable
/Users/runner/work/PTVisionPro/PTVisionPro/build/deps/vma-src/include/vk_mem_alloc.h:16522:23: note: insert '_Nonnull' if the pointer should never be null
 16522 |     VmaAllocationInfo2* pAllocationInfo)
       |                       ^
       |                         _Nonnull
/Users/runner/work/PTVisionPro/PTVisionPro/build/deps/vma-src/include/vk_mem_alloc.h:16532:5: warning: pointer is missing a nullability type specifier (_Nonnull, _Nullable, or _Null_unspecified) [-Wnullability-completeness]
 16532 |     VmaAllocator allocator,
       |     ^
/Users/runner/work/PTVisionPro/PTVisionPro/build/deps/vma-src/include/vk_mem_alloc.h:16532:5: note: insert '_Nullable' if the pointer may be null
 16532 |     VmaAllocator allocator,
       |     ^
       |                  _Nullable
/Users/runner/work/PTVisionPro/PTVisionPro/build/deps/vma-src/include/vk_mem_alloc.h:16532:5: note: insert '_Nonnull' if the pointer should never be null
 16532 |     VmaAllocator allocator,
       |     ^
       |                  _Nonnull
/Users/runner/work/PTVisionPro/PTVisionPro/build/deps/vma-src/include/vk_mem_alloc.h:16533:5: warning: pointer is missing a nullability type specifier (_Nonnull, _Nullable, or _Null_unspecified) [-Wnullability-completeness]
 16533 |     VmaAllocation allocation,
       |     ^
/Users/runner/work/PTVisionPro/PTVisionPro/build/deps/vma-src/include/vk_mem_alloc.h:16533:5: note: insert '_Nullable' if the pointer may be null
 16533 |     VmaAllocation allocation,
       |     ^
       |                   _Nullable
/Users/runner/work/PTVisionPro/PTVisionPro/build/deps/vma-src/include/vk_mem_alloc.h:16533:5: note: insert '_Nonnull' if the pointer should never be null
 16533 |     VmaAllocation allocation,
       |     ^
       |                   _Nonnull
/Users/runner/work/PTVisionPro/PTVisionPro/build/deps/vma-src/include/vk_mem_alloc.h:16534:9: warning: pointer is missing a nullability type specifier (_Nonnull, _Nullable, or _Null_unspecified) [-Wnullability-completeness]
 16534 |     void* pUserData)
       |         ^
/Users/runner/work/PTVisionPro/PTVisionPro/build/deps/vma-src/include/vk_mem_alloc.h:16534:9: note: insert '_Nullable' if the pointer may be null
 16534 |     void* pUserData)
       |         ^
       |           _Nullable
/Users/runner/work/PTVisionPro/PTVisionPro/build/deps/vma-src/include/vk_mem_alloc.h:16534:9: note: insert '_Nonnull' if the pointer should never be null
 16534 |     void* pUserData)
       |         ^
       |           _Nonnull
/Users/runner/work/PTVisionPro/PTVisionPro/build/deps/vma-src/include/vk_mem_alloc.h:16562:5: warning: pointer is missing a nullability type specifier (_Nonnull, _Nullable, or _Null_unspecified) [-Wnullability-completeness]
 16562 |     VmaAllocator allocator,
       |     ^
/Users/runner/work/PTVisionPro/PTVisionPro/build/deps/vma-src/include/vk_mem_alloc.h:16562:5: note: insert '_Nullable' if the pointer may be null
 16562 |     VmaAllocator allocator,
       |     ^
       |                  _Nullable
/Users/runner/work/PTVisionPro/PTVisionPro/build/deps/vma-src/include/vk_mem_alloc.h:16562:5: note: insert '_Nonnull' if the pointer should never be null
 16562 |     VmaAllocator allocator,
       |     ^
       |                  _Nonnull
/Users/runner/work/PTVisionPro/PTVisionPro/build/deps/vma-src/include/vk_mem_alloc.h:16563:5: warning: pointer is missing a nullability type specifier (_Nonnull, _Nullable, or _Null_unspecified) [-Wnullability-completeness]
 16563 |     VmaAllocation allocation,
       |     ^
/Users/runner/work/PTVisionPro/PTVisionPro/build/deps/vma-src/include/vk_mem_alloc.h:16563:5: note: insert '_Nullable' if the pointer may be null
 16563 |     VmaAllocation allocation,
       |     ^
       |                   _Nullable
/Users/runner/work/PTVisionPro/PTVisionPro/build/deps/vma-src/include/vk_mem_alloc.h:16563:5: note: insert '_Nonnull' if the pointer should never be null
 16563 |     VmaAllocation allocation,
       |     ^
       |                   _Nonnull
/Users/runner/work/PTVisionPro/PTVisionPro/build/deps/vma-src/include/vk_mem_alloc.h:16564:9: warning: pointer is missing a nullability type specifier (_Nonnull, _Nullable, or _Null_unspecified) [-Wnullability-completeness]
 16564 |     void** ppData)
       |         ^
/Users/runner/work/PTVisionPro/PTVisionPro/build/deps/vma-src/include/vk_mem_alloc.h:16564:9: note: insert '_Nullable' if the pointer may be null
 16564 |     void** ppData)
       |         ^
       |          _Nullable
/Users/runner/work/PTVisionPro/PTVisionPro/build/deps/vma-src/include/vk_mem_alloc.h:16564:9: note: insert '_Nonnull' if the pointer should never be null
 16564 |     void** ppData)
       |         ^
       |          _Nonnull
/Users/runner/work/PTVisionPro/PTVisionPro/build/deps/vma-src/include/vk_mem_alloc.h:16564:10: warning: pointer is missing a nullability type specifier (_Nonnull, _Nullable, or _Null_unspecified) [-Wnullability-completeness]
 16564 |     void** ppData)
       |          ^
/Users/runner/work/PTVisionPro/PTVisionPro/build/deps/vma-src/include/vk_mem_alloc.h:16564:10: note: insert '_Nullable' if the pointer may be null
 16564 |     void** ppData)
       |          ^
       |            _Nullable
/Users/runner/work/PTVisionPro/PTVisionPro/build/deps/vma-src/include/vk_mem_alloc.h:16564:10: note: insert '_Nonnull' if the pointer should never be null
 16564 |     void** ppData)
       |          ^
       |            _Nonnull
/Users/runner/work/PTVisionPro/PTVisionPro/build/deps/vma-src/include/vk_mem_alloc.h:16574:5: warning: pointer is missing a nullability type specifier (_Nonnull, _Nullable, or _Null_unspecified) [-Wnullability-completeness]
 16574 |     VmaAllocator allocator,
       |     ^
/Users/runner/work/PTVisionPro/PTVisionPro/build/deps/vma-src/include/vk_mem_alloc.h:16574:5: note: insert '_Nullable' if the pointer may be null
 16574 |     VmaAllocator allocator,
       |     ^
       |                  _Nullable
/Users/runner/work/PTVisionPro/PTVisionPro/build/deps/vma-src/include/vk_mem_alloc.h:16574:5: note: insert '_Nonnull' if the pointer should never be null
 16574 |     VmaAllocator allocator,
       |     ^
       |                  _Nonnull
/Users/runner/work/PTVisionPro/PTVisionPro/build/deps/vma-src/include/vk_mem_alloc.h:16575:5: warning: pointer is missing a nullability type specifier (_Nonnull, _Nullable, or _Null_unspecified) [-Wnullability-completeness]
 16575 |     VmaAllocation allocation)
       |     ^
/Users/runner/work/PTVisionPro/PTVisionPro/build/deps/vma-src/include/vk_mem_alloc.h:16575:5: note: insert '_Nullable' if the pointer may be null
 16575 |     VmaAllocation allocation)
       |     ^
       |                   _Nullable
/Users/runner/work/PTVisionPro/PTVisionPro/build/deps/vma-src/include/vk_mem_alloc.h:16575:5: note: insert '_Nonnull' if the pointer should never be null
 16575 |     VmaAllocation allocation)
       |     ^
       |                   _Nonnull
/Users/runner/work/PTVisionPro/PTVisionPro/build/deps/vma-src/include/vk_mem_alloc.h:16585:5: warning: pointer is missing a nullability type specifier (_Nonnull, _Nullable, or _Null_unspecified) [-Wnullability-completeness]
 16585 |     VmaAllocator allocator,
       |     ^
/Users/runner/work/PTVisionPro/PTVisionPro/build/deps/vma-src/include/vk_mem_alloc.h:16585:5: note: insert '_Nullable' if the pointer may be null
 16585 |     VmaAllocator allocator,
       |     ^
       |                  _Nullable
/Users/runner/work/PTVisionPro/PTVisionPro/build/deps/vma-src/include/vk_mem_alloc.h:16585:5: note: insert '_Nonnull' if the pointer should never be null
 16585 |     VmaAllocator allocator,
       |     ^
       |                  _Nonnull
/Users/runner/work/PTVisionPro/PTVisionPro/build/deps/vma-src/include/vk_mem_alloc.h:16586:5: warning: pointer is missing a nullability type specifier (_Nonnull, _Nullable, or _Null_unspecified) [-Wnullability-completeness]
 16586 |     VmaAllocation allocation,
       |     ^
/Users/runner/work/PTVisionPro/PTVisionPro/build/deps/vma-src/include/vk_mem_alloc.h:16586:5: note: insert '_Nullable' if the pointer may be null
 16586 |     VmaAllocation allocation,
       |     ^
       |                   _Nullable
/Users/runner/work/PTVisionPro/PTVisionPro/build/deps/vma-src/include/vk_mem_alloc.h:16586:5: note: insert '_Nonnull' if the pointer should never be null
 16586 |     VmaAllocation allocation,
       |     ^
       |                   _Nonnull
/Users/runner/work/PTVisionPro/PTVisionPro/build/deps/vma-src/include/vk_mem_alloc.h:16600:5: warning: pointer is missing a nullability type specifier (_Nonnull, _Nullable, or _Null_unspecified) [-Wnullability-completeness]
 16600 |     VmaAllocator allocator,
       |     ^
/Users/runner/work/PTVisionPro/PTVisionPro/build/deps/vma-src/include/vk_mem_alloc.h:16600:5: note: insert '_Nullable' if the pointer may be null
 16600 |     VmaAllocator allocator,
       |     ^
       |                  _Nullable
/Users/runner/work/PTVisionPro/PTVisionPro/build/deps/vma-src/include/vk_mem_alloc.h:16600:5: note: insert '_Nonnull' if the pointer should never be null
 16600 |     VmaAllocator allocator,
       |     ^
       |                  _Nonnull
/Users/runner/work/PTVisionPro/PTVisionPro/build/deps/vma-src/include/vk_mem_alloc.h:16601:5: warning: pointer is missing a nullability type specifier (_Nonnull, _Nullable, or _Null_unspecified) [-Wnullability-completeness]
 16601 |     VmaAllocation allocation,
       |     ^
/Users/runner/work/PTVisionPro/PTVisionPro/build/deps/vma-src/include/vk_mem_alloc.h:16601:5: note: insert '_Nullable' if the pointer may be null
 16601 |     VmaAllocation allocation,
       |     ^
       |                   _Nullable
/Users/runner/work/PTVisionPro/PTVisionPro/build/deps/vma-src/include/vk_mem_alloc.h:16601:5: note: insert '_Nonnull' if the pointer should never be null
 16601 |     VmaAllocation allocation,
       |     ^
       |                   _Nonnull
/Users/runner/work/PTVisionPro/PTVisionPro/build/deps/vma-src/include/vk_mem_alloc.h:16615:5: warning: pointer is missing a nullability type specifier (_Nonnull, _Nullable, or _Null_unspecified) [-Wnullability-completeness]
 16615 |     VmaAllocator allocator,
       |     ^
/Users/runner/work/PTVisionPro/PTVisionPro/build/deps/vma-src/include/vk_mem_alloc.h:16615:5: note: insert '_Nullable' if the pointer may be null
 16615 |     VmaAllocator allocator,
       |     ^
       |                  _Nullable
/Users/runner/work/PTVisionPro/PTVisionPro/build/deps/vma-src/include/vk_mem_alloc.h:16615:5: note: insert '_Nonnull' if the pointer should never be null
 16615 |     VmaAllocator allocator,
       |     ^
       |                  _Nonnull
/Users/runner/work/PTVisionPro/PTVisionPro/build/deps/vma-src/include/vk_mem_alloc.h:16617:11: warning: pointer is missing a nullability type specifier (_Nonnull, _Nullable, or _Null_unspecified) [-Wnullability-completeness]
 16617 |     const VmaAllocation* allocations,
       |           ^
/Users/runner/work/PTVisionPro/PTVisionPro/build/deps/vma-src/include/vk_mem_alloc.h:16617:11: note: insert '_Nullable' if the pointer may be null
 16617 |     const VmaAllocation* allocations,
       |           ^            
       |                         _Nullable 
/Users/runner/work/PTVisionPro/PTVisionPro/build/deps/vma-src/include/vk_mem_alloc.h:16617:11: note: insert '_Nonnull' if the pointer should never be null
 16617 |     const VmaAllocation* allocations,
       |           ^            
       |                         _Nonnull 
/Users/runner/work/PTVisionPro/PTVisionPro/build/deps/vma-src/include/vk_mem_alloc.h:16617:24: warning: pointer is missing a nullability type specifier (_Nonnull, _Nullable, or _Null_unspecified) [-Wnullability-completeness]
 16617 |     const VmaAllocation* allocations,
       |                        ^
/Users/runner/work/PTVisionPro/PTVisionPro/build/deps/vma-src/include/vk_mem_alloc.h:16617:24: note: insert '_Nullable' if the pointer may be null
 16617 |     const VmaAllocation* allocations,
       |                        ^
       |                          _Nullable
/Users/runner/work/PTVisionPro/PTVisionPro/build/deps/vma-src/include/vk_mem_alloc.h:16617:24: note: insert '_Nonnull' if the pointer should never be null
 16617 |     const VmaAllocation* allocations,
       |                        ^
       |                          _Nonnull
/Users/runner/work/PTVisionPro/PTVisionPro/build/deps/vma-src/include/vk_mem_alloc.h:16618:23: warning: pointer is missing a nullability type specifier (_Nonnull, _Nullable, or _Null_unspecified) [-Wnullability-completeness]
 16618 |     const VkDeviceSize* offsets,
       |                       ^
/Users/runner/work/PTVisionPro/PTVisionPro/build/deps/vma-src/include/vk_mem_alloc.h:16618:23: note: insert '_Nullable' if the pointer may be null
 16618 |     const VkDeviceSize* offsets,
       |                       ^
       |                         _Nullable
/Users/runner/work/PTVisionPro/PTVisionPro/build/deps/vma-src/include/vk_mem_alloc.h:16618:23: note: insert '_Nonnull' if the pointer should never be null
 16618 |     const VkDeviceSize* offsets,
       |                       ^
       |                         _Nonnull
/Users/runner/work/PTVisionPro/PTVisionPro/build/deps/vma-src/include/vk_mem_alloc.h:16619:23: warning: pointer is missing a nullability type specifier (_Nonnull, _Nullable, or _Null_unspecified) [-Wnullability-completeness]
 16619 |     const VkDeviceSize* sizes)
       |                       ^
/Users/runner/work/PTVisionPro/PTVisionPro/build/deps/vma-src/include/vk_mem_alloc.h:16619:23: note: insert '_Nullable' if the pointer may be null
 16619 |     const VkDeviceSize* sizes)
       |                       ^
       |                         _Nullable
/Users/runner/work/PTVisionPro/PTVisionPro/build/deps/vma-src/include/vk_mem_alloc.h:16619:23: note: insert '_Nonnull' if the pointer should never be null
 16619 |     const VkDeviceSize* sizes)
       |                       ^
       |                         _Nonnull
/Users/runner/work/PTVisionPro/PTVisionPro/build/deps/vma-src/include/vk_mem_alloc.h:16638:5: warning: pointer is missing a nullability type specifier (_Nonnull, _Nullable, or _Null_unspecified) [-Wnullability-completeness]
 16638 |     VmaAllocator allocator,
       |     ^
/Users/runner/work/PTVisionPro/PTVisionPro/build/deps/vma-src/include/vk_mem_alloc.h:16638:5: note: insert '_Nullable' if the pointer may be null
 16638 |     VmaAllocator allocator,
       |     ^
       |                  _Nullable
/Users/runner/work/PTVisionPro/PTVisionPro/build/deps/vma-src/include/vk_mem_alloc.h:16638:5: note: insert '_Nonnull' if the pointer should never be null
 16638 |     VmaAllocator allocator,
       |     ^
       |                  _Nonnull
/Users/runner/work/PTVisionPro/PTVisionPro/build/deps/vma-src/include/vk_mem_alloc.h:16640:11: warning: pointer is missing a nullability type specifier (_Nonnull, _Nullable, or _Null_unspecified) [-Wnullability-completeness]
 16640 |     const VmaAllocation* allocations,
       |           ^
/Users/runner/work/PTVisionPro/PTVisionPro/build/deps/vma-src/include/vk_mem_alloc.h:16640:11: note: insert '_Nullable' if the pointer may be null
 16640 |     const VmaAllocation* allocations,
       |           ^            
       |                         _Nullable 
/Users/runner/work/PTVisionPro/PTVisionPro/build/deps/vma-src/include/vk_mem_alloc.h:16640:11: note: insert '_Nonnull' if the pointer should never be null
 16640 |     const VmaAllocation* allocations,
       |           ^            
       |                         _Nonnull 
/Users/runner/work/PTVisionPro/PTVisionPro/build/deps/vma-src/include/vk_mem_alloc.h:16640:24: warning: pointer is missing a nullability type specifier (_Nonnull, _Nullable, or _Null_unspecified) [-Wnullability-completeness]
 16640 |     const VmaAllocation* allocations,
       |                        ^
/Users/runner/work/PTVisionPro/PTVisionPro/build/deps/vma-src/include/vk_mem_alloc.h:16640:24: note: insert '_Nullable' if the pointer may be null
 16640 |     const VmaAllocation* allocations,
       |                        ^
       |                          _Nullable
/Users/runner/work/PTVisionPro/PTVisionPro/build/deps/vma-src/include/vk_mem_alloc.h:16640:24: note: insert '_Nonnull' if the pointer should never be null
 16640 |     const VmaAllocation* allocations,
       |                        ^
       |                          _Nonnull
/Users/runner/work/PTVisionPro/PTVisionPro/build/deps/vma-src/include/vk_mem_alloc.h:16641:23: warning: pointer is missing a nullability type specifier (_Nonnull, _Nullable, or _Null_unspecified) [-Wnullability-completeness]
 16641 |     const VkDeviceSize* offsets,
       |                       ^
/Users/runner/work/PTVisionPro/PTVisionPro/build/deps/vma-src/include/vk_mem_alloc.h:16641:23: note: insert '_Nullable' if the pointer may be null
 16641 |     const VkDeviceSize* offsets,
       |                       ^
       |                         _Nullable
/Users/runner/work/PTVisionPro/PTVisionPro/build/deps/vma-src/include/vk_mem_alloc.h:16641:23: note: insert '_Nonnull' if the pointer should never be null
 16641 |     const VkDeviceSize* offsets,
       |                       ^
       |                         _Nonnull
/Users/runner/work/PTVisionPro/PTVisionPro/build/deps/vma-src/include/vk_mem_alloc.h:16642:23: warning: pointer is missing a nullability type specifier (_Nonnull, _Nullable, or _Null_unspecified) [-Wnullability-completeness]
 16642 |     const VkDeviceSize* sizes)
       |                       ^
/Users/runner/work/PTVisionPro/PTVisionPro/build/deps/vma-src/include/vk_mem_alloc.h:16642:23: note: insert '_Nullable' if the pointer may be null
 16642 |     const VkDeviceSize* sizes)
       |                       ^
       |                         _Nullable
/Users/runner/work/PTVisionPro/PTVisionPro/build/deps/vma-src/include/vk_mem_alloc.h:16642:23: note: insert '_Nonnull' if the pointer should never be null
 16642 |     const VkDeviceSize* sizes)
       |                       ^
       |                         _Nonnull
/Users/runner/work/PTVisionPro/PTVisionPro/build/deps/vma-src/include/vk_mem_alloc.h:16661:5: warning: pointer is missing a nullability type specifier (_Nonnull, _Nullable, or _Null_unspecified) [-Wnullability-completeness]
 16661 |     VmaAllocator allocator,
       |     ^
/Users/runner/work/PTVisionPro/PTVisionPro/build/deps/vma-src/include/vk_mem_alloc.h:16661:5: note: insert '_Nullable' if the pointer may be null
 16661 |     VmaAllocator allocator,
       |     ^
       |                  _Nullable
/Users/runner/work/PTVisionPro/PTVisionPro/build/deps/vma-src/include/vk_mem_alloc.h:16661:5: note: insert '_Nonnull' if the pointer should never be null
 16661 |     VmaAllocator allocator,
       |     ^
       |                  _Nonnull
/Users/runner/work/PTVisionPro/PTVisionPro/build/deps/vma-src/include/vk_mem_alloc.h:16662:15: warning: pointer is missing a nullability type specifier (_Nonnull, _Nullable, or _Null_unspecified) [-Wnullability-completeness]
 16662 |     const void* pSrcHostPointer,
       |               ^
/Users/runner/work/PTVisionPro/PTVisionPro/build/deps/vma-src/include/vk_mem_alloc.h:16662:15: note: insert '_Nullable' if the pointer may be null
 16662 |     const void* pSrcHostPointer,
       |               ^
       |                 _Nullable
/Users/runner/work/PTVisionPro/PTVisionPro/build/deps/vma-src/include/vk_mem_alloc.h:16662:15: note: insert '_Nonnull' if the pointer should never be null
 16662 |     const void* pSrcHostPointer,
       |               ^
       |                 _Nonnull
/Users/runner/work/PTVisionPro/PTVisionPro/build/deps/vma-src/include/vk_mem_alloc.h:16663:5: warning: pointer is missing a nullability type specifier (_Nonnull, _Nullable, or _Null_unspecified) [-Wnullability-completeness]
 16663 |     VmaAllocation dstAllocation,
       |     ^
/Users/runner/work/PTVisionPro/PTVisionPro/build/deps/vma-src/include/vk_mem_alloc.h:16663:5: note: insert '_Nullable' if the pointer may be null
 16663 |     VmaAllocation dstAllocation,
       |     ^
       |                   _Nullable
/Users/runner/work/PTVisionPro/PTVisionPro/build/deps/vma-src/include/vk_mem_alloc.h:16663:5: note: insert '_Nonnull' if the pointer should never be null
 16663 |     VmaAllocation dstAllocation,
       |     ^
       |                   _Nonnull
/Users/runner/work/PTVisionPro/PTVisionPro/build/deps/vma-src/include/vk_mem_alloc.h:16682:5: warning: pointer is missing a nullability type specifier (_Nonnull, _Nullable, or _Null_unspecified) [-Wnullability-completeness]
 16682 |     VmaAllocator allocator,
       |     ^
/Users/runner/work/PTVisionPro/PTVisionPro/build/deps/vma-src/include/vk_mem_alloc.h:16682:5: note: insert '_Nullable' if the pointer may be null
 16682 |     VmaAllocator allocator,
       |     ^
       |                  _Nullable
/Users/runner/work/PTVisionPro/PTVisionPro/build/deps/vma-src/include/vk_mem_alloc.h:16682:5: note: insert '_Nonnull' if the pointer should never be null
 16682 |     VmaAllocator allocator,
       |     ^
       |                  _Nonnull
/Users/runner/work/PTVisionPro/PTVisionPro/build/deps/vma-src/include/vk_mem_alloc.h:16683:5: warning: pointer is missing a nullability type specifier (_Nonnull, _Nullable, or _Null_unspecified) [-Wnullability-completeness]
 16683 |     VmaAllocation srcAllocation,
       |     ^
/Users/runner/work/PTVisionPro/PTVisionPro/build/deps/vma-src/include/vk_mem_alloc.h:16683:5: note: insert '_Nullable' if the pointer may be null
 16683 |     VmaAllocation srcAllocation,
       |     ^
       |                   _Nullable
/Users/runner/work/PTVisionPro/PTVisionPro/build/deps/vma-src/include/vk_mem_alloc.h:16683:5: note: insert '_Nonnull' if the pointer should never be null
 16683 |     VmaAllocation srcAllocation,
       |     ^
       |                   _Nonnull
/Users/runner/work/PTVisionPro/PTVisionPro/build/deps/vma-src/include/vk_mem_alloc.h:16685:9: warning: pointer is missing a nullability type specifier (_Nonnull, _Nullable, or _Null_unspecified) [-Wnullability-completeness]
 16685 |     void* pDstHostPointer,
       |         ^
/Users/runner/work/PTVisionPro/PTVisionPro/build/deps/vma-src/include/vk_mem_alloc.h:16685:9: note: insert '_Nullable' if the pointer may be null
 16685 |     void* pDstHostPointer,
       |         ^
       |           _Nullable
/Users/runner/work/PTVisionPro/PTVisionPro/build/deps/vma-src/include/vk_mem_alloc.h:16685:9: note: insert '_Nonnull' if the pointer should never be null
 16685 |     void* pDstHostPointer,
       |         ^
       |           _Nonnull
/Users/runner/work/PTVisionPro/PTVisionPro/build/deps/vma-src/include/vk_mem_alloc.h:16703:5: warning: pointer is missing a nullability type specifier (_Nonnull, _Nullable, or _Null_unspecified) [-Wnullability-completeness]
 16703 |     VmaAllocator allocator,
       |     ^
/Users/runner/work/PTVisionPro/PTVisionPro/build/deps/vma-src/include/vk_mem_alloc.h:16703:5: note: insert '_Nullable' if the pointer may be null
 16703 |     VmaAllocator allocator,
       |     ^
       |                  _Nullable
/Users/runner/work/PTVisionPro/PTVisionPro/build/deps/vma-src/include/vk_mem_alloc.h:16703:5: note: insert '_Nonnull' if the pointer should never be null
 16703 |     VmaAllocator allocator,
       |     ^
       |                  _Nonnull
/Users/runner/work/PTVisionPro/PTVisionPro/build/deps/vma-src/include/vk_mem_alloc.h:16716:5: warning: pointer is missing a nullability type specifier (_Nonnull, _Nullable, or _Null_unspecified) [-Wnullability-completeness]
 16716 |     VmaAllocator allocator,
       |     ^
/Users/runner/work/PTVisionPro/PTVisionPro/build/deps/vma-src/include/vk_mem_alloc.h:16716:5: note: insert '_Nullable' if the pointer may be null
 16716 |     VmaAllocator allocator,
       |     ^
       |                  _Nullable
/Users/runner/work/PTVisionPro/PTVisionPro/build/deps/vma-src/include/vk_mem_alloc.h:16716:5: note: insert '_Nonnull' if the pointer should never be null
 16716 |     VmaAllocator allocator,
       |     ^
       |                  _Nonnull
/Users/runner/work/PTVisionPro/PTVisionPro/build/deps/vma-src/include/vk_mem_alloc.h:16717:33: warning: pointer is missing a nullability type specifier (_Nonnull, _Nullable, or _Null_unspecified) [-Wnullability-completeness]
 16717 |     const VmaDefragmentationInfo* pInfo,
       |                                 ^
/Users/runner/work/PTVisionPro/PTVisionPro/build/deps/vma-src/include/vk_mem_alloc.h:16717:33: note: insert '_Nullable' if the pointer may be null
 16717 |     const VmaDefragmentationInfo* pInfo,
       |                                 ^
       |                                   _Nullable
/Users/runner/work/PTVisionPro/PTVisionPro/build/deps/vma-src/include/vk_mem_alloc.h:16717:33: note: insert '_Nonnull' if the pointer should never be null
 16717 |     const VmaDefragmentationInfo* pInfo,
       |                                 ^
       |                                   _Nonnull
/Users/runner/work/PTVisionPro/PTVisionPro/build/deps/vma-src/include/vk_mem_alloc.h:16718:5: warning: pointer is missing a nullability type specifier (_Nonnull, _Nullable, or _Null_unspecified) [-Wnullability-completeness]
 16718 |     VmaDefragmentationContext* pContext)
       |     ^
/Users/runner/work/PTVisionPro/PTVisionPro/build/deps/vma-src/include/vk_mem_alloc.h:16718:5: note: insert '_Nullable' if the pointer may be null
 16718 |     VmaDefragmentationContext* pContext)
       |     ^                        
       |                               _Nullable 
/Users/runner/work/PTVisionPro/PTVisionPro/build/deps/vma-src/include/vk_mem_alloc.h:16718:5: note: insert '_Nonnull' if the pointer should never be null
 16718 |     VmaDefragmentationContext* pContext)
       |     ^                        
       |                               _Nonnull 
/Users/runner/work/PTVisionPro/PTVisionPro/build/deps/vma-src/include/vk_mem_alloc.h:16718:30: warning: pointer is missing a nullability type specifier (_Nonnull, _Nullable, or _Null_unspecified) [-Wnullability-completeness]
 16718 |     VmaDefragmentationContext* pContext)
       |                              ^
/Users/runner/work/PTVisionPro/PTVisionPro/build/deps/vma-src/include/vk_mem_alloc.h:16718:30: note: insert '_Nullable' if the pointer may be null
 16718 |     VmaDefragmentationContext* pContext)
       |                              ^
       |                                _Nullable
/Users/runner/work/PTVisionPro/PTVisionPro/build/deps/vma-src/include/vk_mem_alloc.h:16718:30: note: insert '_Nonnull' if the pointer should never be null
 16718 |     VmaDefragmentationContext* pContext)
       |                              ^
       |                                _Nonnull
/Users/runner/work/PTVisionPro/PTVisionPro/build/deps/vma-src/include/vk_mem_alloc.h:16738:5: warning: pointer is missing a nullability type specifier (_Nonnull, _Nullable, or _Null_unspecified) [-Wnullability-completeness]
 16738 |     VmaAllocator allocator,
       |     ^
/Users/runner/work/PTVisionPro/PTVisionPro/build/deps/vma-src/include/vk_mem_alloc.h:16738:5: note: insert '_Nullable' if the pointer may be null
 16738 |     VmaAllocator allocator,
       |     ^
       |                  _Nullable
/Users/runner/work/PTVisionPro/PTVisionPro/build/deps/vma-src/include/vk_mem_alloc.h:16738:5: note: insert '_Nonnull' if the pointer should never be null
 16738 |     VmaAllocator allocator,
       |     ^
       |                  _Nonnull
/Users/runner/work/PTVisionPro/PTVisionPro/build/deps/vma-src/include/vk_mem_alloc.h:16739:5: warning: pointer is missing a nullability type specifier (_Nonnull, _Nullable, or _Null_unspecified) [-Wnullability-completeness]
 16739 |     VmaDefragmentationContext context,
       |     ^
/Users/runner/work/PTVisionPro/PTVisionPro/build/deps/vma-src/include/vk_mem_alloc.h:16739:5: note: insert '_Nullable' if the pointer may be null
 16739 |     VmaDefragmentationContext context,
       |     ^
       |                               _Nullable
/Users/runner/work/PTVisionPro/PTVisionPro/build/deps/vma-src/include/vk_mem_alloc.h:16739:5: note: insert '_Nonnull' if the pointer should never be null
 16739 |     VmaDefragmentationContext context,
       |     ^
       |                               _Nonnull
/Users/runner/work/PTVisionPro/PTVisionPro/build/deps/vma-src/include/vk_mem_alloc.h:16740:28: warning: pointer is missing a nullability type specifier (_Nonnull, _Nullable, or _Null_unspecified) [-Wnullability-completeness]
 16740 |     VmaDefragmentationStats* pStats)
       |                            ^
/Users/runner/work/PTVisionPro/PTVisionPro/build/deps/vma-src/include/vk_mem_alloc.h:16740:28: note: insert '_Nullable' if the pointer may be null
 16740 |     VmaDefragmentationStats* pStats)
       |                            ^
       |                              _Nullable
/Users/runner/work/PTVisionPro/PTVisionPro/build/deps/vma-src/include/vk_mem_alloc.h:16740:28: note: insert '_Nonnull' if the pointer should never be null
 16740 |     VmaDefragmentationStats* pStats)
       |                            ^
       |                              _Nonnull
/Users/runner/work/PTVisionPro/PTVisionPro/build/deps/vma-src/include/vk_mem_alloc.h:16782:5: warning: pointer is missing a nullability type specifier (_Nonnull, _Nullable, or _Null_unspecified) [-Wnullability-completeness]
 16782 |     VmaAllocator allocator,
       |     ^
/Users/runner/work/PTVisionPro/PTVisionPro/build/deps/vma-src/include/vk_mem_alloc.h:16782:5: note: insert '_Nullable' if the pointer may be null
 16782 |     VmaAllocator allocator,
       |     ^
       |                  _Nullable
/Users/runner/work/PTVisionPro/PTVisionPro/build/deps/vma-src/include/vk_mem_alloc.h:16782:5: note: insert '_Nonnull' if the pointer should never be null
 16782 |     VmaAllocator allocator,
       |     ^
       |                  _Nonnull
/Users/runner/work/PTVisionPro/PTVisionPro/build/deps/vma-src/include/vk_mem_alloc.h:16783:5: warning: pointer is missing a nullability type specifier (_Nonnull, _Nullable, or _Null_unspecified) [-Wnullability-completeness]
 16783 |     VmaAllocation allocation,
       |     ^
/Users/runner/work/PTVisionPro/PTVisionPro/build/deps/vma-src/include/vk_mem_alloc.h:16783:5: note: insert '_Nullable' if the pointer may be null
 16783 |     VmaAllocation allocation,
       |     ^
       |                   _Nullable
/Users/runner/work/PTVisionPro/PTVisionPro/build/deps/vma-src/include/vk_mem_alloc.h:16783:5: note: insert '_Nonnull' if the pointer should never be null
 16783 |     VmaAllocation allocation,
       |     ^
       |                   _Nonnull
/Users/runner/work/PTVisionPro/PTVisionPro/build/deps/vma-src/include/vk_mem_alloc.h:16784:5: warning: pointer is missing a nullability type specifier (_Nonnull, _Nullable, or _Null_unspecified) [-Wnullability-completeness]
 16784 |     VkBuffer buffer)
       |     ^
/Users/runner/work/PTVisionPro/PTVisionPro/build/deps/vma-src/include/vk_mem_alloc.h:16784:5: note: insert '_Nullable' if the pointer may be null
 16784 |     VkBuffer buffer)
       |     ^
       |              _Nullable
/Users/runner/work/PTVisionPro/PTVisionPro/build/deps/vma-src/include/vk_mem_alloc.h:16784:5: note: insert '_Nonnull' if the pointer should never be null
 16784 |     VkBuffer buffer)
       |     ^
       |              _Nonnull
/Users/runner/work/PTVisionPro/PTVisionPro/build/deps/vma-src/include/vk_mem_alloc.h:16796:5: warning: pointer is missing a nullability type specifier (_Nonnull, _Nullable, or _Null_unspecified) [-Wnullability-completeness]
 16796 |     VmaAllocator allocator,
       |     ^
/Users/runner/work/PTVisionPro/PTVisionPro/build/deps/vma-src/include/vk_mem_alloc.h:16796:5: note: insert '_Nullable' if the pointer may be null
 16796 |     VmaAllocator allocator,
       |     ^
       |                  _Nullable
/Users/runner/work/PTVisionPro/PTVisionPro/build/deps/vma-src/include/vk_mem_alloc.h:16796:5: note: insert '_Nonnull' if the pointer should never be null
 16796 |     VmaAllocator allocator,
       |     ^
       |                  _Nonnull
/Users/runner/work/PTVisionPro/PTVisionPro/build/deps/vma-src/include/vk_mem_alloc.h:16797:5: warning: pointer is missing a nullability type specifier (_Nonnull, _Nullable, or _Null_unspecified) [-Wnullability-completeness]
 16797 |     VmaAllocation allocation,
       |     ^
/Users/runner/work/PTVisionPro/PTVisionPro/build/deps/vma-src/include/vk_mem_alloc.h:16797:5: note: insert '_Nullable' if the pointer may be null
 16797 |     VmaAllocation allocation,
       |     ^
       |                   _Nullable
/Users/runner/work/PTVisionPro/PTVisionPro/build/deps/vma-src/include/vk_mem_alloc.h:16797:5: note: insert '_Nonnull' if the pointer should never be null
 16797 |     VmaAllocation allocation,
       |     ^
       |                   _Nonnull
/Users/runner/work/PTVisionPro/PTVisionPro/build/deps/vma-src/include/vk_mem_alloc.h:16799:5: warning: pointer is missing a nullability type specifier (_Nonnull, _Nullable, or _Null_unspecified) [-Wnullability-completeness]
 16799 |     VkBuffer buffer,
       |     ^
/Users/runner/work/PTVisionPro/PTVisionPro/build/deps/vma-src/include/vk_mem_alloc.h:16799:5: note: insert '_Nullable' if the pointer may be null
 16799 |     VkBuffer buffer,
       |     ^
       |              _Nullable
/Users/runner/work/PTVisionPro/PTVisionPro/build/deps/vma-src/include/vk_mem_alloc.h:16799:5: note: insert '_Nonnull' if the pointer should never be null
 16799 |     VkBuffer buffer,
       |     ^
       |              _Nonnull
/Users/runner/work/PTVisionPro/PTVisionPro/build/deps/vma-src/include/vk_mem_alloc.h:16800:15: warning: pointer is missing a nullability type specifier (_Nonnull, _Nullable, or _Null_unspecified) [-Wnullability-completeness]
 16800 |     const void* pNext)
       |               ^
/Users/runner/work/PTVisionPro/PTVisionPro/build/deps/vma-src/include/vk_mem_alloc.h:16800:15: note: insert '_Nullable' if the pointer may be null
 16800 |     const void* pNext)
       |               ^
       |                 _Nullable
/Users/runner/work/PTVisionPro/PTVisionPro/build/deps/vma-src/include/vk_mem_alloc.h:16800:15: note: insert '_Nonnull' if the pointer should never be null
 16800 |     const void* pNext)
       |               ^
       |                 _Nonnull
/Users/runner/work/PTVisionPro/PTVisionPro/build/deps/vma-src/include/vk_mem_alloc.h:16812:5: warning: pointer is missing a nullability type specifier (_Nonnull, _Nullable, or _Null_unspecified) [-Wnullability-completeness]
 16812 |     VmaAllocator allocator,
       |     ^
/Users/runner/work/PTVisionPro/PTVisionPro/build/deps/vma-src/include/vk_mem_alloc.h:16812:5: note: insert '_Nullable' if the pointer may be null
 16812 |     VmaAllocator allocator,
       |     ^
       |                  _Nullable
/Users/runner/work/PTVisionPro/PTVisionPro/build/deps/vma-src/include/vk_mem_alloc.h:16812:5: note: insert '_Nonnull' if the pointer should never be null
 16812 |     VmaAllocator allocator,
       |     ^
       |                  _Nonnull
/Users/runner/work/PTVisionPro/PTVisionPro/build/deps/vma-src/include/vk_mem_alloc.h:16813:5: warning: pointer is missing a nullability type specifier (_Nonnull, _Nullable, or _Null_unspecified) [-Wnullability-completeness]
 16813 |     VmaAllocation allocation,
       |     ^
/Users/runner/work/PTVisionPro/PTVisionPro/build/deps/vma-src/include/vk_mem_alloc.h:16813:5: note: insert '_Nullable' if the pointer may be null
 16813 |     VmaAllocation allocation,
       |     ^
       |                   _Nullable
/Users/runner/work/PTVisionPro/PTVisionPro/build/deps/vma-src/include/vk_mem_alloc.h:16813:5: note: insert '_Nonnull' if the pointer should never be null
 16813 |     VmaAllocation allocation,
       |     ^
       |                   _Nonnull
/Users/runner/work/PTVisionPro/PTVisionPro/build/deps/vma-src/include/vk_mem_alloc.h:16814:5: warning: pointer is missing a nullability type specifier (_Nonnull, _Nullable, or _Null_unspecified) [-Wnullability-completeness]
 16814 |     VkImage image)
       |     ^
/Users/runner/work/PTVisionPro/PTVisionPro/build/deps/vma-src/include/vk_mem_alloc.h:16814:5: note: insert '_Nullable' if the pointer may be null
 16814 |     VkImage image)
       |     ^
       |             _Nullable
/Users/runner/work/PTVisionPro/PTVisionPro/build/deps/vma-src/include/vk_mem_alloc.h:16814:5: note: insert '_Nonnull' if the pointer should never be null
 16814 |     VkImage image)
       |     ^
       |             _Nonnull
/Users/runner/work/PTVisionPro/PTVisionPro/build/deps/vma-src/include/vk_mem_alloc.h:16826:5: warning: pointer is missing a nullability type specifier (_Nonnull, _Nullable, or _Null_unspecified) [-Wnullability-completeness]
 16826 |     VmaAllocator allocator,
       |     ^
/Users/runner/work/PTVisionPro/PTVisionPro/build/deps/vma-src/include/vk_mem_alloc.h:16826:5: note: insert '_Nullable' if the pointer may be null
 16826 |     VmaAllocator allocator,
       |     ^
       |                  _Nullable
/Users/runner/work/PTVisionPro/PTVisionPro/build/deps/vma-src/include/vk_mem_alloc.h:16826:5: note: insert '_Nonnull' if the pointer should never be null
 16826 |     VmaAllocator allocator,
       |     ^
       |                  _Nonnull
/Users/runner/work/PTVisionPro/PTVisionPro/build/deps/vma-src/include/vk_mem_alloc.h:16827:5: warning: pointer is missing a nullability type specifier (_Nonnull, _Nullable, or _Null_unspecified) [-Wnullability-completeness]
 16827 |     VmaAllocation allocation,
       |     ^
/Users/runner/work/PTVisionPro/PTVisionPro/build/deps/vma-src/include/vk_mem_alloc.h:16827:5: note: insert '_Nullable' if the pointer may be null
 16827 |     VmaAllocation allocation,
       |     ^
       |                   _Nullable
/Users/runner/work/PTVisionPro/PTVisionPro/build/deps/vma-src/include/vk_mem_alloc.h:16827:5: note: insert '_Nonnull' if the pointer should never be null
 16827 |     VmaAllocation allocation,
       |     ^
       |                   _Nonnull
/Users/runner/work/PTVisionPro/PTVisionPro/build/deps/vma-src/include/vk_mem_alloc.h:16829:5: warning: pointer is missing a nullability type specifier (_Nonnull, _Nullable, or _Null_unspecified) [-Wnullability-completeness]
 16829 |     VkImage image,
       |     ^
/Users/runner/work/PTVisionPro/PTVisionPro/build/deps/vma-src/include/vk_mem_alloc.h:16829:5: note: insert '_Nullable' if the pointer may be null
 16829 |     VkImage image,
       |     ^
       |             _Nullable
/Users/runner/work/PTVisionPro/PTVisionPro/build/deps/vma-src/include/vk_mem_alloc.h:16829:5: note: insert '_Nonnull' if the pointer should never be null
 16829 |     VkImage image,
       |     ^
       |             _Nonnull
/Users/runner/work/PTVisionPro/PTVisionPro/build/deps/vma-src/include/vk_mem_alloc.h:16830:15: warning: pointer is missing a nullability type specifier (_Nonnull, _Nullable, or _Null_unspecified) [-Wnullability-completeness]
 16830 |     const void* pNext)
       |               ^
/Users/runner/work/PTVisionPro/PTVisionPro/build/deps/vma-src/include/vk_mem_alloc.h:16830:15: note: insert '_Nullable' if the pointer may be null
 16830 |     const void* pNext)
       |               ^
       |                 _Nullable
/Users/runner/work/PTVisionPro/PTVisionPro/build/deps/vma-src/include/vk_mem_alloc.h:16830:15: note: insert '_Nonnull' if the pointer should never be null
 16830 |     const void* pNext)
       |               ^
       |                 _Nonnull
/Users/runner/work/PTVisionPro/PTVisionPro/build/deps/vma-src/include/vk_mem_alloc.h:16842:5: warning: pointer is missing a nullability type specifier (_Nonnull, _Nullable, or _Null_unspecified) [-Wnullability-completeness]
 16842 |     VmaAllocator allocator,
       |     ^
/Users/runner/work/PTVisionPro/PTVisionPro/build/deps/vma-src/include/vk_mem_alloc.h:16842:5: note: insert '_Nullable' if the pointer may be null
 16842 |     VmaAllocator allocator,
       |     ^
       |                  _Nullable
/Users/runner/work/PTVisionPro/PTVisionPro/build/deps/vma-src/include/vk_mem_alloc.h:16842:5: note: insert '_Nonnull' if the pointer should never be null
 16842 |     VmaAllocator allocator,
       |     ^
       |                  _Nonnull
/Users/runner/work/PTVisionPro/PTVisionPro/build/deps/vma-src/include/vk_mem_alloc.h:16843:29: warning: pointer is missing a nullability type specifier (_Nonnull, _Nullable, or _Null_unspecified) [-Wnullability-completeness]
 16843 |     const VkBufferCreateInfo* pBufferCreateInfo,
       |                             ^
/Users/runner/work/PTVisionPro/PTVisionPro/build/deps/vma-src/include/vk_mem_alloc.h:16843:29: note: insert '_Nullable' if the pointer may be null
 16843 |     const VkBufferCreateInfo* pBufferCreateInfo,
       |                             ^
       |                               _Nullable
/Users/runner/work/PTVisionPro/PTVisionPro/build/deps/vma-src/include/vk_mem_alloc.h:16843:29: note: insert '_Nonnull' if the pointer should never be null
 16843 |     const VkBufferCreateInfo* pBufferCreateInfo,
       |                             ^
       |                               _Nonnull
/Users/runner/work/PTVisionPro/PTVisionPro/build/deps/vma-src/include/vk_mem_alloc.h:16844:34: warning: pointer is missing a nullability type specifier (_Nonnull, _Nullable, or _Null_unspecified) [-Wnullability-completeness]
 16844 |     const VmaAllocationCreateInfo* pAllocationCreateInfo,
       |                                  ^
/Users/runner/work/PTVisionPro/PTVisionPro/build/deps/vma-src/include/vk_mem_alloc.h:16844:34: note: insert '_Nullable' if the pointer may be null
 16844 |     const VmaAllocationCreateInfo* pAllocationCreateInfo,
       |                                  ^
       |                                    _Nullable
/Users/runner/work/PTVisionPro/PTVisionPro/build/deps/vma-src/include/vk_mem_alloc.h:16844:34: note: insert '_Nonnull' if the pointer should never be null
 16844 |     const VmaAllocationCreateInfo* pAllocationCreateInfo,
       |                                  ^
       |                                    _Nonnull
/Users/runner/work/PTVisionPro/PTVisionPro/build/deps/vma-src/include/vk_mem_alloc.h:16845:5: warning: pointer is missing a nullability type specifier (_Nonnull, _Nullable, or _Null_unspecified) [-Wnullability-completeness]
 16845 |     VkBuffer* pBuffer,
       |     ^
/Users/runner/work/PTVisionPro/PTVisionPro/build/deps/vma-src/include/vk_mem_alloc.h:16845:5: note: insert '_Nullable' if the pointer may be null
 16845 |     VkBuffer* pBuffer,
       |     ^       
       |              _Nullable 
/Users/runner/work/PTVisionPro/PTVisionPro/build/deps/vma-src/include/vk_mem_alloc.h:16845:5: note: insert '_Nonnull' if the pointer should never be null
 16845 |     VkBuffer* pBuffer,
       |     ^       
       |              _Nonnull 
/Users/runner/work/PTVisionPro/PTVisionPro/build/deps/vma-src/include/vk_mem_alloc.h:16845:13: warning: pointer is missing a nullability type specifier (_Nonnull, _Nullable, or _Null_unspecified) [-Wnullability-completeness]
 16845 |     VkBuffer* pBuffer,
       |             ^
/Users/runner/work/PTVisionPro/PTVisionPro/build/deps/vma-src/include/vk_mem_alloc.h:16845:13: note: insert '_Nullable' if the pointer may be null
 16845 |     VkBuffer* pBuffer,
       |             ^
       |               _Nullable
/Users/runner/work/PTVisionPro/PTVisionPro/build/deps/vma-src/include/vk_mem_alloc.h:16845:13: note: insert '_Nonnull' if the pointer should never be null
 16845 |     VkBuffer* pBuffer,
       |             ^
       |               _Nonnull
/Users/runner/work/PTVisionPro/PTVisionPro/build/deps/vma-src/include/vk_mem_alloc.h:16846:5: warning: pointer is missing a nullability type specifier (_Nonnull, _Nullable, or _Null_unspecified) [-Wnullability-completeness]
 16846 |     VmaAllocation* pAllocation,
       |     ^
/Users/runner/work/PTVisionPro/PTVisionPro/build/deps/vma-src/include/vk_mem_alloc.h:16846:5: note: insert '_Nullable' if the pointer may be null
 16846 |     VmaAllocation* pAllocation,
       |     ^            
       |                   _Nullable 
/Users/runner/work/PTVisionPro/PTVisionPro/build/deps/vma-src/include/vk_mem_alloc.h:16846:5: note: insert '_Nonnull' if the pointer should never be null
 16846 |     VmaAllocation* pAllocation,
       |     ^            
       |                   _Nonnull 
/Users/runner/work/PTVisionPro/PTVisionPro/build/deps/vma-src/include/vk_mem_alloc.h:16846:18: warning: pointer is missing a nullability type specifier (_Nonnull, _Nullable, or _Null_unspecified) [-Wnullability-completeness]
 16846 |     VmaAllocation* pAllocation,
       |                  ^
/Users/runner/work/PTVisionPro/PTVisionPro/build/deps/vma-src/include/vk_mem_alloc.h:16846:18: note: insert '_Nullable' if the pointer may be null
 16846 |     VmaAllocation* pAllocation,
       |                  ^
       |                    _Nullable
/Users/runner/work/PTVisionPro/PTVisionPro/build/deps/vma-src/include/vk_mem_alloc.h:16846:18: note: insert '_Nonnull' if the pointer should never be null
 16846 |     VmaAllocation* pAllocation,
       |                  ^
       |                    _Nonnull
/Users/runner/work/PTVisionPro/PTVisionPro/build/deps/vma-src/include/vk_mem_alloc.h:16847:22: warning: pointer is missing a nullability type specifier (_Nonnull, _Nullable, or _Null_unspecified) [-Wnullability-completeness]
 16847 |     VmaAllocationInfo* pAllocationInfo)
       |                      ^
/Users/runner/work/PTVisionPro/PTVisionPro/build/deps/vma-src/include/vk_mem_alloc.h:16847:22: note: insert '_Nullable' if the pointer may be null
 16847 |     VmaAllocationInfo* pAllocationInfo)
       |                      ^
       |                        _Nullable
/Users/runner/work/PTVisionPro/PTVisionPro/build/deps/vma-src/include/vk_mem_alloc.h:16847:22: note: insert '_Nonnull' if the pointer should never be null
 16847 |     VmaAllocationInfo* pAllocationInfo)
       |                      ^
       |                        _Nonnull
/Users/runner/work/PTVisionPro/PTVisionPro/build/deps/vma-src/include/vk_mem_alloc.h:16860:5: warning: pointer is missing a nullability type specifier (_Nonnull, _Nullable, or _Null_unspecified) [-Wnullability-completeness]
 16860 |     VmaAllocator allocator,
       |     ^
/Users/runner/work/PTVisionPro/PTVisionPro/build/deps/vma-src/include/vk_mem_alloc.h:16860:5: note: insert '_Nullable' if the pointer may be null
 16860 |     VmaAllocator allocator,
       |     ^
       |                  _Nullable
/Users/runner/work/PTVisionPro/PTVisionPro/build/deps/vma-src/include/vk_mem_alloc.h:16860:5: note: insert '_Nonnull' if the pointer should never be null
 16860 |     VmaAllocator allocator,
       |     ^
       |                  _Nonnull
/Users/runner/work/PTVisionPro/PTVisionPro/build/deps/vma-src/include/vk_mem_alloc.h:16861:29: warning: pointer is missing a nullability type specifier (_Nonnull, _Nullable, or _Null_unspecified) [-Wnullability-completeness]
 16861 |     const VkBufferCreateInfo* pBufferCreateInfo,
       |                             ^
/Users/runner/work/PTVisionPro/PTVisionPro/build/deps/vma-src/include/vk_mem_alloc.h:16861:29: note: insert '_Nullable' if the pointer may be null
 16861 |     const VkBufferCreateInfo* pBufferCreateInfo,
       |                             ^
       |                               _Nullable
/Users/runner/work/PTVisionPro/PTVisionPro/build/deps/vma-src/include/vk_mem_alloc.h:16861:29: note: insert '_Nonnull' if the pointer should never be null
 16861 |     const VkBufferCreateInfo* pBufferCreateInfo,
       |                             ^
       |                               _Nonnull
/Users/runner/work/PTVisionPro/PTVisionPro/build/deps/vma-src/include/vk_mem_alloc.h:16862:34: warning: pointer is missing a nullability type specifier (_Nonnull, _Nullable, or _Null_unspecified) [-Wnullability-completeness]
 16862 |     const VmaAllocationCreateInfo* pAllocationCreateInfo,
       |                                  ^
/Users/runner/work/PTVisionPro/PTVisionPro/build/deps/vma-src/include/vk_mem_alloc.h:16862:34: note: insert '_Nullable' if the pointer may be null
 16862 |     const VmaAllocationCreateInfo* pAllocationCreateInfo,
       |                                  ^
       |                                    _Nullable
/Users/runner/work/PTVisionPro/PTVisionPro/build/deps/vma-src/include/vk_mem_alloc.h:16862:34: note: insert '_Nonnull' if the pointer should never be null
 16862 |     const VmaAllocationCreateInfo* pAllocationCreateInfo,
       |                                  ^
       |                                    _Nonnull
/Users/runner/work/PTVisionPro/PTVisionPro/build/deps/vma-src/include/vk_mem_alloc.h:16864:5: warning: pointer is missing a nullability type specifier (_Nonnull, _Nullable, or _Null_unspecified) [-Wnullability-completeness]
 16864 |     VkBuffer* pBuffer,
       |     ^
/Users/runner/work/PTVisionPro/PTVisionPro/build/deps/vma-src/include/vk_mem_alloc.h:16864:5: note: insert '_Nullable' if the pointer may be null
 16864 |     VkBuffer* pBuffer,
       |     ^       
       |              _Nullable 
/Users/runner/work/PTVisionPro/PTVisionPro/build/deps/vma-src/include/vk_mem_alloc.h:16864:5: note: insert '_Nonnull' if the pointer should never be null
 16864 |     VkBuffer* pBuffer,
       |     ^       
       |              _Nonnull 
/Users/runner/work/PTVisionPro/PTVisionPro/build/deps/vma-src/include/vk_mem_alloc.h:16864:13: warning: pointer is missing a nullability type specifier (_Nonnull, _Nullable, or _Null_unspecified) [-Wnullability-completeness]
 16864 |     VkBuffer* pBuffer,
       |             ^
/Users/runner/work/PTVisionPro/PTVisionPro/build/deps/vma-src/include/vk_mem_alloc.h:16864:13: note: insert '_Nullable' if the pointer may be null
 16864 |     VkBuffer* pBuffer,
       |             ^
       |               _Nullable
/Users/runner/work/PTVisionPro/PTVisionPro/build/deps/vma-src/include/vk_mem_alloc.h:16864:13: note: insert '_Nonnull' if the pointer should never be null
 16864 |     VkBuffer* pBuffer,
       |             ^
       |               _Nonnull
/Users/runner/work/PTVisionPro/PTVisionPro/build/deps/vma-src/include/vk_mem_alloc.h:16865:5: warning: pointer is missing a nullability type specifier (_Nonnull, _Nullable, or _Null_unspecified) [-Wnullability-completeness]
 16865 |     VmaAllocation* pAllocation,
       |     ^
/Users/runner/work/PTVisionPro/PTVisionPro/build/deps/vma-src/include/vk_mem_alloc.h:16865:5: note: insert '_Nullable' if the pointer may be null
 16865 |     VmaAllocation* pAllocation,
       |     ^            
       |                   _Nullable 
/Users/runner/work/PTVisionPro/PTVisionPro/build/deps/vma-src/include/vk_mem_alloc.h:16865:5: note: insert '_Nonnull' if the pointer should never be null
 16865 |     VmaAllocation* pAllocation,
       |     ^            
       |                   _Nonnull 
/Users/runner/work/PTVisionPro/PTVisionPro/build/deps/vma-src/include/vk_mem_alloc.h:16865:18: warning: pointer is missing a nullability type specifier (_Nonnull, _Nullable, or _Null_unspecified) [-Wnullability-completeness]
 16865 |     VmaAllocation* pAllocation,
       |                  ^
/Users/runner/work/PTVisionPro/PTVisionPro/build/deps/vma-src/include/vk_mem_alloc.h:16865:18: note: insert '_Nullable' if the pointer may be null
 16865 |     VmaAllocation* pAllocation,
       |                  ^
       |                    _Nullable
/Users/runner/work/PTVisionPro/PTVisionPro/build/deps/vma-src/include/vk_mem_alloc.h:16865:18: note: insert '_Nonnull' if the pointer should never be null
 16865 |     VmaAllocation* pAllocation,
       |                  ^
       |                    _Nonnull
/Users/runner/work/PTVisionPro/PTVisionPro/build/deps/vma-src/include/vk_mem_alloc.h:16866:22: warning: pointer is missing a nullability type specifier (_Nonnull, _Nullable, or _Null_unspecified) [-Wnullability-completeness]
 16866 |     VmaAllocationInfo* pAllocationInfo)
       |                      ^
/Users/runner/work/PTVisionPro/PTVisionPro/build/deps/vma-src/include/vk_mem_alloc.h:16866:22: note: insert '_Nullable' if the pointer may be null
 16866 |     VmaAllocationInfo* pAllocationInfo)
       |                      ^
       |                        _Nullable
/Users/runner/work/PTVisionPro/PTVisionPro/build/deps/vma-src/include/vk_mem_alloc.h:16866:22: note: insert '_Nonnull' if the pointer should never be null
 16866 |     VmaAllocationInfo* pAllocationInfo)
       |                      ^
       |                        _Nonnull
/Users/runner/work/PTVisionPro/PTVisionPro/build/deps/vma-src/include/vk_mem_alloc.h:16881:5: warning: pointer is missing a nullability type specifier (_Nonnull, _Nullable, or _Null_unspecified) [-Wnullability-completeness]
 16881 |     VmaAllocator allocator,
       |     ^
/Users/runner/work/PTVisionPro/PTVisionPro/build/deps/vma-src/include/vk_mem_alloc.h:16881:5: note: insert '_Nullable' if the pointer may be null
 16881 |     VmaAllocator allocator,
       |     ^
       |                  _Nullable
/Users/runner/work/PTVisionPro/PTVisionPro/build/deps/vma-src/include/vk_mem_alloc.h:16881:5: note: insert '_Nonnull' if the pointer should never be null
 16881 |     VmaAllocator allocator,
       |     ^
       |                  _Nonnull
/Users/runner/work/PTVisionPro/PTVisionPro/build/deps/vma-src/include/vk_mem_alloc.h:16882:29: warning: pointer is missing a nullability type specifier (_Nonnull, _Nullable, or _Null_unspecified) [-Wnullability-completeness]
 16882 |     const VkBufferCreateInfo* pBufferCreateInfo,
       |                             ^
/Users/runner/work/PTVisionPro/PTVisionPro/build/deps/vma-src/include/vk_mem_alloc.h:16882:29: note: insert '_Nullable' if the pointer may be null
 16882 |     const VkBufferCreateInfo* pBufferCreateInfo,
       |                             ^
       |                               _Nullable
/Users/runner/work/PTVisionPro/PTVisionPro/build/deps/vma-src/include/vk_mem_alloc.h:16882:29: note: insert '_Nonnull' if the pointer should never be null
 16882 |     const VkBufferCreateInfo* pBufferCreateInfo,
       |                             ^
       |                               _Nonnull
/Users/runner/work/PTVisionPro/PTVisionPro/build/deps/vma-src/include/vk_mem_alloc.h:16883:34: warning: pointer is missing a nullability type specifier (_Nonnull, _Nullable, or _Null_unspecified) [-Wnullability-completeness]
 16883 |     const VmaAllocationCreateInfo* pAllocationCreateInfo,
       |                                  ^
/Users/runner/work/PTVisionPro/PTVisionPro/build/deps/vma-src/include/vk_mem_alloc.h:16883:34: note: insert '_Nullable' if the pointer may be null
 16883 |     const VmaAllocationCreateInfo* pAllocationCreateInfo,
       |                                  ^
       |                                    _Nullable
/Users/runner/work/PTVisionPro/PTVisionPro/build/deps/vma-src/include/vk_mem_alloc.h:16883:34: note: insert '_Nonnull' if the pointer should never be null
 16883 |     const VmaAllocationCreateInfo* pAllocationCreateInfo,
       |                                  ^
       |                                    _Nonnull
/Users/runner/work/PTVisionPro/PTVisionPro/build/deps/vma-src/include/vk_mem_alloc.h:16884:9: warning: pointer is missing a nullability type specifier (_Nonnull, _Nullable, or _Null_unspecified) [-Wnullability-completeness]
 16884 |     void* pMemoryAllocateNext,
       |         ^
/Users/runner/work/PTVisionPro/PTVisionPro/build/deps/vma-src/include/vk_mem_alloc.h:16884:9: note: insert '_Nullable' if the pointer may be null
 16884 |     void* pMemoryAllocateNext,
       |         ^
       |           _Nullable
/Users/runner/work/PTVisionPro/PTVisionPro/build/deps/vma-src/include/vk_mem_alloc.h:16884:9: note: insert '_Nonnull' if the pointer should never be null
 16884 |     void* pMemoryAllocateNext,
       |         ^
       |           _Nonnull
/Users/runner/work/PTVisionPro/PTVisionPro/build/deps/vma-src/include/vk_mem_alloc.h:16885:5: warning: pointer is missing a nullability type specifier (_Nonnull, _Nullable, or _Null_unspecified) [-Wnullability-completeness]
 16885 |     VkBuffer* pBuffer,
       |     ^
/Users/runner/work/PTVisionPro/PTVisionPro/build/deps/vma-src/include/vk_mem_alloc.h:16885:5: note: insert '_Nullable' if the pointer may be null
 16885 |     VkBuffer* pBuffer,
       |     ^       
       |              _Nullable 
/Users/runner/work/PTVisionPro/PTVisionPro/build/deps/vma-src/include/vk_mem_alloc.h:16885:5: note: insert '_Nonnull' if the pointer should never be null
 16885 |     VkBuffer* pBuffer,
       |     ^       
       |              _Nonnull 
/Users/runner/work/PTVisionPro/PTVisionPro/build/deps/vma-src/include/vk_mem_alloc.h:16885:13: warning: pointer is missing a nullability type specifier (_Nonnull, _Nullable, or _Null_unspecified) [-Wnullability-completeness]
 16885 |     VkBuffer* pBuffer,
       |             ^
/Users/runner/work/PTVisionPro/PTVisionPro/build/deps/vma-src/include/vk_mem_alloc.h:16885:13: note: insert '_Nullable' if the pointer may be null
 16885 |     VkBuffer* pBuffer,
       |             ^
       |               _Nullable
/Users/runner/work/PTVisionPro/PTVisionPro/build/deps/vma-src/include/vk_mem_alloc.h:16885:13: note: insert '_Nonnull' if the pointer should never be null
 16885 |     VkBuffer* pBuffer,
       |             ^
       |               _Nonnull
/Users/runner/work/PTVisionPro/PTVisionPro/build/deps/vma-src/include/vk_mem_alloc.h:16886:5: warning: pointer is missing a nullability type specifier (_Nonnull, _Nullable, or _Null_unspecified) [-Wnullability-completeness]
 16886 |     VmaAllocation* pAllocation,
       |     ^
/Users/runner/work/PTVisionPro/PTVisionPro/build/deps/vma-src/include/vk_mem_alloc.h:16886:5: note: insert '_Nullable' if the pointer may be null
 16886 |     VmaAllocation* pAllocation,
       |     ^            
       |                   _Nullable 
/Users/runner/work/PTVisionPro/PTVisionPro/build/deps/vma-src/include/vk_mem_alloc.h:16886:5: note: insert '_Nonnull' if the pointer should never be null
 16886 |     VmaAllocation* pAllocation,
       |     ^            
       |                   _Nonnull 
/Users/runner/work/PTVisionPro/PTVisionPro/build/deps/vma-src/include/vk_mem_alloc.h:16886:18: warning: pointer is missing a nullability type specifier (_Nonnull, _Nullable, or _Null_unspecified) [-Wnullability-completeness]
 16886 |     VmaAllocation* pAllocation,
       |                  ^
/Users/runner/work/PTVisionPro/PTVisionPro/build/deps/vma-src/include/vk_mem_alloc.h:16886:18: note: insert '_Nullable' if the pointer may be null
 16886 |     VmaAllocation* pAllocation,
       |                  ^
       |                    _Nullable
/Users/runner/work/PTVisionPro/PTVisionPro/build/deps/vma-src/include/vk_mem_alloc.h:16886:18: note: insert '_Nonnull' if the pointer should never be null
 16886 |     VmaAllocation* pAllocation,
       |                  ^
       |                    _Nonnull
/Users/runner/work/PTVisionPro/PTVisionPro/build/deps/vma-src/include/vk_mem_alloc.h:16887:22: warning: pointer is missing a nullability type specifier (_Nonnull, _Nullable, or _Null_unspecified) [-Wnullability-completeness]
 16887 |     VmaAllocationInfo* pAllocationInfo)
       |                      ^
/Users/runner/work/PTVisionPro/PTVisionPro/build/deps/vma-src/include/vk_mem_alloc.h:16887:22: note: insert '_Nullable' if the pointer may be null
 16887 |     VmaAllocationInfo* pAllocationInfo)
       |                      ^
       |                        _Nullable
/Users/runner/work/PTVisionPro/PTVisionPro/build/deps/vma-src/include/vk_mem_alloc.h:16887:22: note: insert '_Nonnull' if the pointer should never be null
 16887 |     VmaAllocationInfo* pAllocationInfo)
       |                      ^
       |                        _Nonnull
/Users/runner/work/PTVisionPro/PTVisionPro/build/deps/vma-src/include/vk_mem_alloc.h:16957:5: warning: pointer is missing a nullability type specifier (_Nonnull, _Nullable, or _Null_unspecified) [-Wnullability-completeness]
 16957 |     VmaAllocator allocator,
       |     ^
/Users/runner/work/PTVisionPro/PTVisionPro/build/deps/vma-src/include/vk_mem_alloc.h:16957:5: note: insert '_Nullable' if the pointer may be null
 16957 |     VmaAllocator allocator,
       |     ^
       |                  _Nullable
/Users/runner/work/PTVisionPro/PTVisionPro/build/deps/vma-src/include/vk_mem_alloc.h:16957:5: note: insert '_Nonnull' if the pointer should never be null
 16957 |     VmaAllocator allocator,
       |     ^
       |                  _Nonnull
/Users/runner/work/PTVisionPro/PTVisionPro/build/deps/vma-src/include/vk_mem_alloc.h:16958:5: warning: pointer is missing a nullability type specifier (_Nonnull, _Nullable, or _Null_unspecified) [-Wnullability-completeness]
 16958 |     VkBuffer buffer,
       |     ^
/Users/runner/work/PTVisionPro/PTVisionPro/build/deps/vma-src/include/vk_mem_alloc.h:16958:5: note: insert '_Nullable' if the pointer may be null
 16958 |     VkBuffer buffer,
       |     ^
       |              _Nullable
/Users/runner/work/PTVisionPro/PTVisionPro/build/deps/vma-src/include/vk_mem_alloc.h:16958:5: note: insert '_Nonnull' if the pointer should never be null
 16958 |     VkBuffer buffer,
       |     ^
       |              _Nonnull
/Users/runner/work/PTVisionPro/PTVisionPro/build/deps/vma-src/include/vk_mem_alloc.h:16959:5: warning: pointer is missing a nullability type specifier (_Nonnull, _Nullable, or _Null_unspecified) [-Wnullability-completeness]
 16959 |     VmaAllocation allocation)
       |     ^
/Users/runner/work/PTVisionPro/PTVisionPro/build/deps/vma-src/include/vk_mem_alloc.h:16959:5: note: insert '_Nullable' if the pointer may be null
 16959 |     VmaAllocation allocation)
       |     ^
       |                   _Nullable
/Users/runner/work/PTVisionPro/PTVisionPro/build/deps/vma-src/include/vk_mem_alloc.h:16959:5: note: insert '_Nonnull' if the pointer should never be null
 16959 |     VmaAllocation allocation)
       |     ^
       |                   _Nonnull
/Users/runner/work/PTVisionPro/PTVisionPro/build/deps/vma-src/include/vk_mem_alloc.h:16986:5: warning: pointer is missing a nullability type specifier (_Nonnull, _Nullable, or _Null_unspecified) [-Wnullability-completeness]
 16986 |     VmaAllocator allocator,
       |     ^
/Users/runner/work/PTVisionPro/PTVisionPro/build/deps/vma-src/include/vk_mem_alloc.h:16986:5: note: insert '_Nullable' if the pointer may be null
 16986 |     VmaAllocator allocator,
       |     ^
       |                  _Nullable
/Users/runner/work/PTVisionPro/PTVisionPro/build/deps/vma-src/include/vk_mem_alloc.h:16986:5: note: insert '_Nonnull' if the pointer should never be null
 16986 |     VmaAllocator allocator,
       |     ^
       |                  _Nonnull
/Users/runner/work/PTVisionPro/PTVisionPro/build/deps/vma-src/include/vk_mem_alloc.h:16987:28: warning: pointer is missing a nullability type specifier (_Nonnull, _Nullable, or _Null_unspecified) [-Wnullability-completeness]
 16987 |     const VkImageCreateInfo* pImageCreateInfo,
       |                            ^
/Users/runner/work/PTVisionPro/PTVisionPro/build/deps/vma-src/include/vk_mem_alloc.h:16987:28: note: insert '_Nullable' if the pointer may be null
 16987 |     const VkImageCreateInfo* pImageCreateInfo,
       |                            ^
       |                              _Nullable
/Users/runner/work/PTVisionPro/PTVisionPro/build/deps/vma-src/include/vk_mem_alloc.h:16987:28: note: insert '_Nonnull' if the pointer should never be null
 16987 |     const VkImageCreateInfo* pImageCreateInfo,
       |                            ^
       |                              _Nonnull
/Users/runner/work/PTVisionPro/PTVisionPro/build/deps/vma-src/include/vk_mem_alloc.h:16988:34: warning: pointer is missing a nullability type specifier (_Nonnull, _Nullable, or _Null_unspecified) [-Wnullability-completeness]
 16988 |     const VmaAllocationCreateInfo* pAllocationCreateInfo,
       |                                  ^
/Users/runner/work/PTVisionPro/PTVisionPro/build/deps/vma-src/include/vk_mem_alloc.h:16988:34: note: insert '_Nullable' if the pointer may be null
 16988 |     const VmaAllocationCreateInfo* pAllocationCreateInfo,
       |                                  ^
       |                                    _Nullable
/Users/runner/work/PTVisionPro/PTVisionPro/build/deps/vma-src/include/vk_mem_alloc.h:16988:34: note: insert '_Nonnull' if the pointer should never be null
 16988 |     const VmaAllocationCreateInfo* pAllocationCreateInfo,
       |                                  ^
       |                                    _Nonnull
/Users/runner/work/PTVisionPro/PTVisionPro/build/deps/vma-src/include/vk_mem_alloc.h:16989:5: warning: pointer is missing a nullability type specifier (_Nonnull, _Nullable, or _Null_unspecified) [-Wnullability-completeness]
 16989 |     VkImage* pImage,
       |     ^
/Users/runner/work/PTVisionPro/PTVisionPro/build/deps/vma-src/include/vk_mem_alloc.h:16989:5: note: insert '_Nullable' if the pointer may be null
 16989 |     VkImage* pImage,
       |     ^      
       |             _Nullable 
/Users/runner/work/PTVisionPro/PTVisionPro/build/deps/vma-src/include/vk_mem_alloc.h:16989:5: note: insert '_Nonnull' if the pointer should never be null
 16989 |     VkImage* pImage,
       |     ^      
       |             _Nonnull 
/Users/runner/work/PTVisionPro/PTVisionPro/build/deps/vma-src/include/vk_mem_alloc.h:16989:12: warning: pointer is missing a nullability type specifier (_Nonnull, _Nullable, or _Null_unspecified) [-Wnullability-completeness]
 16989 |     VkImage* pImage,
       |            ^
/Users/runner/work/PTVisionPro/PTVisionPro/build/deps/vma-src/include/vk_mem_alloc.h:16989:12: note: insert '_Nullable' if the pointer may be null
 16989 |     VkImage* pImage,
       |            ^
       |              _Nullable
/Users/runner/work/PTVisionPro/PTVisionPro/build/deps/vma-src/include/vk_mem_alloc.h:16989:12: note: insert '_Nonnull' if the pointer should never be null
 16989 |     VkImage* pImage,
       |            ^
       |              _Nonnull
/Users/runner/work/PTVisionPro/PTVisionPro/build/deps/vma-src/include/vk_mem_alloc.h:16990:5: warning: pointer is missing a nullability type specifier (_Nonnull, _Nullable, or _Null_unspecified) [-Wnullability-completeness]
 16990 |     VmaAllocation* pAllocation,
       |     ^
/Users/runner/work/PTVisionPro/PTVisionPro/build/deps/vma-src/include/vk_mem_alloc.h:16990:5: note: insert '_Nullable' if the pointer may be null
 16990 |     VmaAllocation* pAllocation,
       |     ^            
       |                   _Nullable 
/Users/runner/work/PTVisionPro/PTVisionPro/build/deps/vma-src/include/vk_mem_alloc.h:16990:5: note: insert '_Nonnull' if the pointer should never be null
 16990 |     VmaAllocation* pAllocation,
       |     ^            
       |                   _Nonnull 
/Users/runner/work/PTVisionPro/PTVisionPro/build/deps/vma-src/include/vk_mem_alloc.h:16990:18: warning: pointer is missing a nullability type specifier (_Nonnull, _Nullable, or _Null_unspecified) [-Wnullability-completeness]
 16990 |     VmaAllocation* pAllocation,
       |                  ^
/Users/runner/work/PTVisionPro/PTVisionPro/build/deps/vma-src/include/vk_mem_alloc.h:16990:18: note: insert '_Nullable' if the pointer may be null
 16990 |     VmaAllocation* pAllocation,
       |                  ^
       |                    _Nullable
/Users/runner/work/PTVisionPro/PTVisionPro/build/deps/vma-src/include/vk_mem_alloc.h:16990:18: note: insert '_Nonnull' if the pointer should never be null
 16990 |     VmaAllocation* pAllocation,
       |                  ^
       |                    _Nonnull
/Users/runner/work/PTVisionPro/PTVisionPro/build/deps/vma-src/include/vk_mem_alloc.h:16991:22: warning: pointer is missing a nullability type specifier (_Nonnull, _Nullable, or _Null_unspecified) [-Wnullability-completeness]
 16991 |     VmaAllocationInfo* pAllocationInfo)
       |                      ^
/Users/runner/work/PTVisionPro/PTVisionPro/build/deps/vma-src/include/vk_mem_alloc.h:16991:22: note: insert '_Nullable' if the pointer may be null
 16991 |     VmaAllocationInfo* pAllocationInfo)
       |                      ^
       |                        _Nullable
/Users/runner/work/PTVisionPro/PTVisionPro/build/deps/vma-src/include/vk_mem_alloc.h:16991:22: note: insert '_Nonnull' if the pointer should never be null
 16991 |     VmaAllocationInfo* pAllocationInfo)
       |                      ^
       |                        _Nonnull
/Users/runner/work/PTVisionPro/PTVisionPro/build/deps/vma-src/include/vk_mem_alloc.h:17005:5: warning: pointer is missing a nullability type specifier (_Nonnull, _Nullable, or _Null_unspecified) [-Wnullability-completeness]
 17005 |     VmaAllocator allocator,
       |     ^
/Users/runner/work/PTVisionPro/PTVisionPro/build/deps/vma-src/include/vk_mem_alloc.h:17005:5: note: insert '_Nullable' if the pointer may be null
 17005 |     VmaAllocator allocator,
       |     ^
       |                  _Nullable
/Users/runner/work/PTVisionPro/PTVisionPro/build/deps/vma-src/include/vk_mem_alloc.h:17005:5: note: insert '_Nonnull' if the pointer should never be null
 17005 |     VmaAllocator allocator,
       |     ^
       |                  _Nonnull
/Users/runner/work/PTVisionPro/PTVisionPro/build/deps/vma-src/include/vk_mem_alloc.h:17006:28: warning: pointer is missing a nullability type specifier (_Nonnull, _Nullable, or _Null_unspecified) [-Wnullability-completeness]
 17006 |     const VkImageCreateInfo* pImageCreateInfo,
       |                            ^
/Users/runner/work/PTVisionPro/PTVisionPro/build/deps/vma-src/include/vk_mem_alloc.h:17006:28: note: insert '_Nullable' if the pointer may be null
 17006 |     const VkImageCreateInfo* pImageCreateInfo,
       |                            ^
       |                              _Nullable
/Users/runner/work/PTVisionPro/PTVisionPro/build/deps/vma-src/include/vk_mem_alloc.h:17006:28: note: insert '_Nonnull' if the pointer should never be null
 17006 |     const VkImageCreateInfo* pImageCreateInfo,
       |                            ^
       |                              _Nonnull
/Users/runner/work/PTVisionPro/PTVisionPro/build/deps/vma-src/include/vk_mem_alloc.h:17007:34: warning: pointer is missing a nullability type specifier (_Nonnull, _Nullable, or _Null_unspecified) [-Wnullability-completeness]
 17007 |     const VmaAllocationCreateInfo* pAllocationCreateInfo,
       |                                  ^
/Users/runner/work/PTVisionPro/PTVisionPro/build/deps/vma-src/include/vk_mem_alloc.h:17007:34: note: insert '_Nullable' if the pointer may be null
 17007 |     const VmaAllocationCreateInfo* pAllocationCreateInfo,
       |                                  ^
       |                                    _Nullable
/Users/runner/work/PTVisionPro/PTVisionPro/build/deps/vma-src/include/vk_mem_alloc.h:17007:34: note: insert '_Nonnull' if the pointer should never be null
 17007 |     const VmaAllocationCreateInfo* pAllocationCreateInfo,
       |                                  ^
       |                                    _Nonnull
/Users/runner/work/PTVisionPro/PTVisionPro/build/deps/vma-src/include/vk_mem_alloc.h:17008:9: warning: pointer is missing a nullability type specifier (_Nonnull, _Nullable, or _Null_unspecified) [-Wnullability-completeness]
 17008 |     void* pMemoryAllocateNext,
       |         ^
/Users/runner/work/PTVisionPro/PTVisionPro/build/deps/vma-src/include/vk_mem_alloc.h:17008:9: note: insert '_Nullable' if the pointer may be null
 17008 |     void* pMemoryAllocateNext,
       |         ^
       |           _Nullable
/Users/runner/work/PTVisionPro/PTVisionPro/build/deps/vma-src/include/vk_mem_alloc.h:17008:9: note: insert '_Nonnull' if the pointer should never be null
 17008 |     void* pMemoryAllocateNext,
       |         ^
       |           _Nonnull
/Users/runner/work/PTVisionPro/PTVisionPro/build/deps/vma-src/include/vk_mem_alloc.h:17009:5: warning: pointer is missing a nullability type specifier (_Nonnull, _Nullable, or _Null_unspecified) [-Wnullability-completeness]
 17009 |     VkImage* pImage,
       |     ^
/Users/runner/work/PTVisionPro/PTVisionPro/build/deps/vma-src/include/vk_mem_alloc.h:17009:5: note: insert '_Nullable' if the pointer may be null
 17009 |     VkImage* pImage,
       |     ^      
       |             _Nullable 
/Users/runner/work/PTVisionPro/PTVisionPro/build/deps/vma-src/include/vk_mem_alloc.h:17009:5: note: insert '_Nonnull' if the pointer should never be null
 17009 |     VkImage* pImage,
       |     ^      
       |             _Nonnull 
/Users/runner/work/PTVisionPro/PTVisionPro/build/deps/vma-src/include/vk_mem_alloc.h:17009:12: warning: pointer is missing a nullability type specifier (_Nonnull, _Nullable, or _Null_unspecified) [-Wnullability-completeness]
 17009 |     VkImage* pImage,
       |            ^
/Users/runner/work/PTVisionPro/PTVisionPro/build/deps/vma-src/include/vk_mem_alloc.h:17009:12: note: insert '_Nullable' if the pointer may be null
 17009 |     VkImage* pImage,
       |            ^
       |              _Nullable
/Users/runner/work/PTVisionPro/PTVisionPro/build/deps/vma-src/include/vk_mem_alloc.h:17009:12: note: insert '_Nonnull' if the pointer should never be null
 17009 |     VkImage* pImage,
       |            ^
       |              _Nonnull
/Users/runner/work/PTVisionPro/PTVisionPro/build/deps/vma-src/include/vk_mem_alloc.h:17010:5: warning: pointer is missing a nullability type specifier (_Nonnull, _Nullable, or _Null_unspecified) [-Wnullability-completeness]
 17010 |     VmaAllocation* pAllocation,
       |     ^
/Users/runner/work/PTVisionPro/PTVisionPro/build/deps/vma-src/include/vk_mem_alloc.h:17010:5: note: insert '_Nullable' if the pointer may be null
 17010 |     VmaAllocation* pAllocation,
       |     ^            
       |                   _Nullable 
/Users/runner/work/PTVisionPro/PTVisionPro/build/deps/vma-src/include/vk_mem_alloc.h:17010:5: note: insert '_Nonnull' if the pointer should never be null
 17010 |     VmaAllocation* pAllocation,
       |     ^            
       |                   _Nonnull 
/Users/runner/work/PTVisionPro/PTVisionPro/build/deps/vma-src/include/vk_mem_alloc.h:17010:18: warning: pointer is missing a nullability type specifier (_Nonnull, _Nullable, or _Null_unspecified) [-Wnullability-completeness]
 17010 |     VmaAllocation* pAllocation,
       |                  ^
/Users/runner/work/PTVisionPro/PTVisionPro/build/deps/vma-src/include/vk_mem_alloc.h:17010:18: note: insert '_Nullable' if the pointer may be null
 17010 |     VmaAllocation* pAllocation,
       |                  ^
       |                    _Nullable
/Users/runner/work/PTVisionPro/PTVisionPro/build/deps/vma-src/include/vk_mem_alloc.h:17010:18: note: insert '_Nonnull' if the pointer should never be null
 17010 |     VmaAllocation* pAllocation,
       |                  ^
       |                    _Nonnull
/Users/runner/work/PTVisionPro/PTVisionPro/build/deps/vma-src/include/vk_mem_alloc.h:17011:22: warning: pointer is missing a nullability type specifier (_Nonnull, _Nullable, or _Null_unspecified) [-Wnullability-completeness]
 17011 |     VmaAllocationInfo* pAllocationInfo)
       |                      ^
/Users/runner/work/PTVisionPro/PTVisionPro/build/deps/vma-src/include/vk_mem_alloc.h:17011:22: note: insert '_Nullable' if the pointer may be null
 17011 |     VmaAllocationInfo* pAllocationInfo)
       |                      ^
       |                        _Nullable
/Users/runner/work/PTVisionPro/PTVisionPro/build/deps/vma-src/include/vk_mem_alloc.h:17011:22: note: insert '_Nonnull' if the pointer should never be null
 17011 |     VmaAllocationInfo* pAllocationInfo)
       |                      ^
       |                        _Nonnull
901 warnings generated.
[403/546] Building CXX object CMakeFiles/pt_engine.dir/src/engine/render/vk_context.cpp.o
[404/546] Building CXX object CMakeFiles/pt_engine.dir/src/engine/script/lua_vm.cpp.o
[405/546] Building CXX object CMakeFiles/pt_engine.dir/src/engine/script/mod_lua.cpp.o
[406/546] Building CXX object CMakeFiles/pt_engine.dir/src/engine/ui/asset_browser.cpp.o
[407/546] Building CXX object CMakeFiles/pt_engine.dir/src/engine/ui/text_layout.cpp.o
[408/546] Building CXX object CMakeFiles/pt_engine.dir/src/engine/ui/ffnt.cpp.o
[409/546] Building CXX object CMakeFiles/pt_engine.dir/src/engine/ui/lang_file.cpp.o
[410/546] Building CXX object CMakeFiles/pt_engine.dir/src/engine/ui/ui_batch.cpp.o
[411/546] Building CXX object CMakeFiles/pt_engine.dir/src/engine/ui/uia.cpp.o
[412/546] Building CXX object CMakeFiles/pt_engine.dir/src/engine/ui/uigb.cpp.o
[413/546] Building CXX object CMakeFiles/pt_engine.dir/src/engine/ui/uif.cpp.o
[414/546] Building CXX object CMakeFiles/pt_engine.dir/src/engine/ui/uilb.cpp.o
[415/546] Building CXX object CMakeFiles/pt_engine.dir/src/engine/ui/unicode_font.cpp.o
[416/546] Building CXX object CMakeFiles/pt_engine.dir/src/engine/ui/unicode_font_harfbuzz.cpp.o
[417/546] Building CXX object CMakeFiles/pt_engine.dir/src/engine/vfx/vfx_file.cpp.o
[418/546] Building CXX object CMakeFiles/pt_engine.dir/src/engine/vfx/vfx_effect.cpp.o
[419/546] Building CXX object CMakeFiles/pt_engine.dir/src/engine/vfx/vfx_schema.cpp.o
[420/546] Building CXX object CMakeFiles/pt_engine.dir/src/engine/vfx/vfx_lensflare.cpp.o
[421/546] Building CXX object CMakeFiles/pt_engine.dir/src/engine/voice/microphone.cpp.o
[422/546] Building CXX object CMakeFiles/pt_engine.dir/src/engine/xr/xr_host.cpp.o
[423/546] Building CXX object CMakeFiles/pt_engine.dir/src/engine/voice/voice_recognizer.cpp.o
[424/546] Building CXX object CMakeFiles/pt_engine.dir/src/game/archive.cpp.o
[425/546] Building CXX object CMakeFiles/pt_engine.dir/src/engine/vfx/vfx_system.cpp.o
[426/546] Building CXX object CMakeFiles/pt_engine.dir/src/game/demo_stream.cpp.o
[427/546] Building CXX object CMakeFiles/pt_engine.dir/src/game/debug_panel.cpp.o
[428/546] Building CXX object CMakeFiles/pt_engine.dir/src/game/archive_theater.cpp.o
[429/546] Building CXX object CMakeFiles/pt_engine.dir/src/game/floor_level.cpp.o
[430/546] Building CXX object CMakeFiles/pt_engine.dir/src/game/game_controller.cpp.o
[431/546] Building CXX object CMakeFiles/pt_engine.dir/src/game/demo_system.cpp.o
[432/546] Building CXX object CMakeFiles/pt_engine.dir/src/game/game.cpp.o
[433/546] Building CXX object CMakeFiles/pt_engine.dir/src/game/game_plus_arm.cpp.o
[434/546] Building CXX object CMakeFiles/pt_engine.dir/src/game/game_objects.cpp.o
[435/546] Building CXX object CMakeFiles/pt_engine.dir/src/game/game_sound.cpp.o
[436/546] Building CXX object CMakeFiles/pt_engine.dir/src/game/gimmick_animation.cpp.o
[437/546] Building CXX object CMakeFiles/pt_engine.dir/src/game/lua_entity.cpp.o
[438/546] Building CXX object CMakeFiles/pt_engine.dir/src/game/input_script.cpp.o
[439/546] Building CXX object CMakeFiles/pt_engine.dir/src/game/message_system.cpp.o
[440/546] Building CXX object CMakeFiles/pt_engine.dir/src/game/nazo.cpp.o
[441/546] Building CXX object CMakeFiles/pt_engine.dir/src/game/parameters.cpp.o
[442/546] Building CXX object CMakeFiles/pt_engine.dir/src/game/player.cpp.o
[443/546] Building CXX object CMakeFiles/pt_engine.dir/src/game/player_animation.cpp.o
[444/546] Building CXX object CMakeFiles/pt_engine.dir/src/game/prompt_textures.cpp.o
[445/546] Building CXX object CMakeFiles/pt_engine.dir/src/game/save_data.cpp.o
[446/546] Building CXX object CMakeFiles/pt_engine.dir/src/game/screen_effects.cpp.o
[447/546] Building CXX object CMakeFiles/pt_engine.dir/src/game/script_api.cpp.o
[448/546] Building CXX object CMakeFiles/pt_engine.dir/src/game/render_scene.cpp.o
[449/546] Building CXX object CMakeFiles/pt_engine.dir/src/game/script_bindings.cpp.o
[450/546] Building CXX object CMakeFiles/pt_engine.dir/src/game/speedrun.cpp.o
[451/546] Building CXX object CMakeFiles/pt_engine.dir/src/game/script_host.cpp.o
[452/546] Building CXX object CMakeFiles/pt_engine.dir/src/game/stage_data.cpp.o
[453/546] Building CXX object CMakeFiles/pt_engine.dir/src/game/trap_system.cpp.o
[454/546] Building CXX object CMakeFiles/pt_engine.dir/src/game/stage_manager.cpp.o
[455/546] Building CXX object CMakeFiles/pt_engine.dir/src/game/ui/archive_view.cpp.o
[456/546] Building CXX object CMakeFiles/pt_engine.dir/src/game/ui/demo_ui.cpp.o
[457/546] Building CXX object CMakeFiles/pt_engine.dir/src/game/ui/pc_settings.cpp.o
[458/546] Building CXX object CMakeFiles/pt_engine.dir/src/game/ui/options_menu.cpp.o
[459/546] Building CXX object CMakeFiles/pt_engine.dir/src/game/ui/game_ui.cpp.o
[460/546] Building CXX object CMakeFiles/pt_engine.dir/src/game/ui/port_credits.cpp.o
[461/546] Building CXX object CMakeFiles/pt_engine.dir/src/game/ui/pc_settings_page.cpp.o
[462/546] Building CXX object CMakeFiles/pt_engine.dir/src/game/ui/photo_panel.cpp.o
[463/546] Building CXX object CMakeFiles/pt_engine.dir/src/game/ui/save_icon.cpp.o
[464/546] Building CXX object CMakeFiles/pt_engine.dir/src/game/ui/subliminal.cpp.o
[465/546] Building CXX object CMakeFiles/pt_engine.dir/src/game/ui/subtitle_player.cpp.o
[466/546] Building CXX object CMakeFiles/pt_engine.dir/src/game/ui/ui_assets.cpp.o
[467/546] Building CXX object CMakeFiles/pt_engine.dir/src/game/ui/uia_player.cpp.o
[468/546] Building CXX object CMakeFiles/pt_engine.dir/src/game/ui/ui_icons.cpp.o
[469/546] Building CXX object CMakeFiles/pt_engine.dir/src/game/ui/uif_view.cpp.o
[470/546] Building OBJC object CMakeFiles/pt_engine.dir/src/engine/platform/apple_host.m.o
[471/546] cd /Users/runner/work/PTVisionPro/PTVisionPro/build/visionos && /opt/homebrew/bin/cmake -DOUT=/Users/runner/work/PTVisionPro/PTVisionPro/build/visionos/generated/build_id.h -DSOURCE=/Users/runner/work/PTVisionPro/PTVisionPro/build/port-src -P /Users/runner/work/PTVisionPro/PTVisionPro/build/port-src/cmake/build_id.cmake
[472/546] Generating shaders/banding.frag.spv
[473/546] Generating shaders/bright.frag.spv
[474/546] Generating shaders/compose.frag.spv
[475/546] Generating shaders/composite.frag.spv
[476/546] Generating shaders/debug.frag.spv
[477/546] Generating shaders/dof_blend.frag.spv
[478/546] Generating shaders/dof_blur.frag.spv
[479/546] Generating shaders/dof_down.frag.spv
[480/546] Generating shaders/dof_ratio.frag.spv
[481/546] Generating shaders/forward.frag.spv
[482/546] Building CXX object CMakeFiles/pt_engine.dir/src/game/vr_play.cpp.o
[483/546] Generating shaders/fullscreen.vert.spv
[484/546] Generating shaders/fsblur.frag.spv
[485/546] Generating shaders/gaussian.frag.spv
[486/546] Generating shaders/fxaa.frag.spv
[487/546] Generating shaders/kawase.frag.spv
[488/546] Generating shaders/gbuffer.frag.spv
[489/546] Generating shaders/kawase_sum.frag.spv
[490/546] Generating shaders/light.frag.spv
[491/546] Generating shaders/light_all.frag.spv
[492/546] Generating shaders/light_contact.frag.spv
[493/546] Generating shaders/light_rt.frag.spv
[494/546] Building CXX object CMakeFiles/pt_engine.dir/src/game/vfx_scene.cpp.o
[495/546] Generating shaders/luminance.comp.spv
[496/546] Generating shaders/mb_bake.frag.spv
[497/546] Generating shaders/mb_composite.frag.spv
[498/546] Generating shaders/mb_mcguire.frag.spv
[499/546] Generating shaders/mb_tile.frag.spv
[500/546] Generating shaders/mb_velocity.frag.spv
[501/546] Generating shaders/mesh.vert.spv
[502/546] Generating shaders/mirror_temporal.frag.spv
[503/546] Generating shaders/probe.frag.spv
[504/546] Generating shaders/probe_ao.frag.spv
[505/546] Generating shaders/probe_resolve.frag.spv
[506/546] Generating shaders/reflect_blend.frag.spv
[507/546] Generating shaders/reflect_blend_rt.frag.spv
[508/546] Generating shaders/reflect_colour.comp.spv
[509/546] Generating shaders/reflect_layer.frag.spv
[510/546] Generating shaders/reflect_layer_rt.frag.spv
[511/546] Generating shaders/reflect_make.frag.spv
[512/546] Generating shaders/reflect_temporal.frag.spv
[513/546] Generating shaders/reflect_make_rt.frag.spv
[514/546] Generating shaders/rt_ao.comp.spv
[515/546] Generating shaders/rt_skin.comp.spv
[516/546] Generating shaders/screen_fx.frag.spv
[517/546] Generating shaders/rt_ao_filter.comp.spv
[518/546] Generating shaders/shadow.frag.spv
[519/546] Generating shaders/shadow.vert.spv
[520/546] Generating shaders/ssao.frag.spv
[521/546] Generating shaders/ssao_blur.frag.spv
[522/546] Generating shaders/subsurface.frag.spv
[523/546] Generating shaders/tonemap.frag.spv
[524/546] Generating shaders/ui_sprite.frag.spv
[525/546] Generating shaders/ui_sprite.vert.spv
[526/546] Generating shaders/upscale_demod.frag.spv
[527/546] Generating shaders/upscale_motion.frag.spv
[528/546] Generating shaders/upscale_reactive.frag.spv
[529/546] Generating shaders/upscale_resolve.frag.spv
[530/546] Generating shaders/upscale_velocity.frag.spv
[531/546] Generating shaders/upscale_velocity.vert.spv
[532/546] Generating shaders/velocity.frag.spv
[533/546] Generating shaders/velocity.vert.spv
[534/546] Generating shaders/vfx_composite.frag.spv
[535/546] Generating shaders/vfx_particle.vert.spv
[536/546] Generating shaders/vfx_particle.frag.spv
[537/546] Generating shaders/volume.vert.spv
[538/546] Generating shaders/xr_copy.frag.spv
[539/546] Generating shaders/xr_depth.frag.spv
[540/546] Linking CXX static library /Users/runner/work/PTVisionPro/PTVisionPro/build/deps/whisper-build/src/libwhisper.a
[541/546] Linking CXX static library libpt_engine.a
[542/546] Building OBJCXX object CMakeFiles/pt_visionos.dir/Users/runner/work/PTVisionPro/PTVisionPro/visionos/core/metalfx_upscaler.mm.o
FAILED: [code=1] CMakeFiles/pt_visionos.dir/Users/runner/work/PTVisionPro/PTVisionPro/visionos/core/metalfx_upscaler.mm.o 
/usr/bin/clang++ -DGGML_USE_CPU -DGLM_FORCE_DEPTH_ZERO_TO_ONE -DGLM_FORCE_RADIANS -DIMGUI_IMPL_VULKAN_USE_VOLK -DNOMINMAX -DPT_APPLE=1 -DPT_FONT_DIR=\"/Users/runner/work/PTVisionPro/PTVisionPro/build/port-src/assets/fonts\" -DPT_GAMEPLUS=0 -DPT_IOS=1 -DPT_NATIVE_BUILD=\"43\" -DPT_NETWORK_UPDATES=0 -DPT_SHADER_DIR=\"/Users/runner/work/PTVisionPro/PTVisionPro/build/visionos/shaders\" -DPT_STATIC_WHISPER=1 -DPT_VISIONOS=1 -DPT_VOICE_MODEL_DIR=\"/Users/runner/work/PTVisionPro/PTVisionPro/build/voice\" -DSDL_MAIN_HANDLED=1 -DVK_NO_PROTOTYPES -DVK_USE_PLATFORM_METAL_EXT -DVOLK_NAMESPACE -DWIN32_LEAN_AND_MEAN -D_DARWIN_C_SOURCE -I/Users/runner/work/PTVisionPro/PTVisionPro/visionos/App/Bridge -I/Users/runner/work/PTVisionPro/PTVisionPro/visionos/core -I/Users/runner/work/PTVisionPro/PTVisionPro/build/visionos/generated -I/Users/runner/work/PTVisionPro/PTVisionPro/build/port-src/src -I/Users/runner/work/PTVisionPro/PTVisionPro/build/deps/volk-src -I/Users/runner/work/PTVisionPro/PTVisionPro/build/deps/vma-src/include -I/Users/runner/work/PTVisionPro/PTVisionPro/build/deps/glm-src -I/Users/runner/work/PTVisionPro/PTVisionPro/build/deps/imgui-src -I/Users/runner/work/PTVisionPro/PTVisionPro/build/deps/imgui-src/backends -I/Users/runner/work/PTVisionPro/PTVisionPro/build/deps/lua51-src/src -I/Users/runner/work/PTVisionPro/PTVisionPro/build/deps/stb-src -I/Users/runner/work/PTVisionPro/PTVisionPro/build/deps/sdl3-build/include-revision -I/Users/runner/work/PTVisionPro/PTVisionPro/build/deps/sdl3-src/include -I/Users/runner/work/PTVisionPro/PTVisionPro/build/deps/zlib-build -I/Users/runner/work/PTVisionPro/PTVisionPro/build/deps/zlib-src -I/Users/runner/work/PTVisionPro/PTVisionPro/build/deps/bc7enc-src -I/Users/runner/work/PTVisionPro/PTVisionPro/build/deps/harfbuzz-src/src -I/Users/runner/work/PTVisionPro/PTVisionPro/build/deps/ogg-src/include -I/Users/runner/work/PTVisionPro/PTVisionPro/build/deps/vorbis-src/include -I/Users/runner/work/PTVisionPro/PTVisionPro/build/visionos/generated/ogg-config -I/Users/runner/work/PTVisionPro/PTVisionPro/build/deps/whisper-src/src/. -I/Users/runner/work/PTVisionPro/PTVisionPro/build/deps/whisper-src/src/../include -I/Users/runner/work/PTVisionPro/PTVisionPro/build/deps/whisper-src/ggml/src/../include -isystem /Users/runner/work/PTVisionPro/PTVisionPro/build/moltenvk/Package/Release/MoltenVK/include -x objective-c++ -O3 -DNDEBUG -std=gnu++2a -arch arm64 -isysroot /Applications/Xcode_26.6.app/Contents/Developer/Platforms/XROS.platform/Developer/SDKs/XROS26.5.sdk --target=arm64-apple-xros26.0 -fobjc-arc -MD -MT CMakeFiles/pt_visionos.dir/Users/runner/work/PTVisionPro/PTVisionPro/visionos/core/metalfx_upscaler.mm.o -MF CMakeFiles/pt_visionos.dir/Users/runner/work/PTVisionPro/PTVisionPro/visionos/core/metalfx_upscaler.mm.o.d -o CMakeFiles/pt_visionos.dir/Users/runner/work/PTVisionPro/PTVisionPro/visionos/core/metalfx_upscaler.mm.o -c /Users/runner/work/PTVisionPro/PTVisionPro/visionos/core/metalfx_upscaler.mm
/Users/runner/work/PTVisionPro/PTVisionPro/visionos/core/metalfx_upscaler.mm:76:8: error: 'MTLFXTemporalScaler' is unavailable: not available on visionOS
   76 |     id<MTLFXTemporalScaler> scaler = (__bridge id<MTLFXTemporalScaler>)d.scaler;
      |        ^
/Applications/Xcode_26.6.app/Contents/Developer/Platforms/XROS.platform/Developer/SDKs/XROS26.5.sdk/System/Library/Frameworks/MetalFX.framework/Headers/MTLFXTemporalScaler.h:337:11: note: 'MTLFXTemporalScaler' has been explicitly marked unavailable here
  337 | @protocol MTLFXTemporalScaler <MTLFXTemporalScalerBase>
      |           ^
/Users/runner/work/PTVisionPro/PTVisionPro/visionos/core/metalfx_upscaler.mm:76:51: error: 'MTLFXTemporalScaler' is unavailable: not available on visionOS
   76 |     id<MTLFXTemporalScaler> scaler = (__bridge id<MTLFXTemporalScaler>)d.scaler;
      |                                                   ^
/Applications/Xcode_26.6.app/Contents/Developer/Platforms/XROS.platform/Developer/SDKs/XROS26.5.sdk/System/Library/Frameworks/MetalFX.framework/Headers/MTLFXTemporalScaler.h:337:11: note: 'MTLFXTemporalScaler' has been explicitly marked unavailable here
  337 | @protocol MTLFXTemporalScaler <MTLFXTemporalScalerBase>
      |           ^
/Users/runner/work/PTVisionPro/PTVisionPro/visionos/core/metalfx_upscaler.mm:248:8: error: 'MTLFXTemporalScaler' is unavailable: not available on visionOS
  248 |     id<MTLFXTemporalScaler> scalers_[kHistories];
      |        ^
/Applications/Xcode_26.6.app/Contents/Developer/Platforms/XROS.platform/Developer/SDKs/XROS26.5.sdk/System/Library/Frameworks/MetalFX.framework/Headers/MTLFXTemporalScaler.h:337:11: note: 'MTLFXTemporalScaler' has been explicitly marked unavailable here
  337 | @protocol MTLFXTemporalScaler <MTLFXTemporalScalerBase>
      |           ^
/Users/runner/work/PTVisionPro/PTVisionPro/visionos/core/metalfx_upscaler.mm:123:15: error: 'MTLFXTemporalScalerDescriptor' is unavailable: not available on visionOS
  123 |         if (![MTLFXTemporalScalerDescriptor supportsDevice:device_]) {
      |               ^
/Applications/Xcode_26.6.app/Contents/Developer/Platforms/XROS.platform/Developer/SDKs/XROS26.5.sdk/System/Library/Frameworks/MetalFX.framework/Headers/MTLFXTemporalScaler.h:20:12: note: 'MTLFXTemporalScalerDescriptor' has been explicitly marked unavailable here
   20 | @interface MTLFXTemporalScalerDescriptor : NSObject <NSCopying>
      |            ^
/Users/runner/work/PTVisionPro/PTVisionPro/visionos/core/metalfx_upscaler.mm:140:14: error: 'MTLFXTemporalScalerDescriptor' is unavailable: not available on visionOS
  140 |         if ([MTLFXTemporalScalerDescriptor respondsToSelector:@selector(supportedInputContentMinScaleForDevice:)]) {
      |              ^
/Applications/Xcode_26.6.app/Contents/Developer/Platforms/XROS.platform/Developer/SDKs/XROS26.5.sdk/System/Library/Frameworks/MetalFX.framework/Headers/MTLFXTemporalScaler.h:20:12: note: 'MTLFXTemporalScalerDescriptor' has been explicitly marked unavailable here
   20 | @interface MTLFXTemporalScalerDescriptor : NSObject <NSCopying>
      |            ^
/Users/runner/work/PTVisionPro/PTVisionPro/visionos/core/metalfx_upscaler.mm:141:31: error: 'MTLFXTemporalScalerDescriptor' is unavailable: not available on visionOS
  141 |             const float lo = [MTLFXTemporalScalerDescriptor supportedInputContentMinScaleForDevice:device_];
      |                               ^
/Applications/Xcode_26.6.app/Contents/Developer/Platforms/XROS.platform/Developer/SDKs/XROS26.5.sdk/System/Library/Frameworks/MetalFX.framework/Headers/MTLFXTemporalScaler.h:20:12: note: 'MTLFXTemporalScalerDescriptor' has been explicitly marked unavailable here
   20 | @interface MTLFXTemporalScalerDescriptor : NSObject <NSCopying>
      |            ^
/Users/runner/work/PTVisionPro/PTVisionPro/visionos/core/metalfx_upscaler.mm:142:31: error: 'MTLFXTemporalScalerDescriptor' is unavailable: not available on visionOS
  142 |             const float hi = [MTLFXTemporalScalerDescriptor supportedInputContentMaxScaleForDevice:device_];
      |                               ^
/Applications/Xcode_26.6.app/Contents/Developer/Platforms/XROS.platform/Developer/SDKs/XROS26.5.sdk/System/Library/Frameworks/MetalFX.framework/Headers/MTLFXTemporalScaler.h:20:12: note: 'MTLFXTemporalScalerDescriptor' has been explicitly marked unavailable here
   20 | @interface MTLFXTemporalScalerDescriptor : NSObject <NSCopying>
      |            ^
/Users/runner/work/PTVisionPro/PTVisionPro/visionos/core/metalfx_upscaler.mm:167:13: error: 'MTLFXTemporalScalerDescriptor' is unavailable: not available on visionOS
  167 |             MTLFXTemporalScalerDescriptor* desc = [MTLFXTemporalScalerDescriptor new];
      |             ^
/Applications/Xcode_26.6.app/Contents/Developer/Platforms/XROS.platform/Developer/SDKs/XROS26.5.sdk/System/Library/Frameworks/MetalFX.framework/Headers/MTLFXTemporalScaler.h:20:12: note: 'MTLFXTemporalScalerDescriptor' has been explicitly marked unavailable here
   20 | @interface MTLFXTemporalScalerDescriptor : NSObject <NSCopying>
      |            ^
/Users/runner/work/PTVisionPro/PTVisionPro/visionos/core/metalfx_upscaler.mm:167:52: error: 'MTLFXTemporalScalerDescriptor' is unavailable: not available on visionOS
  167 |             MTLFXTemporalScalerDescriptor* desc = [MTLFXTemporalScalerDescriptor new];
      |                                                    ^
/Applications/Xcode_26.6.app/Contents/Developer/Platforms/XROS.platform/Developer/SDKs/XROS26.5.sdk/System/Library/Frameworks/MetalFX.framework/Headers/MTLFXTemporalScaler.h:20:12: note: 'MTLFXTemporalScalerDescriptor' has been explicitly marked unavailable here
   20 | @interface MTLFXTemporalScalerDescriptor : NSObject <NSCopying>
      |            ^
/Users/runner/work/PTVisionPro/PTVisionPro/visionos/core/metalfx_upscaler.mm:182:16: error: 'MTLFXTemporalScaler' is unavailable: not available on visionOS
  182 |             id<MTLFXTemporalScaler> scaler = [desc newTemporalScalerWithDevice:device_];
      |                ^
/Applications/Xcode_26.6.app/Contents/Developer/Platforms/XROS.platform/Developer/SDKs/XROS26.5.sdk/System/Library/Frameworks/MetalFX.framework/Headers/MTLFXTemporalScaler.h:337:11: note: 'MTLFXTemporalScaler' has been explicitly marked unavailable here
  337 | @protocol MTLFXTemporalScaler <MTLFXTemporalScalerBase>
      |           ^
10 errors generated.
[543/546] Building OBJCXX object CMakeFiles/pt_visionos.dir/Users/runner/work/PTVisionPro/PTVisionPro/visionos/core/xr_host_visionos.mm.o
[544/546] Building CXX object CMakeFiles/pt_visionos.dir/src/main.cpp.o
/Users/runner/work/PTVisionPro/PTVisionPro/build/port-src/src/main.cpp:512:68: warning: 'u8path<std::string, 0>' is deprecated [-Wdeprecated-declarations]
  512 |             if (!line.empty()) files.emplace_back(std::filesystem::u8path(line));
      |                                                                    ^
/Applications/Xcode_26.6.app/Contents/Developer/Platforms/XROS.platform/Developer/SDKs/XROS26.5.sdk/usr/include/c++/v1/__filesystem/u8path.h:73:23: note: 'u8path<std::string, 0>' has been explicitly marked deprecated here
   73 | _LIBCPP_HIDE_FROM_ABI _LIBCPP_DEPRECATED_WITH_CHAR8_T path u8path(const _Source& __s) {
      |                       ^
/Applications/Xcode_26.6.app/Contents/Developer/Platforms/XROS.platform/Developer/SDKs/XROS26.5.sdk/usr/include/c++/v1/__config:607:45: note: expanded from macro '_LIBCPP_DEPRECATED_WITH_CHAR8_T'
  607 | #    define _LIBCPP_DEPRECATED_WITH_CHAR8_T _LIBCPP_DEPRECATED
      |                                             ^
/Applications/Xcode_26.6.app/Contents/Developer/Platforms/XROS.platform/Developer/SDKs/XROS26.5.sdk/usr/include/c++/v1/__config:554:49: note: expanded from macro '_LIBCPP_DEPRECATED'
  554 | #      define _LIBCPP_DEPRECATED __attribute__((__deprecated__))
      |                                                 ^
1 warning generated.
ninja: build stopped: subcommand failed.
